",""num_police"",""cout_sin"""
1,104,1221
2,95620,3057
3,44253,1382
4,74361,1255
5,54405,1983
6,72621,1644
7,40546,4115
8,27165,3435
9,38391,1721
10,59670,1566
11,24735,2334
12,59637,2961
13,91302,1606
14,38628,3002
15,30567,2365
16,8380,2945
17,58822,2485
18,99955,2355
19,87242,2536
20,46061,2308
21,84296,1865
22,11896,3164
23,57937,2696
24,75570,2848
25,9460,3293
26,80390,6307
27,40240,3600
28,62100,2609
29,81642,3910
30,33511,2295
31,16592,1841
32,97211,2170
33,26832,3953
34,3325,1289
35,15262,1223
36,36973,3595
37,85685,2414
38,8864,1817
39,8273,2859
40,10046,1214
41,41410,1731
42,48012,2126
43,99730,1694
44,94768,1572
45,66692,1502
46,87542,3084
47,5960,1879
48,54322,1480
49,74889,3284
50,379,2300
51,79722,1272
52,3237,2587
53,16047,1567
54,32265,3416
55,49504,3875
56,35414,1464
57,85218,1411
58,66597,2458
59,6881,4034
60,90552,2808
61,9027,2041
62,97467,1486
63,19278,2912
64,19794,1951
65,75264,1626
66,24099,1330
67,71394,1300
68,58568,2312
69,70640,3152
70,26196,1553
71,80862,1458
72,98361,2855
73,66343,1354
74,66237,3170
75,88467,1335
76,54449,2046
77,65168,1972
78,22741,1251
79,70555,1277
80,75937,3728
81,80960,1218
82,18275,2485
83,42551,2289
84,58371,2778
85,43673,1967
86,30573,2451
87,96302,4119
88,13133,1503
89,81379,1664
90,32260,2650
91,62890,1739
92,66448,1361
93,8331,2393
94,99447,1621
95,35761,2032
96,8720,2419
97,52342,6591
98,65208,2633
99,6113,2221
100,79153,3601
101,38528,1750
102,8917,2364
103,55773,1354
104,53313,1339
105,74033,1546
106,6475,2910
107,37008,3554
108,16179,5050
109,30158,2052
110,42938,2550
111,96128,1744
112,11680,1828
113,46163,2125
114,66718,1552
115,16936,2726
116,91148,4726
117,93902,1477
118,36886,1546
119,81041,1309
120,88714,2958
121,36266,1800
122,35129,2183
123,54205,2672
124,52644,1727
125,29980,1777
126,43704,2346
127,97516,1476
128,83181,2212
129,80155,4149
130,81166,1535
131,74062,2856
132,55685,1974
133,12560,2160
134,1257,2613
135,46922,1374
136,20412,2402
137,49916,1299
138,14721,2933
139,66236,1289
140,92280,2706
141,56348,1543
142,53825,1807
143,23703,1409
144,70942,2719
145,82404,2992
146,80820,2876
147,92129,2193
148,87463,1635
149,81632,1727
150,22689,2158
151,30707,2119
152,8814,1482
153,40282,1215
154,34417,1570
155,76407,1413
156,39064,2693
157,16533,1813
158,56268,3285
159,37403,1458
160,31523,3413
161,67570,3141
162,39301,4597
163,5315,1926
164,76876,1954
165,11336,2427
166,58687,3036
167,75779,1617
168,40672,1229
169,77301,2888
170,60456,1991
171,68945,1805
172,48041,1943
173,52564,2648
174,31268,3173
175,94053,1834
176,14300,3440
177,86273,1652
178,74777,1676
179,9492,2684
180,51768,2148
181,97149,2579
182,71704,1552
183,30899,1564
184,52102,2448
185,89116,1462
186,40329,2367
187,17757,2990
188,9176,1397
189,95964,1993
190,14291,5195
191,58463,2471
192,43172,2430
193,24492,1936
194,50638,1840
195,32632,2682
196,27289,1862
197,84004,1702
198,89447,1423
199,62348,1982
200,37700,1860
201,56758,1267
202,63170,1285
203,60791,1227
204,51800,2575
205,71209,1945
206,47056,1482
207,40453,3004
208,52915,2760
209,28019,2847
210,98802,1515
211,88097,1351
212,49425,1242
213,15339,1300
214,78718,1329
215,19049,2440
216,18674,1818
217,1769,1408
218,31758,1282
219,70511,2058
220,98602,1267
221,38677,1277
222,81346,1929
223,19784,1488
224,53543,1224
225,79693,1396
226,96838,1426
227,15748,1696
228,30575,4741
229,88491,2057
230,81615,2026
231,85290,2430
232,91664,3894
233,54738,1865
234,36204,2514
235,28270,1596
236,9412,1830
237,40461,1272
238,91571,3113
239,59047,1375
240,89174,2253
241,73297,1445
242,95869,2327
243,27671,5328
244,33233,1254
245,89559,2768
246,31363,1340
247,64375,2880
248,59159,1635
249,16121,3262
250,6162,4668
251,26024,1848
252,62576,3403
253,84321,1244
254,86617,3955
255,61310,3147
256,78200,2259
257,71860,2280
258,68590,2608
259,71397,1806
260,53500,2100
261,37781,2316
262,22812,1829
263,71227,2008
264,94078,1663
265,15025,1883
266,57526,1600
267,29940,2332
268,70236,1420
269,79037,2097
270,34569,2678
271,89694,1230
272,13921,2065
273,47931,3693
274,37465,2790
275,83214,1207
276,26829,2428
277,75219,2320
278,64387,2293
279,94712,3642
280,64595,1710
281,68338,2155
282,45865,2101
283,3101,1771
284,45219,2218
285,51076,1932
286,52659,1345
287,94367,1359
288,68637,3599
289,89459,2141
290,10927,3382
291,62231,3020
292,28420,3785
293,91958,2789
294,70036,1841
295,94861,2730
296,41881,2082
297,16856,1756
298,90689,1375
299,66520,2626
300,34057,1301
301,4289,2505
302,6117,1964
303,54516,2632
304,33865,2530
305,23716,1811
306,95473,1598
307,60093,2957
308,89541,1857
309,87540,3490
310,31187,2757
311,36511,2257
312,27291,1752
313,65783,1413
314,81839,2327
315,7271,1905
316,49496,1417
317,29101,4129
318,83269,9836
319,64476,2052
320,23635,2003
321,21743,2598
322,93690,1495
323,57088,2837
324,29611,2654
325,16166,1252
326,17447,2630
327,66591,1371
328,19850,7166
329,62878,1723
330,91766,2647
331,16236,3676
332,69844,1967
333,28167,1330
334,2031,3049
335,21942,1234
336,4185,1701
337,25501,1722
338,66969,2319
339,7242,2600
340,5028,2622
341,6052,2770
342,45287,2419
343,34297,1889
344,97565,1527
345,81236,2603
346,64499,1536
347,98793,1546
348,64668,2632
349,33862,1427
350,83053,1624
351,99169,1720
352,55144,1340
353,38405,1492
354,64776,2469
355,18239,4794
356,1559,3231
357,47638,3263
358,938,3114
359,57748,2894
360,30382,1334
361,78276,2293
362,80179,1765
363,43001,3210
364,21372,2061
365,33129,2063
366,910,1889
367,49070,2047
368,19247,1770
369,72576,3065
370,65638,1626
371,1823,2025
372,10234,2424
373,72024,1295
374,68489,2127
375,41166,1380
376,69858,2371
377,37442,2057
378,70324,1592
379,79353,1942
380,40488,2008
381,4754,1306
382,71781,5427
383,76726,1283
384,93412,2826
385,18902,1634
386,96388,2052
387,59355,2467
388,85887,6306
389,28559,1619
390,52979,6564
391,56311,2061
392,45221,4318
393,73423,1566
394,16101,1787
395,64546,1726
396,70581,1693
397,9117,1386
398,32485,1783
399,50278,2222
400,76156,1604
401,94346,2536
402,67630,2536
403,53962,2076
404,53306,1629
405,99705,2372
406,58857,1605
407,9464,1267
408,7724,1375
409,22352,2144
410,23211,2532
411,72025,1569
412,33820,2077
413,24936,2630
414,3043,2833
415,74430,2366
416,32049,1238
417,209,4867
418,67157,2534
419,66905,3026
420,80770,2325
421,96569,2549
422,11380,2193
423,67141,2092
424,71523,1246
425,62392,1792
426,77052,1636
427,54680,1911
428,86889,2457
429,46379,2157
430,56713,2691
431,10867,2087
432,30803,1392
433,33562,1716
434,56405,1245
435,89459,1294
436,27138,1918
437,76078,2972
438,79037,1347
439,17032,1377
440,90448,1264
441,73087,2568
442,15831,1879
443,57749,2633
444,33533,1260
445,34052,3170
446,87061,2336
447,94301,1851
448,98242,2661
449,20368,2676
450,95673,1974
451,16370,1833
452,52895,4152
453,28270,2410
454,37610,1728
455,82731,1372
456,85831,1387
457,39491,1325
458,37181,1689
459,25109,2648
460,46037,1834
461,84613,1211
462,9567,1619
463,84009,2777
464,87685,5362
465,43790,1769
466,61661,1764
467,3633,1346
468,10282,1874
469,74838,1781
470,75027,2021
471,53071,1599
472,77071,1556
473,52952,2878
474,64730,1446
475,16080,1498
476,75717,2449
477,23531,2015
478,54368,2067
479,34584,1208
480,27021,1756
481,33043,1280
482,56148,2435
483,71617,1539
484,43578,1453
485,22501,1364
486,4586,2063
487,77246,1214
488,65553,4922
489,35449,1364
490,49020,3135
491,52483,2059
492,39498,1790
493,68323,1980
494,33806,2251
495,3331,2634
496,63883,1512
497,44785,1789
498,70774,2614
499,79425,2074
500,68287,2151
501,34159,1699
502,78782,1254
503,97435,2934
504,90934,1739
505,61917,1637
506,89276,2296
507,12976,1641
508,22085,1792
509,9422,1639
510,97195,1495
511,17845,1915
512,25872,2257
513,97834,2416
514,21032,1525
515,52334,2029
516,56662,1282
517,57982,3481
518,52078,1964
519,19550,1408
520,65227,1200
521,62120,1630
522,92602,1586
523,93311,2635
524,18342,1768
525,15344,2088
526,16550,6248
527,2147,2769
528,5865,1651
529,79630,1450
530,64261,4071
531,58088,2492
532,90944,1918
533,29870,3164
534,57454,2090
535,10872,1724
536,20603,1241
537,70631,7406
538,85900,1224
539,20556,2641
540,81722,1358
541,10285,2469
542,82404,2586
543,83527,1372
544,57576,2209
545,55441,1259
546,30117,1446
547,26820,1895
548,77205,1895
549,50968,1973
550,23193,2237
551,65913,3028
552,72895,3103
553,7822,2190
554,83376,2332
555,70192,2459
556,71169,2181
557,52094,1741
558,78594,1329
559,56795,1660
560,11454,3173
561,21185,1718
562,82735,2409
563,46859,2094
564,11112,2067
565,36509,2290
566,44509,1450
567,1756,1771
568,96458,1578
569,32538,1830
570,9668,1227
571,71848,1888
572,80477,1229
573,69724,2061
574,85728,2372
575,1784,2533
576,33868,1378
577,84963,1834
578,17454,1396
579,15214,2857
580,55683,1580
581,65613,2643
582,99496,1941
583,57794,2116
584,48249,1291
585,69267,1640
586,15940,1325
587,56700,2610
588,9690,1731
589,2379,1987
590,79999,2048
591,2437,1864
592,84457,3080
593,95108,3177
594,29539,1496
595,89396,3350
596,35447,1604
597,82975,1838
598,51002,1695
599,71972,1329
600,63272,1744
601,36518,1615
602,1928,1550
603,34785,2992
604,91515,2104
605,26872,1682
606,58705,2380
607,37551,1349
608,20001,5354
609,19643,1965
610,71091,2116
611,38195,1619
612,15947,1597
613,75148,1408
614,66190,4158
615,28380,1236
616,63144,2955
617,31039,1862
618,24574,2173
619,81650,3632
620,26982,1334
621,48705,3033
622,68672,2229
623,75670,2426
624,51663,1573
625,4509,3470
626,9088,1773
627,5568,1751
628,17261,5028
629,72971,1681
630,61716,1955
631,87481,1249
632,54633,2426
633,98461,2467
634,78721,2587
635,56171,3214
636,49203,1705
637,58729,1489
638,21475,1923
639,35995,1527
640,60923,1960
641,82089,2078
642,74182,1482
643,82598,2026
644,78041,1733
645,39567,1237
646,43632,3076
647,88530,3728
648,97815,1245
649,93063,2448
650,75462,2071
651,11783,2294
652,92436,2883
653,34263,1549
654,97926,2265
655,40270,1987
656,92714,1706
657,89401,2414
658,61087,2014
659,6275,4465
660,89713,1836
661,81687,1698
662,68641,1890
663,31823,2862
664,56408,2769
665,78499,1714
666,34757,2222
667,7324,2922
668,42149,2608
669,53800,2780
670,79796,1434
671,58133,1298
672,24623,1647
673,18699,1321
674,22298,1422
675,69500,2446
676,85787,1245
677,40368,1287
678,17216,1460
679,54416,1591
680,12901,1719
681,89811,1649
682,56404,1415
683,32469,2212
684,75398,3742
685,70700,1360
686,18440,2071
687,90113,1573
688,91446,1354
689,18400,1483
690,66357,1806
691,28257,2553
692,39912,2078
693,35963,3604
694,80769,1842
695,58395,1337
696,85806,1366
697,16634,1875
698,44020,1936
699,55308,2498
700,21056,2268
701,43595,3143
702,30627,2913
703,33551,2384
704,25230,1934
705,78805,1202
706,72191,2060
707,3883,2713
708,26512,1928
709,36471,1930
710,28854,1315
711,51422,1255
712,722,1937
713,45099,1241
714,81046,1409
715,26510,2291
716,9073,1210
717,35373,1429
718,97249,3070
719,98029,1476
720,7876,1881
721,43931,1948
722,6749,3797
723,70890,2589
724,73464,4156
725,60834,4003
726,10764,4063
727,35436,1601
728,93298,2936
729,29921,1995
730,12511,2355
731,25350,1247
732,5290,2936
733,49472,1419
734,60939,1336
735,97553,4401
736,53554,1324
737,97791,3022
738,84220,1757
739,1836,2512
740,90982,1462
741,43726,1920
742,9166,2101
743,79123,3099
744,16029,2110
745,90416,1643
746,52251,1879
747,8591,1588
748,85713,1328
749,9123,1595
750,83453,1349
751,27692,1709
752,23429,2409
753,88712,1665
754,76545,2843
755,98350,2381
756,86188,1726
757,7942,1538
758,38620,5376
759,70098,1562
760,92361,2510
761,15210,1743
762,68699,1204
763,85424,1883
764,76592,2594
765,98558,1421
766,64261,1623
767,84788,3184
768,64231,2841
769,51714,1481
770,25400,4977
771,45263,2619
772,76383,1470
773,90599,2712
774,70134,2431
775,8540,2563
776,63202,2728
777,75143,3232
778,37872,1747
779,92548,1772
780,97799,1455
781,92502,4218
782,15272,1335
783,64990,3837
784,58040,1203
785,16636,1335
786,79378,1637
787,27166,2861
788,83080,3106
789,11835,1412
790,15563,2538
791,80395,2571
792,88611,2129
793,91230,2675
794,38007,1439
795,69632,2300
796,65999,3390
797,93808,1722
798,73294,3381
799,85286,2508
800,90850,1601
801,17062,2970
802,10519,1450
803,8034,1493
804,72962,2071
805,21489,1374
806,99485,2705
807,6604,1274
808,10477,1868
809,70617,1654
810,79017,3118
811,14681,2469
812,38263,1597
813,25675,1933
814,85760,1638
815,6649,2065
816,47603,2573
817,96492,1682
818,30505,2179
819,62540,1663
820,53130,1363
821,99475,2077
822,19225,2172
823,4151,1589
824,73856,1404
825,7515,3525
826,3747,1575
827,18629,2230
828,36247,1492
829,10494,2039
830,29829,2487
831,12549,1318
832,42169,2661
833,38715,1418
834,47745,1678
835,49779,1846
836,63753,3017
837,1151,1392
838,36790,2212
839,62326,1751
840,42103,1710
841,82599,3153
842,75551,1746
843,55221,1202
844,63469,2293
845,36626,2409
846,70159,1838
847,5522,1203
848,88385,1882
849,59169,3047
850,66450,3601
851,15624,1582
852,58497,1381
853,27578,1212
854,58857,1511
855,21900,1972
856,12801,1766
857,80997,4011
858,42110,1908
859,66275,2931
860,54824,2173
861,75876,1370
862,93509,1989
863,80613,1450
864,93041,1767
865,54193,2703
866,31118,1212
867,56300,2322
868,53473,1964
869,15979,1422
870,66120,1261
871,36370,2224
872,48218,2194
873,15821,1698
874,95729,1507
875,14009,1205
876,54385,1912
877,75834,1885
878,75920,1844
879,22345,1475
880,20380,2284
881,64535,1397
882,53097,1967
883,15262,1757
884,33796,1550
885,1757,2391
886,83726,3680
887,67229,2925
888,39251,1660
889,95959,1762
890,32607,1297
891,1209,3373
892,3829,2034
893,84386,2895
894,99544,1488
895,35041,1228
896,83261,1493
897,57495,1657
898,36082,2099
899,39384,1234
900,79182,1284
901,984,3255
902,96375,2214
903,76393,1316
904,61364,1296
905,83706,2747
906,72719,1728
907,43578,2292
908,62497,1587
909,98098,1383
910,63110,2324
911,29672,3249
912,93303,4597
913,20366,1503
914,41452,1218
915,93941,1411
916,17994,1402
917,20193,2358
918,22215,1431
919,2287,3419
920,65851,1245
921,84970,2354
922,54864,1753
923,73164,3363
924,40413,1620
925,90056,1308
926,67785,1417
927,7531,2215
928,64457,2966
929,37238,3344
930,27242,1212
931,22350,3044
932,4532,2414
933,29190,2193
934,76198,1228
935,95979,2484
936,12824,1647
937,39847,1735
938,76615,4749
939,16073,3368
940,69567,2451
941,72735,1216
942,65786,2189
943,83842,2020
944,274,2336
945,39288,2688
946,23051,1217
947,22217,4440
948,58145,2054
949,39315,2689
950,53717,4054
951,99249,1380
952,62455,4484
953,59836,2176
954,71672,2774
955,7942,5885
956,26559,1788
957,36254,1407
958,24377,1367
959,14930,4214
960,22186,2323
961,60579,1858
962,47293,1867
963,60002,1751
964,81232,1951
965,59453,2305
966,37507,1665
967,61156,3544
968,39300,1338
969,59372,1620
970,41008,2090
971,92329,2748
972,96602,1591
973,50781,1536
974,20854,1263
975,37340,2193
976,16945,1403
977,24387,1759
978,86904,2484
979,85861,1500
980,45588,3058
981,80674,1908
982,46402,1399
983,98557,1378
984,62136,2189
985,35773,4279
986,38492,1666
987,42860,1819
988,84522,1534
989,17235,2322
990,32601,2527
991,83076,3057
992,43894,1259
993,42312,2122
994,88328,2344
995,14853,1818
996,41792,1202
997,22314,2940
998,77814,2497
999,35619,1738
1000,7318,2603
1001,22648,1711
1002,69362,2072
1003,3357,3000
1004,55771,4591
1005,38642,2679
1006,97446,2030
1007,97038,2333
1008,48687,1720
1009,48512,2549
1010,42744,1201
1011,97482,1804
1012,68070,1216
1013,24787,9635
1014,93377,1605
1015,80678,3766
1016,36397,3996
1017,85731,2065
1018,61635,3088
1019,56786,3065
1020,11818,1594
1021,89507,2001
1022,6479,1824
1023,76604,1340
1024,48835,3335
1025,54013,1642
1026,2467,1571
1027,79432,1244
1028,44855,1438
1029,47675,2530
1030,16708,1585
1031,7718,2789
1032,14502,1334
1033,84989,2259
1034,35639,1977
1035,86043,1790
1036,32864,1897
1037,67134,1639
1038,96711,1742
1039,41146,2741
1040,53672,2265
1041,49902,4471
1042,96299,1448
1043,663,1863
1044,90110,3064
1045,19194,3719
1046,5832,2322
1047,79361,1374
1048,73685,2166
1049,83901,3954
1050,51662,1839
1051,31816,1754
1052,10207,1584
1053,92696,2211
1054,50106,3887
1055,94420,2172
1056,72936,1584
1057,51810,1445
1058,58355,2918
1059,53299,3051
1060,11586,3109
1061,83217,2838
1062,18881,2252
1063,15834,1791
1064,36027,1575
1065,65328,1207
1066,86602,2375
1067,5057,4462
1068,93227,1323
1069,71968,2503
1070,38765,2189
1071,95798,2776
1072,61797,3075
1073,64168,3430
1074,98819,2744
1075,71921,2045
1076,39028,1831
1077,39154,1596
1078,50987,2175
1079,89344,1824
1080,30716,1385
1081,20577,1438
1082,99906,1827
1083,11772,1301
1084,2925,3171
1085,95437,2627
1086,58981,1906
1087,6441,3645
1088,66260,1751
1089,19336,1329
1090,71536,2003
1091,82816,2176
1092,37770,1301
1093,90884,2036
1094,76393,2730
1095,80729,1891
1096,51194,1524
1097,29261,1372
1098,98220,2117
1099,24294,1289
1100,21155,2440
1101,76367,1895
1102,50700,1327
1103,97371,4605
1104,59886,1483
1105,70740,1538
1106,10040,1756
1107,6387,2133
1108,96964,5323
1109,65049,2031
1110,42636,2352
1111,90032,3115
1112,23837,2709
1113,12126,2083
1114,95006,1964
1115,67172,1741
1116,85909,2468
1117,98070,1931
1118,47464,2398
1119,16575,2827
1120,73986,3735
1121,62601,1754
1122,79168,1823
1123,4822,2401
1124,97283,2242
1125,18237,1993
1126,13864,1258
1127,81613,3361
1128,56679,1251
1129,71064,3621
1130,70182,2717
1131,34103,3281
1132,46520,1402
1133,10434,2662
1134,48493,2302
1135,8842,3057
1136,6253,3132
1137,50840,1298
1138,80539,2234
1139,19426,2175
1140,50777,3694
1141,93994,2611
1142,19669,2606
1143,38247,1862
1144,81852,1312
1145,29627,2250
1146,94643,6071
1147,15523,2268
1148,27811,1247
1149,51966,3295
1150,68300,4214
1151,80800,1595
1152,16009,1480
1153,5491,2134
1154,52343,3740
1155,2067,2901
1156,84337,1685
1157,54274,1903
1158,77417,1861
1159,67803,1202
1160,24918,2077
1161,27196,2023
1162,45149,2117
1163,65885,2239
1164,79232,1800
1165,70838,1674
1166,54352,1277
1167,51925,3414
1168,56365,2331
1169,66573,3587
1170,30137,1286
1171,35837,3553
1172,5192,2063
1173,51875,1435
1174,59538,3139
1175,11428,2436
1176,54090,1491
1177,13586,1244
1178,55656,1681
1179,37171,1994
1180,88222,1612
1181,54546,4547
1182,38376,1674
1183,93021,1441
1184,55557,1280
1185,53002,1395
1186,30116,4201
1187,40080,3649
1188,2598,1432
1189,37985,17080
1190,18537,1545
1191,29834,1767
1192,21387,2690
1193,11866,2900
1194,1564,1738
1195,98705,2569
1196,93413,2889
1197,38103,1219
1198,77735,1744
1199,86864,1270
1200,31361,1572
1201,31225,3159
1202,31020,4698
1203,94588,2043
1204,45780,2008
1205,13193,1453
1206,67442,1594
1207,36482,2679
1208,353,5132
1209,6983,2459
1210,69126,1497
1211,85384,1427
1212,25976,1577
1213,23179,2082
1214,17371,2273
1215,6711,2123
1216,73974,1216
1217,99491,1754
1218,19563,1689
1219,36123,7431
1220,47219,2981
1221,21468,1455
1222,46188,1830
1223,45866,2147
1224,68063,1260
1225,47021,3781
1226,78502,2374
1227,65927,1604
1228,56817,1528
1229,98527,1599
1230,91465,2300
1231,91210,3267
1232,3394,2500
1233,58898,1821
1234,29637,2425
1235,1919,2815
1236,11868,1405
1237,76316,4403
1238,93392,2488
1239,23107,1883
1240,87274,1586
1241,81755,1232
1242,63300,1381
1243,27546,2134
1244,69153,2742
1245,75520,2831
1246,80348,2044
1247,96434,2241
1248,65191,3393
1249,16456,2396
1250,93698,1677
1251,19413,1209
1252,41222,1271
1253,45599,1393
1254,26642,1646
1255,81727,2573
1256,24723,3519
1257,59768,1381
1258,94215,1808
1259,69486,2657
1260,8397,2013
1261,76966,2105
1262,90825,1363
1263,30607,1628
1264,16148,1422
1265,11146,2612
1266,12315,1342
1267,76282,1234
1268,22221,2089
1269,93228,1252
1270,57298,1937
1271,86914,2565
1272,75735,1686
1273,6204,3400
1274,28462,3945
1275,43899,2215
1276,57761,1877
1277,90060,1495
1278,28640,2302
1279,30830,2840
1280,73982,1830
1281,40103,1262
1282,27766,3229
1283,14907,2578
1284,3716,1903
1285,49708,1657
1286,54078,1275
1287,80734,3611
1288,49907,1450
1289,97798,1481
1290,11470,1226
1291,77141,1902
1292,82705,1402
1293,57333,2613
1294,50562,1311
1295,65695,2814
1296,20736,1318
1297,49960,1271
1298,21703,1726
1299,98392,5040
1300,5366,1803
1301,5071,1789
1302,98091,1699
1303,40638,1559
1304,85240,2612
1305,63555,1813
1306,30667,2392
1307,30156,3661
1308,87071,2233
1309,16090,2245
1310,51643,1974
1311,82619,2314
1312,75728,1945
1313,9194,1718
1314,43180,2996
1315,20661,2398
1316,48012,1290
1317,62045,1595
1318,771,1879
1319,1136,2170
1320,13670,1466
1321,93553,1295
1322,46405,1769
1323,12962,1938
1324,67228,8353
1325,46014,1873
1326,55306,2502
1327,2742,1913
1328,82296,1316
1329,47733,3267
1330,95996,1244
1331,41420,1325
1332,5788,1344
1333,43482,2982
1334,94935,3868
1335,82809,1686
1336,71866,6600
1337,99027,3972
1338,79709,1955
1339,94175,1421
1340,27877,1240
1341,46172,3244
1342,57282,2692
1343,51741,1907
1344,4949,1455
1345,51002,3447
1346,54825,3438
1347,16380,2462
1348,71832,3191
1349,65813,1680
1350,27603,2573
1351,95328,3247
1352,58100,2686
1353,34003,3187
1354,90988,2260
1355,304,1246
1356,88026,1812
1357,13209,1250
1358,8201,1358
1359,93755,1405
1360,9384,2386
1361,92002,2731
1362,73719,1612
1363,1409,1485
1364,96132,1951
1365,67685,2440
1366,30917,1275
1367,84782,2512
1368,91353,2015
1369,69713,3061
1370,17636,2523
1371,81575,1294
1372,63428,2696
1373,53487,2183
1374,42803,1493
1375,38497,1232
1376,67534,5026
1377,81419,1839
1378,8032,1348
1379,46093,2447
1380,72436,1375
1381,60041,1401
1382,71908,2128
1383,75591,1326
1384,42569,2700
1385,99180,1212
1386,86155,1302
1387,98575,1491
1388,14686,1418
1389,11007,3102
1390,34140,2542
1391,24240,2915
1392,48719,2430
1393,93455,1349
1394,84156,2389
1395,43605,1788
1396,45154,2565
1397,99312,2385
1398,11108,1818
1399,94917,1718
1400,98661,3201
1401,32123,3032
1402,33844,1275
1403,44314,3340
1404,63691,3118
1405,51679,2340
1406,92373,1846
1407,90255,2189
1408,90515,2953
1409,41174,1294
1410,97308,1296
1411,93400,1267
1412,75799,2105
1413,71855,1529
1414,13370,2987
1415,65488,1961
1416,33117,1422
1417,77557,1910
1418,26452,2585
1419,99307,3300
1420,13634,1886
1421,83504,2215
1422,3336,2259
1423,88323,1513
1424,34375,1394
1425,21422,2000
1426,34637,1579
1427,99743,2361
1428,69472,1856
1429,70485,1232
1430,2711,1268
1431,8547,3129
1432,21682,1802
1433,21407,2956
1434,81203,1752
1435,51833,1474
1436,24095,3162
1437,265,2095
1438,29410,2232
1439,47496,1610
1440,20663,1919
1441,46299,1395
1442,42588,2719
1443,66176,1337
1444,16231,1598
1445,44995,1781
1446,15665,1465
1447,8151,3463
1448,58949,2171
1449,73850,3914
1450,59126,2676
1451,59625,2191
1452,92108,2796
1453,4304,1470
1454,86537,1911
1455,13650,2527
1456,81132,2217
1457,15081,2292
1458,89943,1826
1459,82893,1613
1460,12817,1932
1461,70559,1900
1462,8507,2596
1463,8623,2261
1464,7440,4275
1465,99170,1847
1466,32411,1942
1467,54120,2018
1468,80998,1688
1469,63761,2458
1470,66669,2475
1471,36649,1574
1472,2184,2079
1473,30511,2184
1474,33110,3477
1475,61532,5863
1476,86892,1762
1477,91826,1680
1478,59926,1215
1479,94332,2461
1480,17411,1295
1481,5427,2210
1482,29866,2594
1483,87805,1426
1484,49707,3404
1485,95905,2083
1486,10997,3405
1487,52011,1708
1488,24462,4376
1489,92871,2554
1490,81294,1347
1491,81356,2615
1492,96365,2733
1493,84200,3043
1494,64478,1431
1495,57851,2769
1496,45105,1349
1497,51250,2641
1498,10830,2925
1499,3537,4259
1500,99446,5391
1501,2234,2260
1502,78680,1419
1503,90651,1551
1504,11498,3251
1505,71941,1574
1506,62769,2107
1507,36726,3414
1508,80557,1479
1509,46257,1880
1510,50905,1449
1511,48789,1454
1512,97347,2900
1513,51556,2111
1514,9566,1672
1515,75963,1778
1516,48874,1625
1517,90159,2534
1518,55384,1841
1519,45669,1462
1520,58001,1211
1521,80973,3034
1522,84903,1928
1523,31045,2700
1524,57745,2381
1525,23343,1693
1526,36067,2837
1527,12901,1760
1528,36543,2827
1529,87489,2620
1530,32397,2026
1531,28473,1281
1532,85163,1801
1533,12060,2437
1534,47916,2236
1535,54402,2864
1536,23091,1374
1537,82785,3278
1538,66743,1930
1539,57268,4153
1540,30329,2554
1541,36562,2568
1542,55831,1531
1543,67706,3353
1544,95652,1511
1545,92356,2952
1546,63877,1543
1547,72451,2594
1548,54532,1696
1549,71426,2128
1550,41325,1473
1551,20082,1204
1552,86019,2627
1553,38657,1356
1554,39908,1564
1555,6642,1451
1556,38638,1543
1557,6818,5994
1558,15272,1310
1559,38717,1642
1560,23046,2342
1561,27718,1250
1562,84843,2551
1563,54732,2088
1564,82902,4254
1565,85253,2120
1566,35579,1231
1567,75144,2318
1568,50221,1890
1569,78755,1943
1570,75514,2502
1571,21177,2155
1572,59583,2299
1573,5224,2058
1574,85490,1424
1575,99756,1232
1576,26301,1438
1577,52001,3627
1578,63470,1556
1579,60284,2030
1580,29797,1441
1581,71736,1334
1582,8104,1649
1583,4708,2108
1584,4205,2425
1585,15617,1947
1586,96752,1569
1587,25417,1428
1588,71310,4052
1589,28877,1569
1590,53701,1741
1591,64146,1224
1592,23782,1606
1593,45073,3959
1594,97174,3088
1595,12366,2781
1596,88754,1604
1597,83514,1423
1598,65159,2273
1599,3175,1796
1600,11389,1440
1601,17275,2172
1602,36063,1821
1603,87957,3289
1604,83075,1879
1605,32734,2399
1606,51772,1844
1607,60328,2057
1608,84702,2567
1609,67203,2712
1610,27940,1709
1611,2373,3290
1612,48973,1453
1613,77601,2118
1614,26520,1493
1615,71055,3500
1616,2291,1780
1617,27124,2184
1618,49126,1328
1619,89981,2633
1620,42354,2929
1621,22799,2038
1622,28603,2334
1623,35353,4825
1624,26051,1735
1625,72289,2126
1626,34089,1789
1627,22542,1483
1628,16608,2538
1629,3801,1415
1630,14739,1657
1631,92128,1283
1632,27934,4191
1633,69067,1719
1634,94336,2486
1635,65228,2193
1636,38953,1509
1637,75719,1860
1638,44962,3385
1639,13602,2256
1640,8596,2575
1641,98221,2084
1642,54202,1452
1643,50087,1370
1644,74239,1881
1645,11582,2297
1646,34102,1658
1647,10934,1841
1648,59277,4067
1649,20567,2432
1650,67123,2382
1651,31726,2451
1652,28308,1245
1653,69961,2445
1654,58087,2874
1655,6467,1714
1656,10260,1311
1657,94533,2190
1658,17205,3512
1659,77469,2447
1660,37755,2285
1661,62670,2606
1662,24031,2286
1663,25286,3592
1664,75900,1989
1665,41485,1968
1666,38628,1989
1667,12889,1578
1668,19332,1574
1669,30197,1765
1670,26552,2255
1671,10537,1348
1672,86109,2034
1673,23441,1305
1674,62018,2845
1675,9459,1716
1676,29014,2500
1677,12787,2231
1678,29800,2421
1679,35399,3189
1680,41386,3138
1681,4379,1583
1682,2663,1814
1683,79221,1360
1684,46605,1300
1685,91267,3613
1686,40470,3025
1687,36663,1301
1688,7046,2519
1689,79599,1287
1690,89954,3935
1691,68443,1737
1692,12716,1495
1693,41767,2312
1694,54643,1248
1695,57909,2272
1696,44415,1208
1697,51226,1369
1698,89708,1263
1699,82493,1983
1700,70891,3249
1701,4517,1744
1702,46980,1730
1703,58163,1528
1704,55157,1263
1705,31290,3861
1706,95644,1228
1707,88842,2420
1708,10971,2612
1709,33109,1384
1710,62891,1763
1711,87437,1692
1712,99624,1641
1713,97838,1441
1714,3010,1245
1715,40593,1538
1716,62111,1717
1717,18279,1884
1718,19988,1468
1719,72879,1498
1720,68567,3370
1721,11126,3438
1722,25857,1811
1723,22078,1710
1724,89239,3929
1725,44521,2347
1726,55586,2574
1727,91654,1586
1728,89197,2128
1729,24604,4329
1730,43410,1536
1731,39302,1261
1732,56523,1946
1733,70482,1800
1734,46028,2314
1735,39000,1922
1736,24339,2261
1737,89065,4971
1738,11185,3140
1739,20877,2509
1740,64749,1955
1741,35014,1243
1742,57844,1767
1743,60503,1872
1744,32125,2231
1745,56130,1535
1746,93406,1540
1747,60931,2589
1748,44240,1434
1749,65981,2175
1750,43698,3584
1751,68282,2393
1752,6125,1585
1753,76706,2598
1754,22153,2292
1755,409,1703
1756,1075,6545
1757,67242,1491
1758,37250,2537
1759,47293,1680
1760,96248,1940
1761,78115,2583
1762,52576,2437
1763,49731,2515
1764,15334,1842
1765,824,2589
1766,57435,1446
1767,24919,1536
1768,73364,1657
1769,72516,2214
1770,75719,1334
1771,43274,3416
1772,19789,1219
1773,93283,1927
1774,24194,3523
1775,29920,1364
1776,86769,2565
1777,47258,1993
1778,72338,4179
1779,43843,1543
1780,26897,1284
1781,41660,1256
1782,58759,2452
1783,11088,2490
1784,8402,7022
1785,68413,1342
1786,17940,1313
1787,12773,1709
1788,91939,2028
1789,61500,1378
1790,46318,1424
1791,23153,1811
1792,62203,2119
1793,52560,1677
1794,47988,2111
1795,70629,2078
1796,12989,2369
1797,49271,2554
1798,38884,2740
1799,71945,2197
1800,30025,1625
1801,69562,2623
1802,40052,1790
1803,28501,1342
1804,8104,4257
1805,20630,4372
1806,95536,1884
1807,56006,1633
1808,85999,1852
1809,32101,1271
1810,84224,1257
1811,54867,1201
1812,26764,3265
1813,74499,1291
1814,23954,2087
1815,72084,2630
1816,30107,2116
1817,40019,2597
1818,19052,2885
1819,76432,2963
1820,20337,1701
1821,10007,2525
1822,10243,2773
1823,40222,1533
1824,43006,1756
1825,55309,2525
1826,93066,1515
1827,88834,2749
1828,89497,2268
1829,86206,3203
1830,94838,3448
1831,26184,3120
1832,3604,1712
1833,98467,1681
1834,90426,1430
1835,43281,3024
1836,85137,1253
1837,29344,2275
1838,35467,2284
1839,44973,2958
1840,41693,2035
1841,11482,1241
1842,80023,1437
1843,34308,1205
1844,40095,2629
1845,50561,2250
1846,64292,2333
1847,65840,2331
1848,72193,2833
1849,87609,2330
1850,35325,2702
1851,26504,1404
1852,11873,2627
1853,25051,1655
1854,81170,5211
1855,48346,2701
1856,17168,1682
1857,38607,3501
1858,55413,2094
1859,75106,1495
1860,38054,1722
1861,156,2407
1862,97998,2389
1863,62299,1809
1864,99112,2348
1865,71355,1632
1866,29239,2062
1867,95264,1294
1868,53219,2614
1869,12246,2123
1870,50971,1806
1871,20178,2767
1872,88452,1769
1873,64012,2325
1874,61217,1350
1875,95442,2342
1876,5899,2938
1877,77144,1269
1878,1315,1946
1879,83829,1605
1880,37230,3532
1881,10002,2670
1882,21247,1935
1883,27081,4337
1884,55672,1866
1885,91557,3340
1886,45135,2036
1887,95211,2093
1888,50811,2868
1889,69133,1655
1890,53488,1497
1891,97164,2478
1892,63708,1344
1893,16134,1774
1894,21213,3482
1895,71695,2260
1896,40931,2889
1897,87391,5079
1898,74107,1411
1899,54805,1576
1900,82397,1588
1901,86851,1218
1902,49035,1238
1903,67069,1241
1904,48562,1557
1905,95930,1895
1906,97015,2178
1907,66955,2179
1908,49597,1799
1909,47323,7888
1910,90817,1575
1911,19338,1343
1912,2351,2246
1913,78661,5934
1914,42666,2329
1915,1926,3020
1916,33460,2527
1917,28954,3060
1918,67441,1361
1919,24860,2001
1920,28242,1834
1921,76183,1836
1922,55131,2618
1923,64018,1950
1924,33279,1709
1925,91033,1758
1926,45442,2580
1927,26358,1486
1928,48599,2603
1929,18424,1827
1930,36845,5475
1931,32747,2198
1932,31329,2147
1933,81551,2117
1934,49778,1871
1935,25918,1225
1936,99666,2936
1937,83790,1222
1938,27556,1220
1939,52185,1931
1940,41158,2172
1941,59817,2366
1942,6591,1809
1943,69785,1362
1944,54057,2923
1945,49262,1550
1946,10792,1888
1947,67737,2036
1948,24880,1833
1949,46917,1675
1950,2758,3294
1951,34380,3217
1952,55399,2244
1953,87939,2899
1954,56728,2569
1955,4219,1565
1956,51189,1926
1957,60857,2290
1958,42825,2087
1959,17962,1498
1960,49751,2035
1961,97851,1394
1962,73426,2201
1963,33619,1841
1964,29771,2282
1965,48348,2113
1966,40533,1628
1967,82647,2975
1968,30824,2013
1969,43281,1313
1970,50086,2834
1971,96786,1455
1972,25453,1247
1973,7479,1370
1974,40962,3167
1975,76898,1317
1976,26934,3744
1977,40474,3273
1978,72411,1288
1979,50105,1304
1980,22551,2349
1981,22175,1517
1982,97292,2624
1983,55965,1741
1984,77788,1755
1985,61051,4271
1986,61236,1258
1987,12998,1493
1988,14342,2167
1989,38292,3396
1990,9935,1363
1991,67936,1579
1992,70543,1295
1993,92847,1844
1994,54773,1479
1995,97473,1954
1996,46113,2634
1997,91616,2750
1998,87301,5711
1999,40050,1404
2000,77827,3362
2001,41642,2850
2002,65539,2526
2003,67970,2305
2004,11687,2151
2005,32137,1573
2006,13656,1252
2007,64149,1834
2008,86839,1451
2009,72063,1928
2010,71376,2077
2011,60125,2008
2012,60472,2155
2013,42396,1217
2014,79712,2176
2015,14363,2419
2016,8958,1470
2017,90559,2358
2018,82138,1275
2019,27995,1381
2020,14283,1288
2021,63821,2398
2022,98481,5000
2023,16020,2656
2024,59190,1280
2025,91133,1730
2026,8993,5960
2027,42146,2393
2028,73068,1395
2029,756,1539
2030,50260,2434
2031,14740,1485
2032,7936,1347
2033,25474,6628
2034,36284,2139
2035,29133,3596
2036,65130,2852
2037,17382,1878
2038,72408,1250
2039,18469,3410
2040,5490,2403
2041,71136,1786
2042,55662,1242
2043,77305,1314
2044,48034,2922
2045,61775,1556
2046,88996,3379
2047,76231,2690
2048,46547,1311
2049,76757,3275
2050,69263,1685
2051,22584,1663
2052,73657,1458
2053,10641,2762
2054,98964,1985
2055,21957,2034
2056,97026,1442
2057,5920,1476
2058,1234,1696
2059,4014,2485
2060,58862,2371
2061,88070,1596
2062,61742,2334
2063,9547,1265
2064,74094,1556
2065,44292,1631
2066,54792,2093
2067,14753,2866
2068,18117,2287
2069,63817,1400
2070,81776,1654
2071,47761,1532
2072,53624,2511
2073,42283,1901
2074,4361,1434
2075,86963,1703
2076,39147,2157
2077,12730,3266
2078,44103,1700
2079,57766,1631
2080,49793,1704
2081,18108,2575
2082,48367,2204
2083,55365,2870
2084,79464,5323
2085,57166,1927
2086,85430,1703
2087,14668,2005
2088,67894,3426
2089,46905,1899
2090,57906,4267
2091,68958,2141
2092,72877,3590
2093,74693,6542
2094,88467,1868
2095,58677,1398
2096,39548,2358
2097,89008,1272
2098,68591,1390
2099,76532,2192
2100,13615,3337
2101,37533,2258
2102,33065,2552
2103,30022,1973
2104,99408,2084
2105,87879,1685
2106,13209,1515
2107,56821,2244
2108,43878,1654
2109,10881,1218
2110,33467,1884
2111,74717,8186
2112,61795,1247
2113,44097,2168
2114,24942,1438
2115,46448,1561
2116,8668,2827
2117,70872,1540
2118,35971,2330
2119,32313,1549
2120,72345,3391
2121,20661,1822
2122,79349,2435
2123,60703,1810
2124,94373,1643
2125,89588,2441
2126,23443,2352
2127,97313,2290
2128,17033,2933
2129,96057,1207
2130,99883,2522
2131,94987,7929
2132,61456,1233
2133,35502,2071
2134,56766,1455
2135,23621,2641
2136,47786,1550
2137,73420,1283
2138,1979,2533
2139,92519,2405
2140,54175,2492
2141,48976,1539
2142,53274,2307
2143,65003,4412
2144,63196,1330
2145,41113,1219
2146,10309,2311
2147,49040,3993
2148,26051,1679
2149,97242,2073
2150,48214,1292
2151,36813,2226
2152,49873,2771
2153,478,1608
2154,32872,1476
2155,69409,2166
2156,60489,2279
2157,5735,1322
2158,51679,2260
2159,92201,1997
2160,51571,1599
2161,77594,1960
2162,27519,3179
2163,56124,1336
2164,50484,1402
2165,94591,2023
2166,29659,1379
2167,40425,2157
2168,21549,1532
2169,36350,1452
2170,28136,1606
2171,32393,1452
2172,8020,1308
2173,62479,1496
2174,52173,5323
2175,14957,2346
2176,38690,1444
2177,92508,1995
2178,57734,3729
2179,60066,1356
2180,95191,2759
2181,76524,2059
2182,66196,1300
2183,23362,2981
2184,47162,2177
2185,66980,2880
2186,94973,2624
2187,2442,1532
2188,62844,1265
2189,88114,1737
2190,8940,1735
2191,5418,1280
2192,11496,3179
2193,59949,2701
2194,58463,2470
2195,32454,1903
2196,38033,2350
2197,28355,1660
2198,796,1418
2199,70156,2689
2200,29844,1703
2201,6771,1942
2202,52658,1278
2203,53647,2099
2204,645,1640
2205,46829,1374
2206,229,2617
2207,77241,1974
2208,60785,1442
2209,29225,1791
2210,24689,1682
2211,46549,2580
2212,46322,1483
2213,58736,2903
2214,17977,1299
2215,80199,3209
2216,37422,1542
2217,20085,2791
2218,52457,2483
2219,98975,2401
2220,67577,1458
2221,98933,1749
2222,22207,2409
2223,46750,1847
2224,90276,3141
2225,16182,2722
2226,21756,2908
2227,70675,1211
2228,92883,1415
2229,63367,1557
2230,46779,1492
2231,79870,2774
2232,23528,1365
2233,72682,3494
2234,75865,1477
2235,1109,1842
2236,88432,1940
2237,57154,1743
2238,61391,1634
2239,45212,2631
2240,53364,1946
2241,84154,1230
2242,91784,1698
2243,67357,3516
2244,5300,1774
2245,25764,2035
2246,54617,2025
2247,99790,1898
2248,6513,1241
2249,34565,2041
2250,8428,1219
2251,90852,3648
2252,27015,1598
2253,34367,1279
2254,44829,3253
2255,48568,1594
2256,86500,1589
2257,2963,1225
2258,13901,3825
2259,3490,1306
2260,10247,1321
2261,62634,1693
2262,44537,1508
2263,32705,1383
2264,7756,1319
2265,53813,3745
2266,45909,1375
2267,7737,2269
2268,5303,1444
2269,37429,2533
2270,21109,1607
2271,47153,1481
2272,76759,2762
2273,19358,1238
2274,12124,1422
2275,75547,1504
2276,72818,2648
2277,2160,1445
2278,99504,2672
2279,56115,2305
2280,57980,2937
2281,52937,1505
2282,30352,1864
2283,68637,4392
2284,91476,3369
2285,17791,1278
2286,32867,2179
2287,30541,3590
2288,85229,2130
2289,3799,1336
2290,73824,1783
2291,10111,2467
2292,84854,2938
2293,88099,3975
2294,37075,2344
2295,58596,1975
2296,19176,2504
2297,97301,2728
2298,56688,2329
2299,48307,1971
2300,38694,1232
2301,73736,1994
2302,45171,3635
2303,49774,1215
2304,87100,2279
2305,89213,2413
2306,75410,1430
2307,3723,1452
2308,4525,1201
2309,50892,1868
2310,62155,1607
2311,75185,1303
2312,62972,3208
2313,12742,2263
2314,77869,2235
2315,83652,2119
2316,8182,1419
2317,89207,1694
2318,3440,2246
2319,245,1365
2320,60110,4050
2321,13847,2051
2322,32947,1299
2323,34482,1282
2324,30595,2369
2325,21208,1903
2326,59319,1355
2327,59979,2094
2328,37471,2780
2329,8594,1691
2330,29489,1227
2331,63781,3736
2332,58752,1889
2333,27489,1622
2334,96429,2132
2335,90748,2226
2336,37332,1402
2337,87836,2125
2338,17065,2935
2339,31967,2055
2340,31957,1739
2341,45461,2228
2342,43110,2770
2343,6622,1585
2344,66908,2675
2345,57245,2161
2346,63608,2637
2347,14147,1391
2348,22259,2222
2349,14761,1844
2350,37249,1744
2351,69964,1230
2352,18748,1759
2353,77136,2270
2354,586,1584
2355,92599,2919
2356,10917,2055
2357,70301,2925
2358,69584,2226
2359,90684,1502
2360,37870,3795
2361,95665,3095
2362,57623,2073
2363,17256,1651
2364,75929,2342
2365,76030,1591
2366,88269,2317
2367,90792,1442
2368,99903,1570
2369,4956,1271
2370,44509,2489
2371,4852,2120
2372,91305,1323
2373,45718,1275
2374,31900,1543
2375,63661,2047
2376,61498,2305
2377,7719,3388
2378,62096,1274
2379,98543,3338
2380,16780,1624
2381,81812,1751
2382,15809,2599
2383,9857,1770
2384,63569,3684
2385,18848,1946
2386,62994,1312
2387,52302,2670
2388,46867,1430
2389,53517,3021
2390,85196,1910
2391,46899,1656
2392,30787,2011
2393,844,1653
2394,87029,1223
2395,99859,1520
2396,76001,1663
2397,82019,1497
2398,28998,1827
2399,59984,1835
2400,98809,2791
2401,10952,6631
2402,85520,1241
2403,38931,1590
2404,47213,3989
2405,25152,2189
2406,22876,1723
2407,3851,1656
2408,64538,1222
2409,84514,1532
2410,93481,2381
2411,13694,1685
2412,46013,2498
2413,68937,1590
2414,12893,1211
2415,24125,1368
2416,84914,1625
2417,77149,2983
2418,6068,1934
2419,75735,1735
2420,8041,5530
2421,94243,2337
2422,55400,1241
2423,53176,2079
2424,80235,1502
2425,70916,1206
2426,57978,2282
2427,86431,2141
2428,56315,1237
2429,86725,1852
2430,76824,2484
2431,18724,3512
2432,91521,1927
2433,84121,2399
2434,95332,2575
2435,20250,2659
2436,99314,3604
2437,33057,2515
2438,11790,1878
2439,78629,2065
2440,87361,2155
2441,90240,2993
2442,45289,1468
2443,40720,1620
2444,68803,3108
2445,58244,1608
2446,41865,3146
2447,106,1658
2448,30268,2609
2449,57326,1986
2450,63204,1539
2451,38762,1860
2452,2612,1399
2453,85609,2212
2454,47059,1942
2455,59825,2843
2456,84047,2873
2457,29289,5296
2458,29954,1258
2459,9709,4790
2460,565,2460
2461,80682,1446
2462,63715,1998
2463,32938,2264
2464,70909,3824
2465,26615,1418
2466,27888,2414
2467,30815,2552
2468,89981,1544
2469,16334,1792
2470,86994,1445
2471,22549,3984
2472,36791,3909
2473,17883,1255
2474,17112,2566
2475,43809,1326
2476,52522,1936
2477,39404,1741
2478,79671,1735
2479,53542,1251
2480,40934,1616
2481,44133,1397
2482,63069,1873
2483,40296,1673
2484,95082,1910
2485,46591,2271
2486,73898,1584
2487,92035,2774
2488,57870,1436
2489,90030,1716
2490,36809,3016
2491,88203,2490
2492,95075,2138
2493,61760,1549
2494,85466,1206
2495,11645,1850
2496,45016,2223
2497,59518,2206
2498,43756,1530
2499,55421,1386
2500,18163,1849
2501,76422,4115
2502,39201,1966
2503,93602,2344
2504,93148,1643
2505,1593,3032
2506,94693,1464
2507,28313,2558
2508,73299,1308
2509,9595,2575
2510,74419,1307
2511,71879,1465
2512,17190,5121
2513,63505,1289
2514,87627,1741
2515,52959,1272
2516,509,2287
2517,96013,2302
2518,59942,2632
2519,59956,2046
2520,12714,3234
2521,19598,1276
2522,44159,3341
2523,755,4382
2524,62624,4188
2525,54095,1646
2526,78674,1939
2527,90507,4565
2528,79562,2831
2529,4284,3725
2530,59406,1325
2531,9887,1833
2532,31984,1845
2533,23900,1735
2534,5570,3020
2535,77042,1680
2536,48893,2064
2537,35302,1446
2538,47615,2574
2539,98864,3067
2540,50962,1606
2541,8877,1960
2542,51116,1367
2543,74910,1976
2544,23796,1350
2545,51590,2168
2546,95686,3037
2547,21344,1342
2548,55088,1802
2549,31609,2057
2550,25054,1523
2551,75685,1254
2552,40717,3317
2553,49557,1524
2554,50324,2606
2555,88376,1201
2556,31436,1350
2557,67221,1321
2558,10000,1502
2559,78003,2746
2560,77299,2917
2561,96334,2399
2562,6538,3412
2563,65634,2118
2564,59416,1702
2565,96769,1623
2566,92260,1287
2567,65114,1432
2568,76125,1501
2569,93150,2751
2570,41816,1747
2571,37213,4454
2572,27041,2676
2573,25778,1541
2574,90361,1865
2575,11989,1436
2576,30402,2698
2577,30496,1677
2578,95882,2560
2579,56978,3886
2580,6840,1420
2581,48105,1594
2582,57745,1815
2583,29976,2815
2584,56053,1405
2585,25701,1699
2586,8344,2024
2587,35825,6736
2588,31678,1634
2589,20987,2863
2590,10823,3586
2591,81425,2042
2592,75617,1292
2593,24529,2645
2594,63181,3602
2595,64429,1638
2596,40180,2015
2597,83254,1210
2598,89112,1538
2599,73566,4005
2600,56369,1904
2601,19974,2849
2602,86219,2321
2603,80748,3775
2604,92674,2280
2605,36884,2229
2606,96616,2105
2607,88119,1821
2608,46727,2880
2609,27552,1763
2610,64128,1868
2611,96499,2428
2612,76619,1761
2613,21991,1772
2614,89519,2093
2615,6859,1470
2616,62999,1382
2617,14100,1432
2618,98359,2048
2619,9454,2024
2620,32827,2118
2621,84544,4507
2622,78489,2116
2623,89893,1693
2624,39715,1224
2625,26062,2333
2626,39655,1622
2627,82137,1862
2628,7045,2408
2629,96754,1215
2630,10509,2940
2631,96488,1419
2632,47981,2393
2633,53150,6708
2634,17992,1964
2635,20127,2219
2636,54972,2011
2637,25946,1372
2638,82174,1450
2639,65991,1760
2640,53333,1612
2641,37664,2338
2642,31810,2283
2643,48245,1403
2644,16415,3592
2645,16270,2121
2646,38105,2589
2647,15937,3633
2648,6431,2461
2649,45644,1489
2650,7777,2867
2651,68221,3378
2652,57485,1491
2653,85599,1838
2654,43013,1207
2655,43744,1672
2656,23824,1390
2657,56630,1711
2658,70968,1378
2659,84183,2626
2660,91008,1397
2661,12106,1349
2662,7905,1521
2663,90677,1591
2664,72373,2096
2665,95229,2217
2666,28067,2254
2667,87679,2383
2668,86608,1904
2669,29048,1647
2670,98158,1498
2671,54684,3796
2672,2640,1957
2673,94695,1255
2674,19392,1340
2675,25485,1395
2676,55410,2415
2677,6910,1259
2678,27815,1284
2679,74816,1887
2680,390,3038
2681,82281,1615
2682,5230,1277
2683,61783,6285
2684,86890,2166
2685,21971,1619
2686,82959,2185
2687,41,1658
2688,94886,2715
2689,83502,1443
2690,49842,1314
2691,81510,2502
2692,6161,1686
2693,59303,2322
2694,64948,16150
2695,97643,1289
2696,70524,1202
2697,35013,2978
2698,83985,2407
2699,39468,1728
2700,39138,1427
2701,11554,1711
2702,937,1299
2703,79106,2241
2704,336,2806
2705,38039,2393
2706,20410,3345
2707,48633,1427
2708,84804,3574
2709,84075,1369
2710,74604,3605
2711,37752,2799
2712,6576,2381
2713,58231,1853
2714,63379,2016
2715,24574,5156
2716,24672,1561
2717,88013,1505
2718,77388,1528
2719,37705,2097
2720,94524,2200
2721,29245,2484
2722,5645,1395
2723,75593,2969
2724,60101,2432
2725,34291,3162
2726,92917,1903
2727,162,1303
2728,15296,2530
2729,33432,1599
2730,94867,1247
2731,48386,2503
2732,87467,1205
2733,1203,1246
2734,76698,1940
2735,35116,2738
2736,39400,2434
2737,84131,1340
2738,53366,1404
2739,58457,1925
2740,24122,1402
2741,87888,2585
2742,23777,3267
2743,90562,2033
2744,26034,2728
2745,6653,1507
2746,34171,2200
2747,67107,2411
2748,13082,2224
2749,32069,3815
2750,11813,2008
2751,89671,1331
2752,97448,1259
2753,71290,3130
2754,82159,2310
2755,79135,2269
2756,41951,1493
2757,57783,5102
2758,81342,2379
2759,17606,1371
2760,42838,3770
2761,72120,1784
2762,32657,5598
2763,10612,3562
2764,22478,1864
2765,26468,1411
2766,55333,2733
2767,58123,1581
2768,99556,3595
2769,81760,2813
2770,62804,2268
2771,80032,6431
2772,61623,2459
2773,99562,2320
2774,41846,1722
2775,12072,2547
2776,78536,1431
2777,1704,2443
2778,24480,2683
2779,67608,1355
2780,73556,1733
2781,2007,1873
2782,89169,1990
2783,72160,2674
2784,22346,1474
2785,70594,4103
2786,41606,1266
2787,75790,1415
2788,55477,2116
2789,45610,1606
2790,89054,1302
2791,3086,1207
2792,48262,1758
2793,74247,1953
2794,41000,2210
2795,66533,2293
2796,92470,1557
2797,13298,1607
2798,41147,2715
2799,84123,1790
2800,49135,1316
2801,44174,1556
2802,60648,3397
2803,84792,1423
2804,81301,3610
2805,14004,1501
2806,43820,1630
2807,33606,2293
2808,8301,1396
2809,41761,1783
2810,3261,2074
2811,18919,1599
2812,7845,1239
2813,81909,1342
2814,94793,2238
2815,61496,1701
2816,27637,5137
2817,2568,1613
2818,17888,1658
2819,93824,2620
2820,44493,1425
2821,45156,4137
2822,58570,1720
2823,99665,1749
2824,21538,2776
2825,17823,1226
2826,16106,1780
2827,7069,2239
2828,58256,1375
2829,20883,1545
2830,75216,1313
2831,98645,3092
2832,60926,2537
2833,11716,2358
2834,43375,1736
2835,15719,2663
2836,7583,2034
2837,43006,2233
2838,23378,2641
2839,57731,2519
2840,27729,1455
2841,73815,2200
2842,67598,1871
2843,64144,2069
2844,295,2084
2845,12324,1782
2846,48965,1528
2847,81622,1896
2848,16068,1288
2849,47435,1296
2850,32961,1238
2851,73800,2874
2852,83102,1699
2853,96535,2544
2854,89604,2080
2855,68272,2233
2856,87951,2118
2857,91914,1433
2858,62429,1493
2859,43148,1363
2860,3515,2682
2861,17398,3093
2862,89554,2517
2863,22057,1299
2864,72301,2482
2865,35382,1388
2866,54933,1285
2867,64912,2185
2868,11865,1272
2869,6353,2021
2870,88480,2855
2871,55513,2577
2872,69469,1785
2873,5743,3362
2874,71608,4202
2875,83470,3218
2876,31278,2263
2877,5510,3616
2878,80651,2529
2879,22267,1573
2880,35838,1736
2881,43516,1488
2882,17227,1517
2883,52092,1922
2884,86014,3173
2885,3180,1264
2886,93076,4493
2887,63642,1981
2888,64084,1714
2889,26533,1429
2890,68912,1374
2891,98819,2197
2892,67053,1412
2893,62770,3521
2894,67601,2251
2895,37794,2050
2896,87844,1248
2897,38238,2264
2898,83310,1494
2899,12133,2250
2900,37876,3315
2901,48616,3214
2902,62132,1428
2903,75527,2336
2904,11932,4464
2905,23690,2074
2906,48297,1736
2907,1484,1251
2908,89523,2313
2909,55928,2477
2910,31858,6635
2911,22496,1700
2912,72057,2582
2913,40796,1856
2914,20669,1880
2915,18535,1283
2916,69065,2026
2917,63594,1694
2918,24739,1515
2919,74736,1783
2920,82340,2193
2921,36227,1774
2922,34652,1927
2923,1707,2266
2924,77726,3888
2925,53892,2484
2926,528,1435
2927,32997,1661
2928,6084,1343
2929,91665,1327
2930,49247,1525
2931,62915,1201
2932,6289,2349
2933,12411,1529
2934,77706,2739
2935,76997,2823
2936,38271,2697
2937,17403,1563
2938,6531,1330
2939,2142,3722
2940,49483,3006
2941,25126,2806
2942,66656,1348
2943,61225,1918
2944,3395,3185
2945,50553,1635
2946,77099,1325
2947,35061,2612
2948,74093,1217
2949,34451,1382
2950,77788,1268
2951,28971,1317
2952,70170,2359
2953,87571,2741
2954,80800,1625
2955,44078,1286
2956,39498,2342
2957,30774,2305
2958,67141,2692
2959,26239,1305
2960,49005,1637
2961,90986,1992
2962,20465,1327
2963,10686,3496
2964,44500,1732
2965,10996,3107
2966,40375,2278
2967,52690,1744
2968,68037,2349
2969,44796,2213
2970,279,1248
2971,29367,1855
2972,9796,2515
2973,9271,2086
2974,56391,1800
2975,50305,3438
2976,63327,1620
2977,6394,2621
2978,43630,2873
2979,77917,1404
2980,14657,3121
2981,43824,2477
2982,55761,2222
2983,87365,2444
2984,49970,2062
2985,30354,1613
2986,44082,2801
2987,28846,1885
2988,24049,1565
2989,20481,2247
2990,57629,1975
2991,56615,2786
2992,25714,3587
2993,65575,1907
2994,92393,1655
2995,89174,1533
2996,6177,1714
2997,49780,3997
2998,74814,1764
2999,57176,3255
3000,84302,1458
3001,79260,3459
3002,45819,3620
3003,85000,2274
3004,60140,1432
3005,84026,2815
3006,35388,4389
3007,201,1659
3008,54342,1629
3009,96033,1680
3010,74814,1233
3011,46195,1409
3012,10526,1888
3013,34322,3046
3014,84080,2264
3015,67674,2080
3016,33620,2356
3017,57718,2673
3018,74878,1902
3019,49848,1827
3020,32918,3383
3021,48588,4030
3022,36651,2546
3023,73508,2534
3024,1596,2290
3025,59068,1244
3026,84747,2218
3027,99990,2515
3028,20084,1905
3029,86297,2618
3030,21476,2105
3031,68493,2203
3032,50076,1397
3033,49450,2252
3034,9797,2520
3035,70252,7590
3036,38688,2765
3037,16126,1997
3038,99892,1908
3039,43944,2208
3040,83246,3593
3041,49172,1329
3042,38384,1742
3043,491,1768
3044,35656,3119
3045,39333,2252
3046,96145,1426
3047,56264,1894
3048,84461,1426
3049,26817,1330
3050,60558,1236
3051,27202,2736
3052,58652,1690
3053,42577,1700
3054,35561,2582
3055,54537,1952
3056,91512,1582
3057,70630,1650
3058,62034,1644
3059,33426,1699
3060,75156,3672
3061,80329,2829
3062,88527,2343
3063,75160,1813
3064,67270,2206
3065,97005,3116
3066,55135,1591
3067,45516,2561
3068,78938,10377
3069,76469,3451
3070,13635,2222
3071,97321,1435
3072,20699,4851
3073,97209,2647
3074,96870,2117
3075,33492,2248
3076,77935,1471
3077,72200,3276
3078,30690,2539
3079,51781,2841
3080,55575,1406
3081,26841,1920
3082,86261,1317
3083,42669,1522
3084,36239,2644
3085,14507,3090
3086,15291,1273
3087,71261,2201
3088,28476,1452
3089,93130,1697
3090,96521,4540
3091,28891,1646
3092,78568,1501
3093,43151,2300
3094,75216,1385
3095,92037,1256
3096,95201,1582
3097,896,2850
3098,11822,1299
3099,66323,2198
3100,10463,3001
3101,1939,1249
3102,80602,2848
3103,12551,1855
3104,66966,1981
3105,52468,1547
3106,38151,2615
3107,70214,1594
3108,72906,4001
3109,57979,1498
3110,69347,1215
3111,21346,2288
3112,94995,2054
3113,41769,2292
3114,45737,2215
3115,55607,1236
3116,1570,3378
3117,29990,3686
3118,53198,1435
3119,17423,1868
3120,72911,2089
3121,4580,1697
3122,62317,1377
3123,41752,2460
3124,74379,2973
3125,93641,2108
3126,43849,2195
3127,50867,2686
3128,82721,1461
3129,62607,2198
3130,54544,2056
3131,83036,2267
3132,2766,1349
3133,94308,3450
3134,49757,3103
3135,21377,1691
3136,40219,1544
3137,4532,1883
3138,73196,1372
3139,16617,1831
3140,63375,2383
3141,6669,2544
3142,45486,1398
3143,63017,1883
3144,43745,1595
3145,43470,2927
3146,96399,1862
3147,81711,1608
3148,59245,2596
3149,74361,1435
3150,15964,2114
3151,30630,1884
3152,2955,1234
3153,28304,1448
3154,77022,11187
3155,86817,2873
3156,25973,1255
3157,21699,2305
3158,67640,1684
3159,40888,1321
3160,32393,1772
3161,88491,1389
3162,14628,1597
3163,89830,3276
3164,36138,2464
3165,25113,1996
3166,77293,3947
3167,52114,3462
3168,53604,2464
3169,30042,1268
3170,25050,2263
3171,78418,1465
3172,97262,1566
3173,10310,1378
3174,87863,1921
3175,8173,3098
3176,39707,2968
3177,33403,1384
3178,75130,1484
3179,84820,2175
3180,76165,5811
3181,22669,1249
3182,59248,2540
3183,67961,2388
3184,67097,3714
3185,45395,1397
3186,47771,1977
3187,86232,2539
3188,52150,2377
3189,98212,1336
3190,86094,1279
3191,41060,2153
3192,83740,2489
3193,64051,1538
3194,57329,1479
3195,33245,1743
3196,6511,1369
3197,81533,2215
3198,14751,2231
3199,8223,2806
3200,33691,1744
3201,9662,1245
3202,13659,1263
3203,30131,2530
3204,9888,1569
3205,10140,1924
3206,18138,1622
3207,27679,4060
3208,53619,2417
3209,28399,4196
3210,53380,1278
3211,62976,2622
3212,16159,2577
3213,59311,1939
3214,28124,3885
3215,54168,1700
3216,47164,2258
3217,21505,3500
3218,244,1318
3219,56303,1988
3220,21283,1208
3221,11374,3816
3222,54379,3123
3223,65215,4838
3224,51210,2881
3225,61654,1821
3226,61897,4085
3227,94476,3239
3228,6648,1679
3229,76725,3024
3230,10965,1780
3231,72752,1355
3232,95365,1389
3233,62965,2089
3234,15232,1675
3235,7758,2172
3236,78336,2086
3237,6191,2531
3238,11618,2148
3239,64250,3378
3240,63695,1616
3241,62078,6378
3242,20467,1786
3243,55840,1760
3244,91454,1980
3245,1603,2992
3246,20552,3045
3247,92342,1216
3248,90541,2494
3249,36544,3465
3250,29120,2290
3251,71387,3451
3252,62385,1208
3253,73574,7730
3254,30365,2089
3255,90837,2667
3256,88711,1657
3257,37502,2689
3258,55423,1611
3259,47090,1561
3260,63713,2140
3261,99202,1596
3262,88203,4582
3263,83588,2733
3264,37653,1679
3265,38060,1275
3266,15204,2116
3267,34933,1285
3268,12070,3558
3269,10379,2514
3270,28862,1320
3271,69580,1659
3272,36617,1638
3273,34117,1277
3274,69471,2600
3275,62058,1466
3276,38819,3750
3277,71961,2968
3278,14281,2410
3279,9545,1772
3280,577,2850
3281,54181,2931
3282,80339,1460
3283,65055,3653
3284,25656,1440
3285,60155,3115
3286,65178,1775
3287,38318,2746
3288,76501,1254
3289,49756,3643
3290,20808,1876
3291,64719,2839
3292,7310,2497
3293,3603,1381
3294,57352,2736
3295,96094,3595
3296,35392,1308
3297,85814,3575
3298,13099,1236
3299,89594,2477
3300,68089,1920
3301,17491,1212
3302,83934,2893
3303,54863,1269
3304,81034,2883
3305,53982,1452
3306,87518,1542
3307,68553,2169
3308,29899,2266
3309,57354,2239
3310,95685,2756
3311,91079,2723
3312,36812,2480
3313,31571,2590
3314,57254,1245
3315,3193,1572
3316,2299,2121
3317,11455,4032
3318,9263,2250
3319,6514,2183
3320,10699,3060
3321,34620,2103
3322,81238,1606
3323,14629,2284
3324,13429,2132
3325,50438,1458
3326,95337,2037
3327,1440,1417
3328,23743,2142
3329,54302,3151
3330,8987,1339
3331,33347,2500
3332,16839,1328
3333,95619,1701
3334,78142,2704
3335,4158,1562
3336,33518,3226
3337,40031,2079
3338,58609,1450
3339,5254,1354
3340,50087,1878
3341,70726,3060
3342,65425,3002
3343,34635,1210
3344,55285,1311
3345,76733,1831
3346,76678,2092
3347,67620,1777
3348,15814,3197
3349,53742,1524
3350,52164,2141
3351,56615,3428
3352,70873,1572
3353,80580,2379
3354,97795,3445
3355,2606,2599
3356,80385,1202
3357,90131,3086
3358,32542,1494
3359,10837,1845
3360,11334,2437
3361,81031,1986
3362,99279,1217
3363,32521,2511
3364,94734,1777
3365,13884,2949
3366,70737,1741
3367,5731,3872
3368,78731,1506
3369,18408,1846
3370,44180,1975
3371,43458,2658
3372,23823,2681
3373,73040,1249
3374,65416,2507
3375,35343,4038
3376,88767,3113
3377,18422,1771
3378,21406,1268
3379,15481,1286
3380,15377,1561
3381,79468,1967
3382,51569,1475
3383,45946,1606
3384,46691,2116
3385,80727,3057
3386,83927,1750
3387,81896,2018
3388,7764,2507
3389,41313,2711
3390,72451,1878
3391,90596,4684
3392,24744,2331
3393,89665,1349
3394,98391,1557
3395,15450,2137
3396,4675,1719
3397,78451,2038
3398,77404,1596
3399,20542,3150
3400,75011,2151
3401,75348,2408
3402,49734,1813
3403,85159,2372
3404,40309,2137
3405,19407,1212
3406,28604,1690
3407,37590,2309
3408,97866,2284
3409,51289,1414
3410,47991,3150
3411,90292,1438
3412,2629,1670
3413,32156,1712
3414,66206,3220
3415,66168,1360
3416,77597,2730
3417,3882,3654
3418,28887,2934
3419,70562,2516
3420,83787,1614
3421,14680,1530
3422,76924,1549
3423,30452,3742
3424,77791,1343
3425,51167,1494
3426,14024,3100
3427,84210,1634
3428,97278,1288
3429,18598,1419
3430,89852,2497
3431,88170,2894
3432,4166,2878
3433,87421,8575
3434,87230,2568
3435,57634,1617
3436,93636,1328
3437,84130,1482
3438,10877,1779
3439,58146,1609
3440,91224,1324
3441,85440,2931
3442,8679,2190
3443,54631,2565
3444,72179,1895
3445,54732,2502
3446,91671,4075
3447,25282,2612
3448,33013,3989
3449,3451,2658
3450,51199,2818
3451,25274,2178
3452,14128,1906
3453,86396,2363
3454,48520,1707
3455,99256,2356
3456,90790,2820
3457,25471,1509
3458,35690,2021
3459,71351,3348
3460,52678,1412
3461,44422,1681
3462,35445,1634
3463,60513,1376
3464,65203,2321
3465,81862,1903
3466,79970,3613
3467,62171,4145
3468,38386,3182
3469,67145,2123
3470,82662,3570
3471,71454,1601
3472,47026,2229
3473,38494,3491
3474,92853,3522
3475,80312,1631
3476,28805,1965
3477,87524,2026
3478,21527,2852
3479,38992,2451
3480,46430,2581
3481,28077,3372
3482,8886,3299
3483,99914,2711
3484,96728,2215
3485,33207,5174
3486,60088,3193
3487,69663,2792
3488,92403,1511
3489,26159,1703
3490,66595,4003
3491,87760,2415
3492,93660,2739
3493,59373,2495
3494,59736,3404
3495,36855,2302
3496,55728,1609
3497,53676,1293
3498,36826,2458
3499,35313,1912
3500,67098,1219
3501,81330,1899
3502,66110,2734
3503,62746,1758
3504,44041,4028
3505,10988,2667
3506,97455,1267
3507,3351,1935
3508,93915,1479
3509,41792,1840
3510,17304,1639
3511,45761,1486
3512,29579,2988
3513,76221,1910
3514,78122,2399
3515,57690,1708
3516,90465,2912
3517,64374,1619
3518,7719,1221
3519,79292,1291
3520,39878,1838
3521,20410,1973
3522,29,1318
3523,91939,1456
3524,47943,2659
3525,8739,1324
3526,23511,3632
3527,57402,3133
3528,89294,1281
3529,57295,1219
3530,13805,1792
3531,39005,1358
3532,89586,1262
3533,87367,1653
3534,79846,4304
3535,56133,2258
3536,88618,1461
3537,95163,1340
3538,76080,1967
3539,29909,2248
3540,20990,1746
3541,72880,1462
3542,58984,1769
3543,57031,1739
3544,94980,1437
3545,713,1582
3546,43212,2576
3547,74316,1500
3548,34898,2068
3549,83366,1484
3550,42753,1426
3551,56680,1548
3552,78372,1587
3553,62331,1634
3554,81802,1240
3555,59039,2612
3556,88766,2997
3557,97345,1267
3558,40682,1426
3559,92565,2900
3560,96200,2456
3561,37556,1376
3562,67454,1838
3563,81779,3729
3564,1330,5574
3565,28300,1359
3566,40648,2190
3567,65581,1447
3568,83091,1595
3569,43427,1332
3570,84897,1948
3571,85249,2303
3572,16679,2103
3573,67263,1263
3574,68204,1699
3575,19938,4094
3576,33865,1873
3577,6419,1836
3578,94768,2652
3579,58767,2196
3580,57901,1252
3581,63097,2104
3582,82772,2839
3583,13134,5952
3584,89740,1307
3585,51550,1438
3586,2356,1404
3587,77115,2231
3588,87732,1551
3589,96117,2774
3590,88704,1340
3591,77932,2044
3592,66721,1267
3593,25473,1261
3594,48017,1540
3595,81778,2183
3596,27091,1928
3597,41298,1456
3598,57778,2236
3599,77023,3146
3600,75172,1784
3601,25830,2177
3602,42103,1866
3603,63051,1204
3604,97702,1656
3605,33211,2403
3606,22019,1414
3607,52162,1592
3608,18112,2210
3609,76087,1732
3610,22144,1672
3611,95257,2088
3612,43721,1329
3613,41581,1462
3614,2315,1710
3615,7511,1783
3616,36416,2656
3617,42342,2048
3618,96794,2985
3619,61123,1771
3620,71452,1705
3621,85925,1676
3622,40899,2784
3623,12465,1377
3624,75497,2739
3625,88250,2256
3626,1708,2617
3627,64180,1392
3628,86395,2219
3629,20569,2198
3630,24309,1789
3631,38915,1980
3632,77573,3226
3633,60077,1266
3634,97550,4692
3635,31746,1297
3636,23381,3725
3637,14468,2881
3638,28980,2094
3639,42746,7531
3640,5283,2422
3641,61548,2680
3642,88239,1732
3643,89776,1577
3644,39226,2761
3645,36074,1253
3646,40968,1474
3647,18251,1499
3648,69682,2241
3649,14289,2118
3650,4760,2664
3651,32420,1723
3652,91283,2358
3653,97295,2016
3654,43985,2153
3655,54455,2165
3656,39130,2401
3657,92060,3124
3658,43670,1322
3659,93260,2140
3660,9985,1334
3661,78309,2576
3662,33102,2135
3663,22756,1444
3664,79881,1480
3665,45498,2286
3666,7055,2922
3667,35681,1490
3668,38417,1372
3669,95379,2532
3670,80409,2231
3671,6467,1326
3672,86051,1528
3673,45989,2125
3674,69178,1394
3675,54826,3298
3676,94567,2168
3677,11940,2044
3678,73458,2314
3679,61419,2516
3680,69003,1420
3681,50746,1775
3682,96030,1516
3683,68438,1935
3684,15154,1984
3685,71609,7181
3686,83013,2722
3687,82640,1770
3688,89101,2180
3689,73657,2007
3690,10834,1704
3691,55613,2652
3692,25153,1480
3693,86924,1805
3694,56334,1565
3695,34619,1488
3696,97321,1250
3697,94308,2016
3698,12312,1325
3699,19074,3034
3700,16694,2204
3701,50263,3024
3702,13644,2623
3703,37708,1805
3704,45690,2351
3705,69321,3158
3706,61412,2054
3707,53983,1886
3708,41119,1630
3709,1073,1220
3710,80927,1363
3711,90111,1259
3712,91507,1206
3713,52703,3635
3714,19844,2875
3715,9633,2230
3716,88671,2301
3717,30310,3688
3718,85859,3027
3719,90661,1321
3720,76604,1241
3721,82592,2403
3722,81287,3618
3723,99984,1540
3724,72906,1707
3725,78401,2579
3726,71283,1801
3727,74309,2754
3728,33255,2587
3729,80709,2106
3730,90211,1291
3731,20694,2184
3732,95617,1858
3733,54789,4388
3734,26805,2865
3735,75945,1449
3736,58011,2756
3737,9853,1485
3738,18097,2721
3739,84575,1505
3740,78543,1999
3741,90009,2387
3742,45601,1569
3743,76530,2072
3744,9584,1244
3745,99749,1250
3746,47611,2230
3747,34569,1538
3748,32852,2641
3749,99282,3854
3750,75270,1604
3751,383,3787
3752,4894,1452
3753,77669,1270
3754,18185,1293
3755,3802,2259
3756,82519,2569
3757,1284,1423
3758,33191,2978
3759,48657,1299
3760,80731,1908
3761,34840,1271
3762,42438,1912
3763,84781,1787
3764,77826,2761
3765,94617,1312
3766,46729,1755
3767,89899,2919
3768,32251,1441
3769,20891,2668
3770,17732,1516
3771,74326,2819
3772,37106,1339
3773,92057,1816
3774,19645,2150
3775,97071,2694
3776,95104,1312
3777,22184,1666
3778,29750,3010
3779,47543,1750
3780,65368,2112
3781,62396,2603
3782,36558,2077
3783,64130,3451
3784,63672,1423
3785,2792,3549
3786,53210,1436
3787,4357,3090
3788,87153,2569
3789,82804,1486
3790,64149,1403
3791,89025,2275
3792,24142,2995
3793,21475,2386
3794,89892,1455
3795,31515,1953
3796,6241,2731
3797,83529,1563
3798,27579,1661
3799,17670,1618
3800,68725,1821
3801,69774,1662
3802,76517,2730
3803,60755,1307
3804,46491,2615
3805,16257,1979
3806,10641,1684
3807,45955,2226
3808,2525,3800
3809,93764,1733
3810,79458,2902
3811,79181,2657
3812,5766,1965
3813,79856,2692
3814,51965,2000
3815,44420,1691
3816,26101,1835
3817,99476,4075
3818,62930,1655
3819,43500,2553
3820,43291,1537
3821,7390,1500
3822,87146,2748
3823,66542,1769
3824,12623,2966
3825,29757,10239
3826,79533,1361
3827,95417,2391
3828,64795,1303
3829,7464,2393
3830,36767,2090
3831,85166,1751
3832,73542,1295
3833,65132,1455
3834,38847,2990
3835,72680,1346
3836,15386,2790
3837,59082,1931
3838,8723,1666
3839,51492,1222
3840,6542,2451
3841,94571,4693
3842,51201,3134
3843,53904,2354
3844,73895,1588
3845,63481,6880
3846,93411,2618
3847,17575,3011
3848,12837,2176
3849,1657,1539
3850,94532,1235
3851,38877,1772
3852,81261,2237
3853,16695,2548
3854,57847,3337
3855,98812,1701
3856,81469,1497
3857,7344,2221
3858,9822,2711
3859,45958,1738
3860,64454,3937
3861,62256,1370
3862,84861,1595
3863,78647,2090
3864,44168,1896
3865,26945,1693
3866,4969,2742
3867,23431,1850
3868,54584,2455
3869,43350,1530
3870,2161,1475
3871,10379,1949
3872,92352,1959
3873,10692,2127
3874,25396,2398
3875,20899,4197
3876,78659,2713
3877,75969,1539
3878,72127,3015
3879,29881,1309
3880,25671,2696
3881,36462,3019
3882,53183,1693
3883,17220,1956
3884,1345,1200
3885,83875,1772
3886,98362,1843
3887,73935,2481
3888,92691,2115
3889,54922,1570
3890,20172,1848
3891,64343,3078
3892,3435,1449
3893,27808,1563
3894,55373,1515
3895,62656,1296
3896,96341,1705
3897,95374,1413
3898,33763,1781
3899,59546,1411
3900,56187,2035
3901,77198,2253
3902,36461,1228
3903,43365,2832
3904,24563,1648
3905,21410,1876
3906,94240,1588
3907,94647,1728
3908,78352,1359
3909,21388,5655
3910,62667,4575
3911,18700,2633
3912,10546,2995
3913,16107,2693
3914,95044,2708
3915,81971,5063
3916,75753,1423
3917,52831,1324
3918,53404,1783
3919,29927,1579
3920,77108,1444
3921,33702,2235
3922,22579,2040
3923,29004,1910
3924,59761,2562
3925,13607,2026
3926,46151,1458
3927,35942,1291
3928,9462,1268
3929,2555,1958
3930,30646,1492
3931,1535,3952
3932,50520,1424
3933,22580,1289
3934,59339,3492
3935,1531,2136
3936,42639,1283
3937,62701,2012
3938,92799,2981
3939,62424,1907
3940,34190,1476
3941,739,1330
3942,62709,1993
3943,730,1285
3944,72197,3391
3945,82386,1933
3946,70476,3960
3947,34123,1408
3948,40297,1896
3949,86576,3289
3950,71569,2205
3951,35891,1915
3952,9095,2687
3953,30656,2724
3954,5950,2267
3955,72592,1425
3956,31828,4948
3957,3040,3515
3958,38686,1941
3959,72557,1945
3960,67953,1809
3961,90804,2789
3962,90463,1406
3963,89509,2393
3964,46135,1711
3965,49253,1758
3966,61238,1506
3967,44955,4463
3968,25224,2756
3969,44970,1371
3970,95892,5369
3971,78836,2017
3972,42861,1597
3973,32348,2649
3974,11305,3977
3975,14146,1878
3976,49124,2337
3977,67985,1481
3978,89139,4962
3979,5743,1701
3980,49475,2011
3981,48328,1438
3982,47070,1961
3983,91348,1217
3984,96895,1431
3985,13402,2434
3986,1742,1917
3987,15897,2023
3988,37068,1383
3989,93693,2321
3990,26845,1992
3991,30534,2260
3992,71144,2523
3993,41195,4484
3994,10068,2421
3995,21567,1374
3996,77641,1616
3997,51623,5073
3998,19490,2268
3999,99128,1457
4000,46770,1344
4001,54431,2943
4002,35338,1369
4003,4913,2414
4004,37203,1716
4005,70008,1926
4006,66837,1870
4007,94650,3972
4008,36947,3178
4009,74113,2045
4010,5517,2393
4011,62853,1430
4012,45386,1298
4013,24701,2862
4014,60088,3617
4015,46581,1777
4016,61160,2096
4017,81419,1958
4018,1719,2181
4019,84572,5047
4020,71026,2315
4021,42717,1679
4022,73352,1204
4023,42396,1683
4024,82224,1446
4025,60969,1412
4026,23549,1344
4027,29111,2590
4028,40843,3381
4029,71134,2698
4030,78665,2456
4031,7750,1963
4032,54873,1311
4033,76172,1397
4034,52726,1786
4035,54497,3031
4036,34759,1418
4037,73995,2861
4038,79130,3004
4039,16667,8546
4040,8124,2983
4041,48677,2167
4042,13926,1502
4043,11103,1550
4044,21595,2249
4045,63462,1359
4046,50965,1462
4047,12600,2512
4048,46394,1364
4049,52858,1488
4050,74356,2502
4051,76368,2132
4052,30489,2628
4053,29356,1712
4054,86737,2747
4055,21795,1629
4056,80597,1753
4057,97606,2594
4058,63757,3742
4059,21276,4311
4060,87082,1216
4061,20533,2499
4062,53915,1598
4063,97098,1761
4064,62424,2947
4065,83509,1831
4066,83676,2127
4067,24450,1931
4068,17361,3020
4069,55546,2151
4070,24547,2577
4071,45921,1481
4072,67846,4767
4073,84830,2104
4074,58928,3698
4075,19747,1738
4076,94803,3608
4077,2071,1311
4078,53810,3450
4079,87366,4738
4080,60290,1789
4081,97511,1313
4082,74737,1469
4083,98310,1422
4084,5874,2994
4085,92718,1309
4086,66449,1301
4087,32109,2712
4088,19614,1590
4089,50830,1208
4090,74366,2352
4091,14595,1955
4092,49289,1617
4093,41941,1793
4094,8077,2080
4095,38401,2066
4096,27737,2248
4097,87518,2391
4098,54551,2433
4099,76153,2631
4100,92485,1204
4101,57088,2117
4102,53094,3949
4103,72733,1207
4104,45204,1307
4105,32729,2231
4106,62202,3741
4107,17366,2411
4108,73034,2647
4109,1471,3027
4110,49665,1382
4111,13927,1213
4112,15721,2143
4113,51910,3586
4114,39452,3211
4115,78845,3580
4116,24692,2071
4117,76159,2418
4118,96086,2589
4119,40710,1246
4120,62461,1956
4121,86681,1225
4122,97201,1813
4123,13127,1426
4124,2319,1876
4125,58866,2823
4126,62853,1409
4127,91094,1316
4128,93130,1347
4129,12572,1507
4130,24086,2298
4131,83491,1543
4132,83593,1952
4133,50930,2940
4134,38087,2682
4135,57358,3456
4136,63169,2343
4137,95958,3133
4138,88876,1322
4139,24721,2420
4140,26045,1334
4141,61267,1344
4142,60803,1396
4143,76114,1923
4144,43571,1308
4145,40001,4499
4146,26958,1977
4147,83328,2106
4148,59067,2262
4149,35707,2434
4150,3828,2827
4151,22550,2059
4152,63469,1812
4153,2776,2567
4154,6562,1415
4155,80184,1831
4156,99080,2222
4157,49555,2412
4158,99706,2134
4159,674,2160
4160,26914,2317
4161,17339,2770
4162,39653,1612
4163,31792,2150
4164,64175,2599
4165,52244,2117
4166,85738,2166
4167,6802,1559
4168,8897,2050
4169,70702,1281
4170,94152,1231
4171,63323,4386
4172,22249,3514
4173,79732,1397
4174,34323,2327
4175,74544,1220
4176,41475,1381
4177,73996,3651
4178,87136,1230
4179,64299,2743
4180,61936,2439
4181,26725,2024
4182,19563,1976
4183,14853,1954
4184,28502,1524
4185,69002,3148
4186,28943,3080
4187,18326,1648
4188,52491,3571
4189,83887,2073
4190,44008,3087
4191,10067,7170
4192,83675,2740
4193,66436,1705
4194,81369,1806
4195,91961,2878
4196,11369,2658
4197,29826,3978
4198,38774,2266
4199,48478,1836
4200,25072,1617
4201,43711,3291
4202,84752,3143
4203,73761,2828
4204,41275,1232
4205,86927,2024
4206,9429,1208
4207,19993,3454
4208,9315,1950
4209,2201,2132
4210,1435,4372
4211,69298,2583
4212,53471,3023
4213,99922,1751
4214,12672,1536
4215,74142,2522
4216,74947,6082
4217,2798,2097
4218,62332,1950
4219,86955,1278
4220,22017,1369
4221,83230,1960
4222,63307,3523
4223,70421,1927
4224,69274,2021
4225,12694,1825
4226,53370,2211
4227,70198,4074
4228,54551,2812
4229,31608,1381
4230,65718,2263
4231,61773,4710
4232,85736,1796
4233,14312,1265
4234,13853,2030
4235,1253,1561
4236,48608,4939
4237,47272,1276
4238,8231,1520
4239,85855,1884
4240,61969,2506
4241,30577,2991
4242,48590,2501
4243,6244,2070
4244,87288,1365
4245,61501,2728
4246,35490,2914
4247,5402,1814
4248,11189,1272
4249,28846,2157
4250,54120,4194
4251,4259,1200
4252,15998,1201
4253,31398,6025
4254,95842,2163
4255,87136,1444
4256,39806,1759
4257,23096,2941
4258,58729,1949
4259,92196,1638
4260,17708,2704
4261,53092,1652
4262,22044,3486
4263,35225,3513
4264,4056,1374
4265,26953,3050
4266,24705,1482
4267,71407,3096
4268,5996,1238
4269,27980,1412
4270,21045,2130
4271,972,1231
4272,7237,2069
4273,43794,2074
4274,92785,2033
4275,59837,2010
4276,72685,2010
4277,50373,1469
4278,70916,1949
4279,56039,2841
4280,78880,1501
4281,37648,1228
4282,39828,3621
4283,64688,2217
4284,661,1373
4285,96454,1546
4286,39879,1760
4287,92538,3405
4288,69888,1244
4289,91053,2438
4290,90651,2272
4291,72980,2846
4292,55709,2268
4293,24237,1694
4294,79443,2035
4295,47290,1348
4296,35058,1423
4297,68556,2678
4298,92534,2250
4299,16535,1240
4300,71065,1232
4301,16249,1409
4302,4385,2495
4303,25844,1843
4304,9781,4377
4305,93987,2499
4306,91075,2130
4307,4418,2230
4308,42682,3130
4309,35341,3408
4310,24257,1740
4311,9044,1844
4312,14553,1522
4313,5848,1937
4314,26653,2978
4315,72964,2607
4316,79394,1493
4317,72209,1470
4318,2967,1784
4319,47840,3190
4320,1509,2532
4321,15587,2532
4322,27029,6038
4323,53287,2912
4324,84022,2958
4325,81386,1478
4326,1435,1980
4327,91118,1531
4328,88211,2782
4329,98387,1727
4330,92405,5195
4331,33460,1586
4332,26720,2185
4333,61503,2296
4334,87134,1390
4335,90920,1866
4336,44569,2063
4337,88369,1282
4338,41529,1601
4339,79180,5627
4340,35125,2789
4341,41559,2634
4342,68221,1761
4343,2604,2129
4344,43572,1818
4345,92683,1719
4346,37389,1769
4347,82826,2614
4348,52133,2047
4349,18975,2747
4350,83245,1319
4351,26222,2465
4352,14332,2551
4353,71439,1256
4354,57351,2477
4355,75770,2011
4356,4205,2265
4357,2043,1827
4358,18907,5590
4359,63971,2447
4360,73340,1504
4361,60192,1638
4362,11944,2316
4363,42935,1732
4364,32216,3491
4365,71906,4829
4366,21936,2178
4367,31577,4287
4368,11096,2728
4369,31616,1501
4370,53740,3594
4371,37424,1272
4372,42433,1398
4373,38889,1369
4374,19972,1341
4375,42628,2396
4376,73219,2185
4377,84453,3807
4378,40873,2161
4379,69140,1367
4380,50455,1900
4381,23365,1290
4382,8675,2115
4383,42001,2145
4384,45493,1728
4385,99539,1207
4386,43270,1378
4387,17268,2484
4388,1333,1353
4389,59459,1973
4390,19475,2941
4391,13337,1549
4392,12385,2558
4393,26337,2335
4394,47162,1237
4395,74586,3396
4396,57549,1953
4397,49561,2026
4398,73906,1971
4399,85377,4801
4400,34336,3102
4401,10944,3463
4402,22322,4150
4403,63996,1385
4404,93849,1725
4405,22594,3320
4406,96941,1989
4407,64564,2474
4408,81761,2966
4409,18163,1774
4410,6577,1759
4411,44377,2427
4412,78215,1417
4413,25622,2646
4414,6384,2254
4415,66393,5658
4416,66467,1540
4417,96883,1611
4418,71802,4454
4419,93708,2540
4420,85191,2422
4421,46594,2977
4422,48810,2176
4423,11917,2576
4424,64024,3006
4425,69715,1475
4426,89477,1983
4427,48378,1282
4428,56909,3694
4429,30914,2623
4430,39496,2615
4431,77413,1411
4432,80253,1893
4433,29509,1608
4434,93716,1920
4435,18545,1981
4436,27129,1908
4437,81332,3003
4438,76331,1498
4439,20198,1304
4440,48071,1206
4441,12685,1276
4442,40295,2151
4443,8248,2995
4444,14301,2886
4445,11849,1743
4446,38831,1945
4447,60144,1314
4448,14393,2792
4449,69020,1370
4450,36721,2261
4451,34347,2366
4452,62025,2797
4453,95678,1730
4454,16114,2465
4455,19976,1685
4456,72408,3087
4457,79524,1286
4458,34534,1439
4459,82869,2540
4460,15045,1878
4461,7173,2295
4462,70207,4013
4463,3966,4491
4464,70553,1920
4465,19202,1657
4466,43725,1554
4467,97565,1600
4468,51846,2137
4469,28947,6814
4470,42998,2252
4471,921,3630
4472,37195,2776
4473,57687,2580
4474,47221,1223
4475,32055,1825
4476,60324,3104
4477,3372,2461
4478,62431,1907
4479,20154,1570
4480,47035,1619
4481,13528,1257
4482,484,2986
4483,47813,1626
4484,32333,2040
4485,91204,2256
4486,53220,1253
4487,73033,1970
4488,45613,2780
4489,71180,1309
4490,87055,1473
4491,92699,2302
4492,76108,2270
4493,45259,2206
4494,86411,4413
4495,84531,2471
4496,23054,2824
4497,57874,1459
4498,64263,2541
4499,31952,3953
4500,1075,1803
4501,85361,1769
4502,30069,3458
4503,66839,1223
4504,61928,1444
4505,8510,1658
4506,11375,2418
4507,34065,1455
4508,95692,2042
4509,24197,1506
4510,99712,2119
4511,10503,4091
4512,27808,1238
4513,65091,2203
4514,66638,1239
4515,73764,1914
4516,58161,4657
4517,47571,1261
4518,70179,2895
4519,30219,2072
4520,50377,1412
4521,87420,3071
4522,12633,1487
4523,42118,2785
4524,89651,2540
4525,76463,2338
4526,2100,2437
4527,82515,1447
4528,47267,4512
4529,19052,1649
4530,34062,1702
4531,40578,2903
4532,73048,1388
4533,331,1773
4534,40434,1600
4535,48425,1394
4536,49880,3323
4537,13122,2869
4538,62540,1401
4539,34846,1266
4540,49175,2129
4541,42498,2542
4542,3801,3513
4543,37449,1202
4544,80769,4247
4545,84452,1650
4546,34650,1473
4547,47829,1504
4548,5177,3391
4549,87276,2133
4550,62431,1943
4551,28511,3979
4552,33610,2959
4553,78197,1244
4554,61846,2704
4555,61143,1737
4556,17547,2512
4557,61316,1468
4558,26786,1263
4559,88949,2728
4560,37786,1610
4561,90552,1865
4562,81736,2702
4563,12970,1399
4564,72819,1499
4565,23787,1405
4566,88690,1677
4567,49833,1442
4568,83126,1684
4569,1043,3959
4570,45645,3670
4571,98349,3046
4572,32488,1599
4573,89497,1953
4574,37500,1845
4575,10983,2807
4576,395,2525
4577,4238,2371
4578,19566,1613
4579,59807,2473
4580,11163,3831
4581,58887,6348
4582,80434,2439
4583,15896,1490
4584,1737,1356
4585,90816,1283
4586,22273,2416
4587,4964,1564
4588,48342,2425
4589,21260,2114
4590,86899,1372
4591,36757,1830
4592,89302,10340
4593,63717,3192
4594,60538,1376
4595,76194,1552
4596,84492,1671
4597,76213,1746
4598,49531,2032
4599,53874,2833
4600,93746,1297
4601,83772,3833
4602,9629,2694
4603,97622,1883
4604,39828,1263
4605,93986,1648
4606,88492,2551
4607,92828,2594
4608,62409,1369
4609,36430,2886
4610,59259,1375
4611,68070,4318
4612,45537,2367
4613,66147,2237
4614,4857,3113
4615,49790,1558
4616,9255,1677
4617,26964,1687
4618,82140,1734
4619,306,3856
4620,63477,3873
4621,6942,2339
4622,62365,1981
4623,10183,3241
4624,9494,3118
4625,17076,2339
4626,37961,1293
4627,63045,1694
4628,32430,2715
4629,99829,1603
4630,33965,1626
4631,85369,3959
4632,35366,4063
4633,38312,3216
4634,16553,1828
4635,37361,1810
4636,44924,1252
4637,56128,3306
4638,77580,1782
4639,40987,1622
4640,17509,2369
4641,3725,2485
4642,65523,2589
4643,303,2597
4644,55748,1239
4645,18830,2440
4646,9199,4840
4647,48326,2383
4648,11584,2482
4649,93883,2525
4650,74354,3474
4651,90094,3906
4652,27795,2389
4653,89742,2273
4654,65572,2060
4655,41439,1229
4656,73336,2744
4657,94072,1309
4658,56348,1235
4659,26739,1313
4660,35098,1343
4661,59373,2024
4662,5280,1750
4663,91523,2851
4664,78596,1326
4665,55724,2159
4666,36586,1206
4667,16833,1489
4668,48380,1814
4669,4935,1281
4670,9846,2708
4671,45562,1327
4672,85794,1543
4673,29276,4373
4674,16066,2310
4675,54649,2646
4676,80498,2585
4677,27804,1302
4678,86943,1413
4679,18197,2331
4680,15975,1837
4681,93416,1942
4682,53095,1649
4683,86519,3290
4684,48954,2392
4685,60695,2262
4686,49743,1610
4687,55119,2288
4688,54738,2789
4689,93870,9210
4690,63027,1332
4691,26367,3862
4692,290,2133
4693,18195,2365
4694,6856,1964
4695,49084,1909
4696,24278,1404
4697,83227,2087
4698,55775,1840
4699,78880,1533
4700,85110,2451
4701,85406,3073
4702,42948,2544
4703,55628,1969
4704,96391,2898
4705,1276,1442
4706,81343,3849
4707,85653,1454
4708,34610,6911
4709,56501,5141
4710,18879,1200
4711,97117,1515
4712,55326,1736
4713,4034,2551
4714,50912,1601
4715,25449,2649
4716,75358,1372
4717,55456,1808
4718,70376,1715
4719,69903,1342
4720,46317,1756
4721,18565,1695
4722,55147,1439
4723,47755,2259
4724,38641,1754
4725,96398,3542
4726,1079,2107
4727,81502,1938
4728,81976,3049
4729,37560,2160
4730,66801,2313
4731,99872,1419
4732,9703,1513
4733,38994,2288
4734,26520,2032
4735,55096,1611
4736,66895,1871
4737,46065,2425
4738,87083,3397
4739,47678,1469
4740,40074,1844
4741,94517,1336
4742,95397,3629
4743,86132,1687
4744,43344,2554
4745,24905,1730
4746,80606,1924
4747,82025,1216
4748,61929,2441
4749,67313,2406
4750,69599,2181
4751,92081,1550
4752,33541,2478
4753,89467,1768
4754,78176,2367
4755,22089,1798
4756,31717,2275
4757,32471,2362
4758,95319,1512
4759,29739,2522
4760,39526,1234
4761,91322,1732
4762,44745,1514
4763,79518,2972
4764,54315,1691
4765,51056,1279
4766,13236,2221
4767,86155,3382
4768,46225,1564
4769,86878,1814
4770,52087,1879
4771,10470,1438
4772,9446,2436
4773,95246,1729
4774,85308,1248
4775,41530,1237
4776,78218,1325
4777,61772,1697
4778,40844,1568
4779,6641,2383
4780,40548,3314
4781,57730,1996
4782,82556,2429
4783,31576,1935
4784,392,3452
4785,83155,1498
4786,44658,3830
4787,58682,2145
4788,37586,2334
4789,63191,1791
4790,69657,2119
4791,93341,2379
4792,86948,2432
4793,54670,1511
4794,87859,1776
4795,90573,2550
4796,86694,1766
4797,84680,1577
4798,31269,1507
4799,12756,2015
4800,91599,8295
4801,17490,3127
4802,71663,1481
4803,8193,2301
4804,27476,2568
4805,22863,2509
4806,63724,2406
4807,25824,4085
4808,12438,2119
4809,75966,1663
4810,10285,4022
4811,36337,1444
4812,10036,2073
4813,74225,1489
4814,87619,1649
4815,89410,2255
4816,78728,1719
4817,18298,2199
4818,11082,1206
4819,14102,3679
4820,91355,4034
4821,40593,1297
4822,18055,1413
4823,33883,3698
4824,79379,1501
4825,9793,2411
4826,72020,1669
4827,94388,1257
4828,15212,1314
4829,50141,1541
4830,65973,6141
4831,19247,1846
4832,84825,2660
4833,81097,1896
4834,41242,2515
4835,74036,1390
4836,21435,1633
4837,94855,2640
4838,2309,1706
4839,7468,1884
4840,13504,1646
4841,77033,1764
4842,89078,2141
4843,41227,2275
4844,820,1252
4845,95672,1919
4846,20896,1767
4847,21224,2059
4848,58584,2438
4849,85155,2084
4850,2420,2832
4851,3631,1295
4852,56605,2374
4853,72643,1851
4854,12144,2796
4855,25663,3303
4856,8772,2778
4857,63210,1931
4858,2872,1462
4859,32581,2489
4860,12565,2080
4861,84198,1412
4862,93133,1817
4863,78008,1844
4864,54598,1347
4865,38259,2946
4866,74107,2662
4867,75802,1686
4868,69231,3667
4869,28387,2256
4870,56697,2409
4871,97041,2113
4872,36793,1689
4873,17212,3941
4874,47968,2563
4875,8802,2719
4876,12228,1313
4877,8110,1363
4878,44621,1799
4879,54043,2860
4880,91725,1242
4881,48968,1320
4882,96553,1993
4883,66735,2263
4884,2121,1295
4885,84356,3158
4886,58348,1378
4887,92913,4057
4888,81057,1288
4889,62319,1506
4890,56764,1564
4891,30270,1886
4892,57611,2020
4893,22188,4127
4894,84744,1630
4895,63272,2720
4896,94453,2646
4897,71526,1941
4898,20127,3261
4899,83410,3931
4900,9689,1548
4901,9912,2789
4902,48784,1316
4903,62991,3349
4904,43893,1835
4905,78048,2310
4906,29956,2236
4907,23573,2245
4908,80950,2336
4909,85801,2094
4910,47712,2128
4911,21427,1522
4912,23774,1409
4913,77122,2512
4914,22190,3344
4915,53808,2657
4916,61030,1491
4917,95001,2073
4918,35974,2212
4919,91943,1371
4920,74014,2148
4921,71362,2654
4922,38188,1662
4923,55194,1415
4924,64115,1889
4925,25068,2192
4926,81551,4430
4927,12172,1276
4928,46643,2134
4929,40015,2518
4930,48308,1308
4931,30601,1412
4932,60139,2314
4933,26906,1785
4934,92267,1993
4935,18029,1445
4936,63908,3137
4937,62489,1627
4938,75870,1512
4939,1410,1333
4940,31953,4196
4941,72637,6108
4942,71078,1214
4943,92038,2218
4944,17757,1281
4945,71613,1401
4946,68102,2578
4947,48722,3695
4948,2554,3120
4949,36643,1529
4950,47898,1849
4951,91418,1906
4952,37666,2890
4953,62456,2060
4954,33087,1314
4955,30232,1398
4956,64375,2149
4957,6554,1570
4958,96773,2542
4959,57449,2693
4960,59474,1303
4961,64810,1646
4962,93597,1418
4963,7560,1437
4964,79570,3840
4965,79017,1462
4966,69045,2022
4967,85023,1842
4968,14879,2067
4969,28845,1821
4970,28759,1227
4971,32821,1592
4972,2710,3657
4973,14679,1745
4974,47503,3443
4975,29158,2296
4976,20040,5870
4977,59041,2205
4978,98805,2211
4979,83887,2690
4980,22981,1538
4981,68591,1879
4982,88024,1671
4983,76822,1216
4984,13258,1849
4985,79190,2547
4986,2514,2063
4987,48006,1285
4988,60380,3743
4989,50757,1365
4990,14824,1666
4991,48792,4305
4992,71832,2205
4993,13707,1446
4994,39607,1572
4995,56955,2031
4996,26068,2707
4997,5350,1603
4998,75275,2135
4999,67226,2030
5000,69168,1952
5001,30642,1588
5002,10805,1550
5003,28391,3154
5004,36591,1767
5005,14035,1220
5006,73857,2166
5007,60388,4546
5008,49944,1266
5009,3949,2400
5010,71636,1221
5011,92868,1273
5012,30454,1466
5013,6490,4830
5014,71012,1468
5015,12418,3717
5016,93420,2812
5017,90266,1934
5018,94483,1907
5019,42916,1607
5020,25229,1916
5021,21545,1639
5022,52990,1677
5023,96871,1474
5024,30331,1949
5025,98543,3296
5026,61191,3530
5027,38388,1699
5028,7391,1245
5029,49439,1778
5030,92951,1218
5031,35522,1656
5032,85888,2471
5033,69865,3899
5034,9296,4107
5035,77902,2639
5036,10757,1912
5037,47386,2959
5038,8513,1339
5039,75031,2089
5040,91847,1540
5041,9379,3699
5042,44699,1938
5043,28210,2092
5044,84946,1344
5045,87143,1380
5046,28633,1586
5047,87294,1497
5048,79417,3671
5049,58664,1478
5050,73868,2787
5051,21097,2307
5052,52493,1338
5053,83229,1486
5054,8372,1362
5055,74300,1805
5056,85624,1264
5057,24571,1938
5058,69778,2043
5059,43471,1269
5060,79009,1677
5061,72621,1232
5062,75185,1768
5063,24706,1490
5064,61872,1234
5065,6348,1762
5066,87881,1287
5067,33336,2084
5068,69245,2069
5069,54416,2350
5070,50264,1459
5071,99973,1218
5072,38190,2524
5073,36729,1431
5074,36824,1232
5075,20527,2171
5076,34950,3061
5077,20056,1768
5078,33813,2461
5079,22242,1829
5080,97815,1937
5081,6531,1235
5082,30304,2384
5083,44782,1327
5084,58309,1209
5085,88617,1224
5086,56734,2417
5087,25325,2677
5088,41779,1616
5089,9003,1439
5090,59371,2339
5091,30742,2863
5092,23292,1256
5093,89025,2817
5094,72048,1700
5095,17561,1265
5096,56829,2415
5097,38818,2735
5098,55869,1450
5099,38560,4434
5100,99948,1834
5101,6206,1284
5102,19137,1282
5103,50041,1594
5104,43625,3287
5105,44115,3260
5106,92134,1285
5107,50298,1634
5108,2232,1601
5109,73386,3207
5110,65061,2741
5111,18346,1392
5112,57774,1679
5113,31575,3293
5114,24122,1700
5115,8198,2152
5116,12272,2826
5117,53328,1958
5118,94366,1931
5119,20821,1473
5120,91312,3168
5121,47274,2462
5122,49290,1247
5123,1256,2663
5124,63210,5358
5125,98089,2859
5126,9117,2360
5127,57008,1539
5128,17928,1602
5129,7860,1907
5130,87064,2916
5131,72300,3024
5132,29262,1498
5133,52492,2477
5134,37160,3531
5135,62321,1411
5136,59131,2249
5137,33127,2974
5138,62349,1803
5139,83548,1357
5140,18832,1471
5141,27661,2438
5142,89821,2877
5143,4888,2776
5144,47722,2468
5145,43566,1557
5146,23265,2316
5147,23665,1808
5148,2726,2779
5149,92005,2501
5150,5956,2891
5151,4495,3264
5152,24610,2141
5153,26222,2868
5154,30993,3184
5155,17965,1824
5156,98816,1934
5157,8849,1682
5158,85466,1398
5159,63912,1668
5160,93680,2318
5161,76841,1720
5162,82113,2841
5163,54778,2742
5164,48663,2061
5165,56836,2001
5166,16439,2385
5167,570,3971
5168,93112,1334
5169,36469,2058
5170,67097,2080
5171,57386,2203
5172,26847,2270
5173,94844,1620
5174,27184,1650
5175,17025,2267
5176,74538,2367
5177,42847,1785
5178,1815,1667
5179,93687,1323
5180,57094,1748
5181,43134,1589
5182,79870,5950
5183,48204,2974
5184,88010,1289
5185,53276,2269
5186,3702,2626
5187,59894,2868
5188,7405,1546
5189,41876,1936
5190,81320,1952
5191,70884,1898
5192,23486,1404
5193,68551,1927
5194,5137,1882
5195,52474,1233
5196,54256,2178
5197,92289,2394
5198,1026,2326
5199,9280,1302
5200,69744,1350
5201,2446,1702
5202,55638,3110
5203,57327,1363
5204,5739,2581
5205,87579,2642
5206,14829,1598
5207,53132,2398
5208,9719,3035
5209,9759,1455
5210,32681,1474
5211,85404,2475
5212,92800,2059
5213,51313,3279
5214,78395,3065
5215,38439,1730
5216,30731,1330
5217,47507,4087
5218,54844,1872
5219,48370,1275
5220,64024,1436
5221,48614,2857
5222,23268,1629
5223,42323,1730
5224,48668,1606
5225,39583,1376
5226,35567,2059
5227,24421,3199
5228,3155,1546
5229,80064,1759
5230,41673,1818
5231,26152,1218
5232,64007,2133
5233,22617,1856
5234,44559,1578
5235,75553,2968
5236,90964,1660
5237,10081,2937
5238,83251,2565
5239,52896,1908
5240,18360,1331
5241,91513,1947
5242,87704,6610
5243,7793,3108
5244,24374,1515
5245,83581,2304
5246,59714,1637
5247,174,1708
5248,69748,2076
5249,29904,4002
5250,78643,1648
5251,42810,2446
5252,51595,3027
5253,27824,1403
5254,79010,2898
5255,22999,1382
5256,90886,1573
5257,51357,3070
5258,86513,2788
5259,32242,1398
5260,55112,2027
5261,29686,1498
5262,6983,2038
5263,26212,1535
5264,32874,1245
5265,79072,2786
5266,54570,2126
5267,79745,1342
5268,95352,2004
5269,4283,1828
5270,37701,2895
5271,68113,1386
5272,27277,2279
5273,76244,2081
5274,49562,2371
5275,64590,1603
5276,83085,1286
5277,40864,4141
5278,82248,2183
5279,82785,1880
5280,67496,1249
5281,18248,1689
5282,52203,2058
5283,8845,2679
5284,99671,1609
5285,3073,1461
5286,72823,2968
5287,63881,3509
5288,20651,2461
5289,89971,1552
5290,73307,1537
5291,48293,2720
5292,39842,2256
5293,16767,1401
5294,34012,3513
5295,28252,1829
5296,75956,1317
5297,56823,1500
5298,6970,3309
5299,39776,3302
5300,3368,3602
5301,44550,1711
5302,68608,1806
5303,65014,2862
5304,87772,1688
5305,68270,1708
5306,61305,1311
5307,96360,2231
5308,95802,1945
5309,57184,1997
5310,95614,1441
5311,85485,1663
5312,56718,1579
5313,36304,2337
5314,68222,1224
5315,3607,2647
5316,91178,2465
5317,51901,4179
5318,85993,1733
5319,1855,2586
5320,81174,2153
5321,66518,3341
5322,13280,1207
5323,92755,3243
5324,84365,1495
5325,90086,1266
5326,54459,2594
5327,64567,2613
5328,95173,2235
5329,95490,1484
5330,63973,2406
5331,15984,1689
5332,15067,2072
5333,60269,1709
5334,48129,1226
5335,89467,4616
5336,50977,3058
5337,66756,1409
5338,43781,3828
5339,73523,1724
5340,90027,1584
5341,52131,1833
5342,3834,2231
5343,32416,1692
5344,52576,3645
5345,87157,2880
5346,2903,2396
5347,34404,2469
5348,22458,1607
5349,26036,2647
5350,96760,2814
5351,22823,1503
5352,64365,1376
5353,27828,2383
5354,73705,3851
5355,5613,4095
5356,99482,2829
5357,76208,2404
5358,52773,2886
5359,56267,1663
5360,10494,1579
5361,62768,1208
5362,44840,1815
5363,98538,1534
5364,6203,1769
5365,58502,2293
5366,63783,1551
5367,13313,3771
5368,74996,4416
5369,15458,1792
5370,80180,1885
5371,80913,2070
5372,14570,1766
5373,40452,1626
5374,85122,2609
5375,65944,4507
5376,32988,1552
5377,70424,2153
5378,89269,2055
5379,23582,1274
5380,87646,1544
5381,13221,2029
5382,35540,1586
5383,32605,1889
5384,61002,1242
5385,93859,1461
5386,60211,1457
5387,29134,1361
5388,54704,2241
5389,17512,1669
5390,38365,2281
5391,77461,1633
5392,76912,1941
5393,95447,2988
5394,9326,1658
5395,78125,1439
5396,35962,3276
5397,69421,1293
5398,2596,1242
5399,85355,1437
5400,70939,1211
5401,5187,1812
5402,48372,2618
5403,39387,2602
5404,54188,1835
5405,55366,2323
5406,2736,1516
5407,53157,1735
5408,92586,1771
5409,79680,2916
5410,9864,1860
5411,68281,2585
5412,16579,2157
5413,68036,2688
5414,87717,1906
5415,46427,1938
5416,22960,1489
5417,36695,1783
5418,98333,3406
5419,11555,3559
5420,80697,1597
5421,15408,1204
5422,27124,1633
5423,45934,2649
5424,5471,5097
5425,135,2448
5426,53420,3864
5427,28432,2497
5428,44403,2284
5429,27646,2196
5430,58820,3902
5431,16178,3223
5432,72152,3029
5433,51563,1535
5434,75076,1458
5435,12026,1373
5436,71017,2976
5437,70361,3575
5438,51725,3791
5439,63308,1228
5440,44461,1373
5441,50307,1224
5442,79985,2140
5443,91505,1373
5444,43848,1677
5445,4865,3014
5446,4579,6314
5447,6642,1537
5448,7246,3784
5449,36448,1254
5450,82151,1893
5451,76985,2346
5452,29288,1646
5453,21093,3296
5454,17617,1460
5455,46936,4784
5456,7590,2509
5457,5287,1457
5458,20121,1691
5459,1231,2613
5460,62569,1458
5461,74683,3298
5462,12506,2770
5463,53978,1620
5464,50672,2080
5465,32751,2168
5466,22154,2003
5467,39175,2609
5468,32767,2749
5469,51220,1728
5470,85923,1952
5471,25555,3252
5472,95251,4279
5473,5260,1473
5474,80514,2523
5475,73175,1509
5476,32047,3066
5477,57924,2916
5478,23222,2059
5479,30303,1773
5480,39679,2599
5481,80530,1455
5482,19812,2046
5483,21434,2635
5484,30896,1657
5485,94489,1228
5486,36843,1527
5487,78418,1826
5488,29160,1466
5489,3821,1441
5490,41964,2230
5491,35764,1966
5492,57115,1681
5493,51117,1755
5494,53843,5505
5495,93429,2376
5496,6151,3642
5497,52593,3760
5498,27045,2013
5499,47434,2142
5500,18561,2553
5501,89956,1277
5502,41951,2059
5503,59197,2254
5504,664,2456
5505,32000,1707
5506,19186,1635
5507,80656,2770
5508,90825,3681
5509,27274,1729
5510,57474,2575
5511,60415,1812
5512,17602,1778
5513,20202,1734
5514,84764,3727
5515,14595,1465
5516,24439,1793
5517,10232,1270
5518,42599,1641
5519,98672,1822
5520,22286,1962
5521,9142,3376
5522,5500,1801
5523,79808,2988
5524,69482,1634
5525,55843,1396
5526,86376,1440
5527,78545,1880
5528,69373,1666
5529,40206,1704
5530,98070,1202
5531,82619,1384
5532,92522,1408
5533,66845,2748
5534,75494,3384
5535,37592,6134
5536,81651,2445
5537,78838,2728
5538,52337,2143
5539,95258,3611
5540,67470,2614
5541,84078,1447
5542,75433,2283
5543,92758,2678
5544,48251,1376
5545,47693,1520
5546,3106,2267
5547,46982,3674
5548,56630,1992
5549,2968,2862
5550,45842,2411
5551,14589,1493
5552,11950,2162
5553,91371,1376
5554,57484,2257
5555,20942,2176
5556,31837,1945
5557,30873,1408
5558,95987,2665
5559,51179,1868
5560,8525,1967
5561,62422,2034
5562,57494,3159
5563,62277,2457
5564,2895,1315
5565,22549,1299
5566,89942,1445
5567,26169,1437
5568,34458,1408
5569,7245,1689
5570,90008,1833
5571,7704,2728
5572,92220,1794
5573,80813,1228
5574,87203,2952
5575,32779,1359
5576,66133,4457
5577,55741,1790
5578,2761,1345
5579,64429,1627
5580,30548,2944
5581,35454,1932
5582,63646,4619
5583,73970,3187
5584,20886,3134
5585,5935,2095
5586,34479,1233
5587,91611,1686
5588,48026,1517
5589,66414,1236
5590,20580,2200
5591,5719,1772
5592,3874,1941
5593,88549,2965
5594,50658,1821
5595,71186,7101
5596,35977,1914
5597,33016,1977
5598,45384,2413
5599,45572,2519
5600,75155,1433
5601,30152,2650
5602,42373,1732
5603,97599,1606
5604,49732,1560
5605,4175,2046
5606,6153,1862
5607,14273,2272
5608,83657,1325
5609,78994,3193
5610,40563,1430
5611,54189,2450
5612,20119,1679
5613,10089,1738
5614,80390,1268
5615,39958,2093
5616,19091,2456
5617,37001,2867
5618,2928,1362
5619,33227,2011
5620,57225,2337
5621,42422,1475
5622,14528,1705
5623,94003,3258
5624,693,1803
5625,59039,3274
5626,25089,2718
5627,76378,2104
5628,9291,2561
5629,14391,1484
5630,31921,2550
5631,19468,2178
5632,41175,1237
5633,41766,1325
5634,65426,1635
5635,89241,1550
5636,72195,2936
5637,16524,4474
5638,62055,1320
5639,3373,1833
5640,22292,2488
5641,57855,2732
5642,88113,6339
5643,58396,1231
5644,17067,2113
5645,67539,1208
5646,46124,1447
5647,38577,1365
5648,45606,2238
5649,99462,2943
5650,97713,2955
5651,6091,3530
5652,81859,1657
5653,93302,1858
5654,50695,1582
5655,85893,1487
5656,29487,1343
5657,64204,2039
5658,68735,2923
5659,90644,3328
5660,63372,1686
5661,79519,4439
5662,56817,1555
5663,71838,1252
5664,15633,1911
5665,55563,2778
5666,51673,2261
5667,16769,2680
5668,2300,2629
5669,98889,2430
5670,77209,1313
5671,22007,1656
5672,29966,2629
5673,36557,2289
5674,7397,3154
5675,46363,5643
5676,92475,1298
5677,83422,2771
5678,29643,1579
5679,77267,1402
5680,21518,1980
5681,37598,3317
5682,26593,3546
5683,77995,1615
5684,72511,1616
5685,37429,1643
5686,95498,1752
5687,42628,2347
5688,36591,1252
5689,53091,1667
5690,4948,1245
5691,71515,2314
5692,37501,1841
5693,32482,2115
5694,30303,2178
5695,81653,1407
5696,53776,1996
5697,86759,1677
5698,24324,4106
5699,70439,1362
5700,63000,3413
5701,14201,1821
5702,62978,1576
5703,60796,2004
5704,69029,2495
5705,59207,2253
5706,35922,1690
5707,81239,2398
5708,30565,1966
5709,18800,1665
5710,4062,1394
5711,28689,1772
5712,10713,1374
5713,34354,2649
5714,63900,1921
5715,71262,1570
5716,79289,1885
5717,97957,2119
5718,74211,3264
5719,15431,2657
5720,75599,5511
5721,22838,1263
5722,85674,1280
5723,10418,3542
5724,66563,1946
5725,6815,1444
5726,35188,1208
5727,2856,3318
5728,56969,1477
5729,48642,1853
5730,52,1379
5731,4750,1308
5732,22381,3050
5733,80739,2622
5734,84821,2694
5735,19572,2901
5736,6535,1494
5737,60733,2612
5738,76586,1341
5739,41549,2427
5740,57220,1792
5741,53107,2484
5742,47833,1335
5743,36049,1550
5744,68029,1401
5745,48027,3271
5746,74896,1539
5747,34557,2540
5748,43719,2587
5749,58010,2366
5750,60476,1413
5751,37054,2040
5752,19201,2122
5753,53496,1203
5754,77020,2408
5755,2492,1288
5756,48399,1246
5757,69698,1457
5758,73247,1433
5759,90355,2332
5760,36199,2268
5761,44399,1263
5762,43524,8015
5763,30491,3399
5764,98279,2974
5765,48846,3403
5766,16463,2903
5767,74125,3053
5768,38682,3062
5769,81115,1381
5770,74261,2966
5771,42342,1240
5772,80636,1588
5773,33697,1980
5774,85010,1470
5775,68820,1382
5776,60578,2636
5777,34515,2250
5778,44637,1458
5779,24859,2580
5780,45083,1218
5781,64143,2579
5782,20046,1718
5783,86521,1580
5784,15746,1478
5785,3492,1711
5786,15776,2634
5787,14146,3087
5788,37424,2372
5789,79112,2927
5790,66728,2823
5791,25899,2685
5792,31799,1851
5793,38307,2210
5794,1466,2095
5795,336,1282
5796,7882,1497
5797,87051,2032
5798,97669,1713
5799,36903,1325
5800,55316,1367
5801,38926,1624
5802,69086,1274
5803,54377,1935
5804,81187,1370
5805,71273,2210
5806,16915,2116
5807,78555,1335
5808,48747,2009
5809,51981,2402
5810,56128,2802
5811,14428,2535
5812,29165,2543
5813,15010,2789
5814,43407,1949
5815,52597,2817
5816,50170,2121
5817,740,1204
5818,93292,2459
5819,33637,1665
5820,49175,2998
5821,51973,2038
5822,59345,1764
5823,99616,1395
5824,41558,3602
5825,2923,1209
5826,7631,1273
5827,23711,1211
5828,22058,1589
5829,13144,2390
5830,38942,2575
5831,20350,1681
5832,83051,1785
5833,9945,3488
5834,31004,1408
5835,41345,2122
5836,51326,2074
5837,13322,1261
5838,32488,2255
5839,36080,2498
5840,82503,1495
5841,48187,1342
5842,39616,2488
5843,41509,1670
5844,35924,2101
5845,82833,3016
5846,11317,2235
5847,55437,2089
5848,51765,1827
5849,96455,1393
5850,46956,1521
5851,67626,3744
5852,39620,2448
5853,83577,1276
5854,54200,1954
5855,32488,2349
5856,79438,1951
5857,96492,2074
5858,22698,1295
5859,31993,1449
5860,58923,1314
5861,42112,2121
5862,22547,1444
5863,59623,1567
5864,66853,3401
5865,41508,1282
5866,23029,1325
5867,97280,2604
5868,11311,3201
5869,40366,2664
5870,77442,2375
5871,74491,1987
5872,59075,2351
5873,39596,1677
5874,73647,1428
5875,14458,1700
5876,38944,1240
5877,17456,1288
5878,38506,1819
5879,8515,1756
5880,84702,1261
5881,40546,1802
5882,47588,2736
5883,68407,1260
5884,75921,2145
5885,35438,1246
5886,75166,1692
5887,70258,1332
5888,74791,2294
5889,77946,1917
5890,73794,3362
5891,74776,2437
5892,11197,2745
5893,14742,1768
5894,26834,2174
5895,57275,1334
5896,96694,2334
5897,24591,1293
5898,58217,1698
5899,55344,2257
5900,36962,2125
5901,38637,1288
5902,58731,2351
5903,54803,2171
5904,49581,1620
5905,11924,2187
5906,75109,2220
5907,70090,1700
5908,84785,1541
5909,13222,2456
5910,4611,1376
5911,17707,2155
5912,74708,1999
5913,78250,2975
5914,64502,1264
5915,12738,4345
5916,13579,4591
5917,57399,2520
5918,29246,1898
5919,51799,2780
5920,47933,2185
5921,57238,1555
5922,65292,1598
5923,76562,2386
5924,22346,1814
5925,31108,2194
5926,67948,1807
5927,38568,1710
5928,54477,1312
5929,26297,1243
5930,57428,1431
5931,57150,1267
5932,56698,1830
5933,50279,3425
5934,29504,2311
5935,28647,2678
5936,73737,2442
5937,62272,3238
5938,50090,1792
5939,93464,1453
5940,95174,2510
5941,68731,2252
5942,16293,1614
5943,82742,2088
5944,15094,4341
5945,32081,3938
5946,78566,3138
5947,45950,2872
5948,62852,1219
5949,97704,2179
5950,6578,1442
5951,74235,1436
5952,53868,1500
5953,30927,2022
5954,70023,1519
5955,63522,2129
5956,9261,2050
5957,9879,2436
5958,66826,1783
5959,58463,3507
5960,34301,1828
5961,42793,2893
5962,78772,2064
5963,36411,2793
5964,63072,2997
5965,56324,1248
5966,77771,1934
5967,99273,1671
5968,68902,1955
5969,22439,3140
5970,75530,1497
5971,72512,1214
5972,58791,1796
5973,45603,1659
5974,78866,8246
5975,51964,1926
5976,89129,1519
5977,33235,2122
5978,71113,2109
5979,2428,2175
5980,55334,1660
5981,92275,4171
5982,69705,1866
5983,9524,1991
5984,28789,3293
5985,29370,2350
5986,57392,2598
5987,11436,1607
5988,32645,1969
5989,94337,4467
5990,92645,2197
5991,12011,1343
5992,49803,12180
5993,94360,2373
5994,94986,3149
5995,28899,1225
5996,53257,1470
5997,95875,1417
5998,17157,1806
5999,95106,5283
6000,99363,3167
6001,50089,1447
6002,80684,1223
6003,83119,1291
6004,12497,3267
6005,74141,3284
6006,39927,4684
6007,14804,3089
6008,61942,2040
6009,81487,1220
6010,97729,1298
6011,33642,1808
6012,21716,2660
6013,29796,1396
6014,27917,1971
6015,21976,1847
6016,56063,2465
6017,77951,5302
6018,14930,1627
6019,22477,4977
6020,88514,2146
6021,32450,1815
6022,56923,3118
6023,70758,1591
6024,11787,1979
6025,75829,1488
6026,23617,1220
6027,76819,2084
6028,66891,3258
6029,14980,1359
6030,81599,1487
6031,20937,2776
6032,1927,3703
6033,70608,1747
6034,30788,3144
6035,99725,2532
6036,8698,2187
6037,47153,1389
6038,59873,1895
6039,55661,2628
6040,60558,1252
6041,19160,4115
6042,75685,3623
6043,66990,1793
6044,11896,3754
6045,73492,1549
6046,66238,2799
6047,75527,1433
6048,45525,2188
6049,21356,1315
6050,81045,2229
6051,87166,2060
6052,62394,5001
6053,71161,1559
6054,21938,6668
6055,88573,1364
6056,2495,2603
6057,81859,1690
6058,51701,1915
6059,18760,1883
6060,65516,3084
6061,15845,1577
6062,75964,1857
6063,98776,1341
6064,25032,1429
6065,42966,1480
6066,42016,1988
6067,54083,1546
6068,93858,2136
6069,71132,1890
6070,43482,1948
6071,45843,1784
6072,50992,2673
6073,81460,1503
6074,5057,1209
6075,55245,2220
6076,99138,4175
6077,62669,1780
6078,35363,6888
6079,66022,4590
6080,88592,4018
6081,7855,1828
6082,93851,2169
6083,99669,1585
6084,70627,4464
6085,74531,2223
6086,16978,1451
6087,77674,1366
6088,51059,1341
6089,72063,1676
6090,65210,1648
6091,30214,2300
6092,20748,4458
6093,39852,2148
6094,88550,1418
6095,9146,1257
6096,87446,3599
6097,91620,2360
6098,83402,1416
6099,69001,1291
6100,43822,1419
6101,80301,2624
6102,28752,1778
6103,21487,1719
6104,4258,2490
6105,56273,4325
6106,24840,1543
6107,72538,1964
6108,94690,1733
6109,37024,1430
6110,30954,1619
6111,77147,1228
6112,63165,2487
6113,34565,2076
6114,92658,3622
6115,13244,2505
6116,3578,3037
6117,74162,2962
6118,62065,2858
6119,14975,1687
6120,9705,1650
6121,15220,2319
6122,79636,2003
6123,28036,2614
6124,99609,1318
6125,41399,5533
6126,71832,2823
6127,71025,7971
6128,36517,3321
6129,75082,1437
6130,67012,3872
6131,70797,1845
6132,90429,2641
6133,2873,2063
6134,38018,1281
6135,68887,1447
6136,70150,1755
6137,13312,1386
6138,26306,1896
6139,22271,2413
6140,11382,2391
6141,7357,2232
6142,19399,1442
6143,19796,1828
6144,2171,1810
6145,25504,1768
6146,28812,2336
6147,9404,1660
6148,39783,2046
6149,19113,1437
6150,45699,1266
6151,56752,2161
6152,10443,1627
6153,59932,1861
6154,61538,4428
6155,96992,1698
6156,79019,1692
6157,1604,2987
6158,5499,3073
6159,98785,2821
6160,447,1786
6161,88359,1548
6162,80984,1217
6163,27284,1702
6164,2494,1261
6165,16157,3598
6166,31154,2602
6167,68900,1264
6168,76440,1956
6169,67399,1729
6170,22436,2407
6171,14437,3002
6172,44363,2254
6173,71048,1220
6174,59381,1716
6175,7469,1353
6176,93278,1489
6177,80862,2607
6178,59232,1301
6179,64064,1410
6180,35992,1989
6181,71840,1937
6182,93391,2028
6183,16163,2697
6184,4158,1406
6185,79511,1676
6186,72823,3304
6187,4205,1251
6188,63208,3223
6189,8897,1792
6190,80379,2249
6191,17068,2211
6192,25800,2892
6193,10316,3111
6194,21156,3081
6195,32109,2767
6196,60332,2070
6197,62945,2258
6198,65668,2451
6199,97210,1745
6200,57627,1467
6201,95720,2353
6202,41530,1695
6203,84635,2186
6204,63237,1693
6205,84750,1977
6206,58430,1461
6207,11165,2330
6208,33491,3126
6209,13817,1294
6210,69561,2524
6211,51745,1284
6212,15855,1903
6213,52382,3251
6214,31693,3684
6215,67389,1768
6216,9874,1804
6217,18908,1505
6218,51978,1925
6219,17722,1287
6220,10556,1359
6221,27612,1375
6222,63820,1473
6223,85023,2910
6224,90425,3883
6225,2101,2606
6226,5792,1307
6227,62855,1574
6228,88274,1243
6229,4992,2547
6230,89510,1227
6231,10164,1512
6232,46923,1417
6233,28407,1842
6234,58230,2101
6235,21877,1913
6236,91840,1636
6237,37143,1484
6238,84088,1787
6239,91879,1648
6240,10875,2281
6241,38137,1521
6242,49231,3584
6243,19929,2285
6244,93744,2350
6245,10158,3911
6246,49743,4731
6247,45352,4244
6248,33090,1752
6249,9759,1745
6250,63812,1302
6251,3831,2182
6252,49283,2585
6253,26765,2862
6254,52888,2154
6255,93582,2221
6256,70368,1268
6257,2720,2130
6258,23540,1550
6259,28182,1342
6260,40306,1301
6261,56959,1269
6262,23419,2815
6263,10297,1829
6264,2700,1257
6265,20818,1648
6266,6953,2705
6267,12832,1807
6268,3447,1519
6269,96583,2506
6270,25344,1786
6271,5822,1618
6272,24373,2098
6273,47977,2214
6274,64244,1770
6275,56439,2554
6276,87997,1699
6277,21650,2690
6278,93254,2011
6279,82158,1400
6280,21966,2559
6281,18071,2345
6282,2154,1672
6283,55142,27953
6284,28678,1930
6285,9034,5581
6286,95082,1972
6287,59536,2852
6288,85642,2050
6289,10882,1210
6290,64649,2911
6291,57471,1416
6292,18398,18231
6293,95813,2022
6294,93305,1255
6295,51216,1728
6296,31493,2042
6297,68426,2690
6298,49862,1538
6299,68564,1718
6300,33972,1601
6301,44623,6430
6302,35768,1668
6303,11386,1277
6304,27092,2113
6305,95683,1404
6306,88578,1311
6307,90955,2861
6308,75012,2027
6309,82127,2661
6310,13588,1361
6311,39996,1229
6312,42578,1289
6313,68612,1297
6314,84041,2874
6315,9345,1753
6316,85724,1954
6317,72410,1256
6318,48343,1831
6319,33353,2838
6320,54810,3197
6321,17053,3633
6322,41578,2926
6323,96766,3360
6324,37064,2241
6325,49548,1955
6326,30241,1496
6327,48416,1237
6328,48828,2827
6329,6610,1708
6330,77314,3630
6331,19205,3493
6332,54719,2254
6333,89845,1442
6334,54029,2882
6335,18851,1877
6336,86235,2406
6337,40818,1446
6338,64839,2363
6339,21054,2306
6340,68517,1653
6341,22047,2276
6342,77916,2160
6343,42938,2669
6344,12296,1422
6345,61049,3124
6346,20811,2050
6347,24538,1595
6348,28876,1768
6349,77400,1679
6350,50575,1479
6351,88721,2183
6352,89872,1451
6353,40347,1466
6354,16859,2051
6355,70991,1332
6356,12173,2113
6357,60407,2970
6358,47645,1295
6359,10814,2616
6360,56852,1960
6361,36658,3832
6362,4349,1677
6363,89501,1844
6364,43630,2450
6365,81526,2142
6366,94038,1576
6367,35573,1322
6368,52319,2623
6369,4899,1771
6370,81174,1630
6371,47343,2070
6372,25201,2401
6373,22033,1911
6374,65588,2092
6375,51248,1375
6376,16253,1385
6377,94809,2912
6378,33436,1663
6379,75969,1781
6380,67614,3532
6381,40639,1532
6382,4516,1857
6383,23366,2677
6384,53250,1375
6385,80939,2571
6386,78722,2121
6387,69614,2380
6388,10226,1487
6389,12020,1634
6390,4826,4034
6391,74641,1663
6392,60766,2043
6393,71237,2193
6394,33451,3073
6395,16481,2079
6396,97889,1247
6397,6396,1892
6398,7897,3071
6399,34464,1863
6400,88206,4123
6401,23817,2567
6402,33752,1462
6403,29790,1276
6404,63139,1857
6405,460,2289
6406,88271,3043
6407,86439,1992
6408,74064,2701
6409,72126,1623
6410,17449,2434
6411,55208,3968
6412,68191,2776
6413,82730,2337
6414,55691,2208
6415,66108,1978
6416,24961,1717
6417,1467,2267
6418,10397,2227
6419,83526,2286
6420,9904,1761
6421,44313,1769
6422,64673,2366
6423,80435,1349
6424,6354,1514
6425,91989,1574
6426,18990,3127
6427,46726,1501
6428,44797,1342
6429,96167,5241
6430,67152,4423
6431,71583,1828
6432,60130,1547
6433,22704,1585
6434,78139,1408
6435,23269,3228
6436,81617,1693
6437,62109,1566
6438,12396,2342
6439,67924,2021
6440,63436,2963
6441,66789,3190
6442,32232,1343
6443,7717,1683
6444,24405,1379
6445,81637,1472
6446,72264,4535
6447,7853,1713
6448,82155,2449
6449,49262,2397
6450,63952,1563
6451,41937,1397
6452,91926,2979
6453,78277,1770
6454,17058,2059
6455,15605,2228
6456,87411,7229
6457,5093,2963
6458,19316,2657
6459,16532,1459
6460,46694,1501
6461,13598,2718
6462,28935,1324
6463,86553,1523
6464,68725,2762
6465,13075,3140
6466,45583,2427
6467,92927,1913
6468,80082,1705
6469,12481,1696
6470,5807,2732
6471,21980,2790
6472,14699,3219
6473,14715,2659
6474,65468,1587
6475,4758,1211
6476,79937,2976
6477,82330,2139
6478,56615,2436
6479,12309,3705
6480,41358,2035
6481,34973,2487
6482,58243,3620
6483,15965,1888
6484,28847,1314
6485,38016,3453
6486,4335,6045
6487,11303,2153
6488,69966,2736
6489,13034,2984
6490,94325,1785
6491,56789,1435
6492,41246,1299
6493,22767,1736
6494,96602,3018
6495,50914,2219
6496,42265,1924
6497,41949,1650
6498,43724,1305
6499,98320,2169
6500,83960,3471
6501,39661,2079
6502,10795,2026
6503,70556,2704
6504,39082,1929
6505,27385,1786
6506,1332,1876
6507,2878,2542
6508,13302,2183
6509,50973,1492
6510,84058,2124
6511,10235,1409
6512,16151,2912
6513,35769,2326
6514,10081,3195
6515,40672,1870
6516,26252,3044
6517,61173,1972
6518,85862,1234
6519,37573,1226
6520,2522,2443
6521,95987,1329
6522,28332,2867
6523,24317,2270
6524,91272,1895
6525,39743,1618
6526,16305,1281
6527,49659,1616
6528,5291,1325
6529,38559,6991
6530,44140,1909
6531,91750,2386
6532,55048,1976
6533,9265,1563
6534,63858,1822
6535,95629,3026
6536,2255,1254
6537,14526,1945
6538,38489,1463
6539,21237,2821
6540,89187,2909
6541,90191,2114
6542,1972,2180
6543,28672,2155
6544,14298,2393
6545,35927,3150
6546,93074,1503
6547,88800,2408
6548,51152,1410
6549,79456,3125
6550,81158,1454
6551,79103,4723
6552,92722,2459
6553,57745,2978
6554,94873,1756
6555,81049,4999
6556,98829,2590
6557,52529,1355
6558,74366,2555
6559,19205,1627
6560,78089,1557
6561,38382,1508
6562,43011,2085
6563,71533,3750
6564,99873,1664
6565,56749,1747
6566,93181,1964
6567,82425,2403
6568,28425,1393
6569,33379,2353
6570,35552,4537
6571,96458,1367
6572,45721,4548
6573,49476,2111
6574,41704,3040
6575,13501,1663
6576,93700,1593
6577,1093,1924
6578,59150,1550
6579,81784,2197
6580,70847,2306
6581,3398,2555
6582,84648,2631
6583,91701,1768
6584,77024,2120
6585,20178,1881
6586,4556,2345
6587,67383,1860
6588,93290,2172
6589,61855,2134
6590,74449,1252
6591,4262,1649
6592,9834,2167
6593,45630,1232
6594,53582,2756
6595,26958,2533
6596,36650,2486
6597,88723,1548
6598,85055,3108
6599,20766,2147
6600,93841,1260
6601,94704,1370
6602,96995,1581
6603,45809,1293
6604,97326,1823
6605,949,1803
6606,58329,2375
6607,70853,2607
6608,15962,2920
6609,19849,1240
6610,17263,2659
6611,33026,2043
6612,60797,1803
6613,72852,3214
6614,82001,2663
6615,98594,1828
6616,64314,2040
6617,52144,2731
6618,4313,3160
6619,94445,1386
6620,81435,2610
6621,69961,2697
6622,28473,1348
6623,25686,1696
6624,1456,1218
6625,49522,2796
6626,77792,1513
6627,41765,1960
6628,13333,1698
6629,69181,2396
6630,13566,1651
6631,6533,1370
6632,83419,4084
6633,79398,2497
6634,55603,1232
6635,68379,2541
6636,8742,2596
6637,7599,1304
6638,76868,1532
6639,97970,1625
6640,84330,1602
6641,20107,1200
6642,47779,1971
6643,53571,2178
6644,54605,1313
6645,93796,1904
6646,55971,1311
6647,76984,1443
6648,82366,2373
6649,18034,2392
6650,53485,2460
6651,89471,1276
6652,65284,1843
6653,27382,2693
6654,88582,1272
6655,46471,3108
6656,4118,1217
6657,52012,1202
6658,21849,3392
6659,78034,3490
6660,62253,2146
6661,33296,2446
6662,58865,1483
6663,13664,4333
6664,24209,1944
6665,76139,1361
6666,99385,1724
6667,44358,1219
6668,81988,5400
6669,6275,2699
6670,69029,2940
6671,59670,1825
6672,1220,2581
6673,43833,2865
6674,86736,1549
6675,63083,2070
6676,143,2341
6677,27453,1295
6678,46952,1811
6679,2099,1667
6680,72172,2726
6681,25013,1627
6682,48148,2142
6683,13880,2738
6684,23958,2229
6685,89889,3041
6686,39093,2457
6687,81365,1331
6688,36418,3408
6689,20858,1209
6690,70882,2985
6691,6457,2203
6692,3193,2510
6693,20745,1627
6694,68873,1370
6695,58188,1930
6696,8726,1430
6697,31056,2832
6698,72132,2437
6699,43683,1211
6700,25824,1300
6701,45443,2777
6702,94645,3046
6703,64768,2062
6704,80977,9971
6705,11634,1304
6706,40154,3435
6707,93535,1659
6708,30679,2522
6709,73221,3427
6710,82289,1447
6711,26405,1233
6712,52432,2225
6713,89702,2145
6714,85461,3429
6715,51839,1481
6716,6810,1326
6717,9867,2772
6718,32758,3287
6719,65777,2825
6720,23517,1254
6721,47908,1680
6722,9925,2743
6723,33508,2205
6724,88704,3097
6725,41921,1881
6726,7105,3094
6727,65443,2978
6728,63518,2527
6729,48894,3548
6730,87178,2342
6731,58408,1721
6732,51521,1847
6733,33336,1201
6734,52683,1815
6735,6763,1626
6736,43196,1368
6737,34655,1214
6738,36322,1366
6739,36995,1371
6740,73763,2188
6741,16562,1623
6742,58865,1238
6743,93251,1464
6744,19286,1830
6745,49360,3089
6746,95064,1231
6747,36472,1656
6748,91249,1246
6749,27775,1412
6750,6101,1402
6751,49479,1731
6752,53236,1654
6753,19543,2482
6754,405,1769
6755,61063,2413
6756,68313,2638
6757,57370,2232
6758,20128,2142
6759,97068,3572
6760,71759,2550
6761,18124,1508
6762,97363,1586
6763,36803,1201
6764,55540,1553
6765,3565,1614
6766,21420,1750
6767,1941,2312
6768,98414,3472
6769,17613,1289
6770,58604,1515
6771,93433,2229
6772,52243,1979
6773,33817,1782
6774,27018,1622
6775,51133,2330
6776,15655,1210
6777,27828,2036
6778,79029,1755
6779,31889,3513
6780,48796,2468
6781,91453,1517
6782,86178,1405
6783,22438,1916
6784,44402,1840
6785,18441,2550
6786,64139,2147
6787,58429,1553
6788,73999,1397
6789,69922,1748
6790,58206,2673
6791,11329,1293
6792,58059,1468
6793,95529,2409
6794,3564,4631
6795,50345,1463
6796,4332,1307
6797,73151,2111
6798,98584,2450
6799,93338,2533
6800,12026,2343
6801,51447,1660
6802,91596,2878
6803,24974,1967
6804,45710,5929
6805,30842,2955
6806,25032,1718
6807,76437,1791
6808,44485,2001
6809,63592,1456
6810,80174,1703
6811,37235,2934
6812,82984,2204
6813,23558,1238
6814,14817,2186
6815,23026,1492
6816,24642,4106
6817,9983,2709
6818,67056,1647
6819,98378,1967
6820,57680,1888
6821,21346,4738
6822,50426,2291
6823,12753,1878
6824,17149,3999
6825,16811,1523
6826,48375,1820
6827,90594,1873
6828,53252,1364
6829,92817,2387
6830,4275,1392
6831,56764,1514
6832,39437,3271
6833,65246,1591
6834,80277,2161
6835,71832,1805
6836,37986,2178
6837,47493,2403
6838,10106,2461
6839,67242,3984
6840,90025,2125
6841,82677,1349
6842,99067,1880
6843,39246,2440
6844,7701,2842
6845,87418,4753
6846,26621,2289
6847,63612,2097
6848,89091,1716
6849,41968,2287
6850,35147,2610
6851,21364,1405
6852,42822,3272
6853,47748,1204
6854,65035,1362
6855,47801,2881
6856,1473,1452
6857,84479,1509
6858,57297,2705
6859,86631,2088
6860,60377,2401
6861,36060,2158
6862,33545,3333
6863,23338,2642
6864,43835,2212
6865,41503,3579
6866,55345,1339
6867,10492,2598
6868,67749,1792
6869,72764,1514
6870,13741,1820
6871,1395,2956
6872,8912,4033
6873,17327,2686
6874,93906,2129
6875,90,3107
6876,69292,2735
6877,84650,4926
6878,48752,3568
6879,81456,4705
6880,10780,1634
6881,88053,1647
6882,7036,2166
6883,29731,1629
6884,19896,1960
6885,73251,2205
6886,47055,2287
6887,32919,2383
6888,77009,1497
6889,42310,1748
6890,21485,1341
6891,61222,3090
6892,31251,2115
6893,21979,1236
6894,49577,1673
6895,97256,2943
6896,6812,2543
6897,10509,3013
6898,20388,1537
6899,41832,1708
6900,24633,2697
6901,40301,3656
6902,42432,1581
6903,29322,1744
6904,16493,1214
6905,42148,1358
6906,28523,1748
6907,21168,2282
6908,43661,3352
6909,45950,1528
6910,25545,2971
6911,62456,2321
6912,88996,1971
6913,26033,1845
6914,79078,1357
6915,98330,3033
6916,43971,1742
6917,79440,2918
6918,59568,1318
6919,11501,4833
6920,84726,1519
6921,82977,1985
6922,26772,1946
6923,14514,1439
6924,21823,1331
6925,66707,1840
6926,51483,1965
6927,2650,1279
6928,27664,1535
6929,86578,1836
6930,26944,1819
6931,99337,1924
6932,99954,2226
6933,20548,1655
6934,70671,3494
6935,27246,2938
6936,56427,1770
6937,38298,1982
6938,85453,1211
6939,81526,2888
6940,28480,2143
6941,88212,1379
6942,9987,1674
6943,14648,1627
6944,74460,2113
6945,58400,4177
6946,47236,2788
6947,72886,1940
6948,619,2621
6949,22420,3014
6950,7419,2235
6951,65695,1780
6952,63887,1413
6953,69985,3295
6954,82485,1693
6955,13474,1269
6956,22017,1278
6957,45131,2579
6958,77250,1312
6959,95369,3375
6960,32773,1277
6961,90431,2423
6962,36829,2395
6963,19682,2856
6964,99219,2959
6965,75640,3614
6966,74077,1413
6967,97973,1344
6968,75823,3148
6969,50747,2152
6970,48236,2439
6971,15747,2446
6972,71640,5744
6973,43961,2911
6974,3596,1668
6975,86433,3090
6976,84104,2706
6977,68126,1517
6978,68897,2545
6979,11768,1844
6980,54007,3103
6981,90207,1933
6982,59012,2613
6983,92962,1964
6984,17602,2074
6985,25898,2934
6986,92028,2483
6987,48591,3658
6988,9763,1770
6989,73273,1723
6990,57631,1748
6991,9957,3906
6992,1401,2460
6993,50158,1879
6994,11959,3314
6995,60273,2638
6996,78163,2131
6997,39027,1974
6998,50210,5585
6999,71720,1974
7000,57185,3021
7001,11502,5945
7002,73869,2313
7003,92792,2149
7004,7794,2097
7005,30836,1634
7006,67005,1376
7007,43428,2015
7008,57294,2044
7009,92090,2845
7010,99400,2052
7011,37660,3044
7012,7761,2954
7013,61083,1276
7014,45025,2080
7015,85607,1229
7016,41234,1453
7017,11572,2022
7018,59150,1716
7019,90411,2805
7020,86057,3009
7021,10175,1534
7022,57758,1806
7023,59886,1629
7024,34928,1232
7025,97501,3372
7026,74044,1803
7027,84867,1263
7028,53749,1772
7029,92219,1247
7030,99939,5123
7031,18562,1815
7032,10732,2439
7033,64697,2154
7034,73563,1681
7035,43708,1203
7036,38266,4890
7037,55749,3211
7038,1749,2749
7039,80923,2368
7040,19588,1553
7041,9765,2960
7042,93243,1247
7043,39008,1286
7044,79800,2350
7045,42630,1521
7046,40696,1589
7047,36469,3580
7048,95056,2282
7049,65240,1363
7050,3620,2702
7051,66067,4690
7052,32005,11308
7053,34719,3331
7054,68101,1263
7055,69415,6563
7056,40409,2405
7057,25406,1469
7058,25070,2676
7059,91776,2114
7060,89926,1959
7061,90268,2801
7062,63276,11951
7063,50302,3384
7064,65203,2662
7065,62207,2132
7066,74556,1303
7067,96166,2035
7068,62982,1717
7069,87788,1988
7070,96402,1802
7071,14827,2861
7072,72550,1903
7073,67407,1243
7074,52351,3307
7075,61173,2605
7076,309,1685
7077,45286,1622
7078,71070,4009
7079,67484,2049
7080,82690,1985
7081,34267,1202
7082,149,1641
7083,95200,1957
7084,53179,2615
7085,35250,1358
7086,43313,1270
7087,46533,2695
7088,59211,1742
7089,85472,2127
7090,62386,1309
7091,60787,2783
7092,73530,1291
7093,11788,1280
7094,24727,1591
7095,2346,3982
7096,28758,1619
7097,92529,3550
7098,96545,1581
7099,89347,1226
7100,21570,2769
7101,96114,1485
7102,35382,1790
7103,57719,2163
7104,52329,2034
7105,98478,1527
7106,64672,2831
7107,96014,1235
7108,32145,3457
7109,55157,1811
7110,88742,2743
7111,93407,1257
7112,87098,1205
7113,47894,2142
7114,98293,1863
7115,14632,2493
7116,35335,2004
7117,17781,2876
7118,40079,1896
7119,80772,2915
7120,34559,2450
7121,47427,1581
7122,11225,2275
7123,96465,1995
7124,64645,1895
7125,98557,1919
7126,46916,1204
7127,43704,2127
7128,9617,2335
7129,50,1463
7130,48194,1434
7131,81809,2212
7132,62710,3096
7133,75830,4644
7134,77147,2790
7135,82146,1551
7136,91168,1471
7137,61764,1320
7138,97514,1489
7139,19054,1779
7140,71392,1699
7141,98419,2750
7142,71885,1306
7143,55650,1455
7144,61160,1610
7145,68191,1608
7146,89098,2248
7147,43209,1688
7148,39673,1896
7149,21084,3333
7150,17814,1351
7151,28607,1585
7152,76801,1342
7153,21086,2335
7154,29211,2638
7155,12558,3453
7156,64561,2873
7157,37572,1887
7158,56475,1207
7159,35683,3216
7160,19060,1328
7161,53409,9284
7162,14096,1669
7163,34811,3779
7164,98236,2346
7165,91487,3647
7166,90018,1217
7167,64237,1294
7168,18721,1337
7169,43456,2869
7170,61370,2400
7171,28996,3707
7172,958,2799
7173,85762,1393
7174,24826,1825
7175,9219,2197
7176,60752,3749
7177,17616,1700
7178,51990,1531
7179,50777,2932
7180,17840,1632
7181,77336,5574
7182,41932,1249
7183,58296,2974
7184,1858,4335
7185,3808,1771
7186,34780,3084
7187,63304,3000
7188,31252,2708
7189,9321,2951
7190,95363,1835
7191,78295,1855
7192,99936,1477
7193,38450,1226
7194,22633,2654
7195,13646,1236
7196,9365,2034
7197,24719,2761
7198,74455,3760
7199,99998,2340
7200,36469,4671
7201,62963,1651
7202,79148,1822
7203,24067,1869
7204,97736,2769
7205,96689,1534
7206,27457,1489
7207,24604,2911
7208,42713,1380
7209,99957,1468
7210,46204,1208
7211,79543,1696
7212,96684,2457
7213,94216,2903
7214,77603,2112
7215,65294,2893
7216,90622,1353
7217,89588,1746
7218,68228,1308
7219,61897,1819
7220,37882,5152
7221,84914,3091
7222,21124,1551
7223,22916,2900
7224,45144,1555
7225,37798,2178
7226,7357,1615
7227,50940,2166
7228,81440,2952
7229,71824,1723
7230,83992,1827
7231,45436,4951
7232,22162,1301
7233,39499,3304
7234,77382,1957
7235,35197,1230
7236,90144,2322
7237,52004,1552
7238,37185,1834
7239,91541,1874
7240,8488,2443
7241,80881,2173
7242,84528,1800
7243,85771,3669
7244,86888,1780
7245,64549,1353
7246,40406,2320
7247,9224,1242
7248,90062,1868
7249,58194,1479
7250,95413,2646
7251,44540,1815
7252,39723,1470
7253,40681,2777
7254,95508,2844
7255,23286,1497
7256,54418,2878
7257,24153,2563
7258,20116,1295
7259,18106,1942
7260,79161,1826
7261,71721,2058
7262,82096,2382
7263,20210,1925
7264,43916,2238
7265,39690,4089
7266,21545,1491
7267,29663,1829
7268,67010,2377
7269,73725,1702
7270,2432,1968
7271,31365,4332
7272,45444,2026
7273,7045,2208
7274,35603,2422
7275,85271,2267
7276,16965,5031
7277,87546,1239
7278,43812,2541
7279,30895,1435
7280,75708,2018
7281,20484,1925
7282,31102,2891
7283,39356,4177
7284,15379,2682
7285,42762,1415
7286,70847,1808
7287,53852,3306
7288,28844,1218
7289,48878,3226
7290,87089,2360
7291,2079,1770
7292,157,1700
7293,16955,1597
7294,5015,1456
7295,75075,1552
7296,87145,3366
7297,31936,1727
7298,71349,5206
7299,37829,1680
7300,48834,3206
7301,14401,1637
7302,92271,2802
7303,19917,1990
7304,26070,2959
7305,69734,1833
7306,73682,5804
7307,84581,2232
7308,66613,1574
7309,25526,1561
7310,82527,2474
7311,81331,2723
7312,58000,1749
7313,63818,3498
7314,91129,2245
7315,59411,1227
7316,40794,2555
7317,26709,1562
7318,44346,1547
7319,43019,1941
7320,58207,1790
7321,25143,1810
7322,12505,2561
7323,55409,2820
7324,42793,2059
7325,91985,1538
7326,40584,3648
7327,69494,2017
7328,68188,2202
7329,10412,1249
7330,6096,2152
7331,12164,1268
7332,33431,1304
7333,62293,1228
7334,45744,2478
7335,81002,2180
7336,64144,1463
7337,69123,1910
7338,38420,2597
7339,43889,1718
7340,19658,1543
7341,79934,2244
7342,94855,1519
7343,10356,2482
7344,71132,2610
7345,92330,1219
7346,47581,2193
7347,44926,1572
7348,80999,2703
7349,74773,1526
7350,50557,1278
7351,77204,2297
7352,84593,4169
7353,64317,2406
7354,17092,2371
7355,90986,1613
7356,80617,1295
7357,1301,2156
7358,57465,2647
7359,15473,2524
7360,61936,2735
7361,24174,1928
7362,47927,1671
7363,3088,2649
7364,54053,2512
7365,47365,2199
7366,27706,1235
7367,30590,1730
7368,64459,1405
7369,802,2281
7370,40883,1718
7371,59149,2199
7372,52633,1463
7373,11351,1427
7374,27550,1892
7375,32751,2569
7376,92635,2275
7377,42560,3159
7378,31387,1899
7379,21440,3359
7380,12432,3703
7381,57224,2584
7382,52512,1732
7383,92399,1425
7384,98759,5254
7385,87276,2246
7386,41742,2630
7387,57555,1780
7388,31853,2190
7389,50885,1603
7390,99728,2171
7391,26234,1435
7392,82429,1513
7393,74119,1647
7394,23266,2307
7395,48602,1778
7396,61092,1586
7397,24767,2663
7398,14216,2253
7399,58851,1564
7400,68482,2631
7401,93148,1837
7402,2755,3200
7403,51720,1872
7404,69602,1226
7405,22971,1271
7406,89330,3949
7407,33209,1310
7408,71162,3030
7409,18339,1720
7410,50579,2292
7411,6456,1873
7412,39049,2271
7413,61439,2944
7414,28595,1236
7415,51916,1658
7416,63734,2333
7417,35066,1965
7418,31879,1623
7419,23378,1834
7420,85614,1765
7421,56175,2088
7422,39000,1876
7423,73662,1447
7424,90913,2048
7425,27374,2015
7426,54555,1843
7427,38765,2854
7428,44213,1598
7429,95234,1975
7430,2278,1756
7431,45269,1970
7432,93218,1300
7433,69403,1559
7434,58918,1531
7435,79605,1256
7436,79924,1250
7437,7665,1880
7438,49408,2292
7439,3883,2055
7440,37817,1341
7441,32621,2129
7442,54703,1507
7443,63824,1219
7444,46114,2496
7445,30087,1829
7446,74301,2472
7447,71467,1475
7448,27501,1749
7449,74041,1218
7450,25739,1819
7451,87376,1530
7452,44478,2137
7453,54849,1501
7454,39931,3054
7455,97409,1500
7456,64471,1293
7457,57314,2309
7458,18032,4936
7459,39414,1891
7460,22719,3428
7461,71185,2941
7462,1675,1453
7463,81370,1741
7464,68194,1611
7465,69017,2198
7466,29014,1581
7467,8040,1538
7468,49267,1796
7469,67778,1898
7470,27544,1467
7471,88555,1307
7472,97211,1853
7473,51878,2659
7474,10818,1896
7475,53949,2652
7476,27897,1797
7477,65579,1584
7478,33487,1475
7479,1690,1350
7480,54694,3659
7481,46734,2268
7482,65164,1717
7483,64102,1413
7484,27517,1610
7485,38909,2062
7486,39473,1551
7487,9407,2359
7488,38792,1671
7489,71168,1732
7490,9625,2015
7491,99890,2288
7492,56253,1244
7493,93881,1266
7494,54383,1640
7495,22483,3486
7496,33470,2316
7497,14220,1885
7498,30351,1614
7499,64578,1418
7500,55491,3376
7501,60996,2935
7502,15700,1609
7503,56888,2080
7504,23357,1513
7505,68468,1877
7506,35303,1405
7507,33112,1332
7508,41901,1923
7509,30736,1748
7510,56049,2422
7511,39650,1701
7512,56242,1339
7513,79307,3939
7514,34744,1242
7515,7954,2624
7516,8603,2372
7517,97927,2242
7518,82887,1685
7519,9130,2426
7520,64263,2450
7521,75113,1360
7522,40304,2233
7523,90116,2290
7524,13935,3788
7525,41851,4018
7526,32969,2173
7527,37657,1635
7528,74377,1257
7529,9419,1474
7530,69046,1618
7531,42952,1701
7532,25147,2222
7533,84704,1279
7534,42338,1459
7535,49348,2666
7536,9219,1454
7537,14329,2993
7538,82596,1458
7539,93667,1345
7540,23858,1694
7541,41983,2554
7542,63695,5467
7543,6780,3469
7544,6363,1866
7545,93488,2684
7546,42483,1285
7547,87901,1287
7548,9103,3326
7549,19600,2540
7550,34288,2098
7551,31178,2199
7552,36003,2155
7553,7729,2170
7554,6791,1474
7555,92879,2896
7556,76077,1592
7557,49222,1225
7558,71014,2342
7559,73501,4335
7560,17056,1375
7561,11552,2743
7562,63445,1253
7563,68799,1422
7564,58950,1312
7565,16063,2752
7566,32890,2762
7567,82183,3278
7568,95975,2652
7569,53243,1474
7570,13560,1379
7571,25742,1964
7572,53838,1942
7573,61903,1425
7574,5322,3285
7575,61551,4131
7576,69424,1387
7577,38039,1225
7578,20807,2849
7579,82983,1534
7580,81884,7854
7581,13127,3591
7582,20964,1824
7583,65218,2312
7584,52708,2208
7585,48102,1942
7586,81202,2130
7587,16284,1490
7588,98509,2617
7589,46864,1851
7590,61203,2290
7591,14110,2261
7592,23222,1796
7593,19304,1323
7594,90856,1605
7595,69829,1409
7596,19535,1995
7597,12671,1364
7598,1216,1581
7599,92757,2141
7600,11813,1716
7601,97929,1382
7602,72808,3357
7603,43545,1984
7604,95061,1276
7605,46356,2817
7606,19898,2641
7607,16054,2026
7608,62400,3484
7609,7064,2949
7610,98371,1449
7611,98118,2252
7612,25487,2698
7613,25431,2004
7614,41728,6187
7615,37478,3391
7616,65797,1594
7617,44086,1454
7618,33953,2139
7619,82565,2208
7620,19251,1568
7621,35293,1760
7622,21072,2537
7623,5414,2996
7624,73819,1277
7625,44,4214
7626,70134,1695
7627,14142,1983
7628,73951,1649
7629,13461,1605
7630,94960,1874
7631,37591,1326
7632,10244,2727
7633,929,1486
7634,71827,1754
7635,83707,1243
7636,30773,1221
7637,749,1274
7638,33508,1362
7639,78473,6342
7640,20903,1715
7641,91496,3026
7642,57858,1311
7643,37189,2321
7644,33386,2169
7645,68077,2750
7646,62777,3322
7647,3108,2075
7648,43744,2645
7649,53517,1350
7650,80785,1782
7651,98574,1283
7652,60355,4451
7653,78016,2186
7654,8958,1352
7655,24293,1677
7656,14537,2024
7657,88929,2593
7658,95090,1979
7659,23941,1370
7660,56665,3000
7661,47622,1564
7662,78755,4176
7663,43439,1673
7664,72900,2914
7665,57714,3935
7666,10809,2172
7667,67416,1374
7668,63477,1424
7669,13437,2116
7670,65397,1403
7671,71718,2933
7672,23122,1586
7673,24770,1833
7674,5032,2588
7675,58921,1251
7676,83053,1960
7677,6179,3129
7678,46484,3179
7679,26448,2347
7680,11313,1341
7681,54673,1281
7682,65948,2251
7683,54213,1966
7684,52824,2200
7685,45055,2164
7686,52155,3252
7687,19878,7480
7688,8786,1525
7689,19033,3179
7690,32562,1511
7691,60315,2216
7692,95954,2903
7693,15405,1395
7694,48257,3063
7695,97919,2742
7696,96860,2488
7697,59099,1560
7698,98284,2355
7699,96315,3947
7700,72022,2368
7701,4260,2055
7702,53639,2402
7703,30070,3393
7704,68048,2439
7705,94716,2933
7706,90726,2605
7707,72495,4677
7708,84081,1483
7709,85411,1276
7710,72495,2397
7711,42862,5865
7712,26968,1875
7713,43041,3054
7714,94082,1733
7715,44194,2085
7716,42725,1855
7717,60591,2670
7718,49693,1427
7719,64891,2062
7720,1560,10072
7721,11227,2216
7722,15452,2679
7723,63644,1246
7724,15966,1487
7725,97889,1783
7726,13782,3016
7727,45222,3854
7728,87969,3333
7729,93652,2485
7730,7111,1355
7731,27630,2153
7732,40723,2459
7733,51336,3505
7734,49598,2248
7735,61780,1580
7736,36988,2264
7737,93359,1783
7738,66219,2013
7739,66700,1511
7740,37189,1859
7741,63241,1280
7742,96532,1836
7743,47500,2074
7744,22796,1448
7745,39419,1457
7746,14622,3182
7747,44802,1530
7748,73841,2123
7749,5539,2040
7750,53293,1924
7751,16677,1552
7752,43973,1422
7753,78653,1293
7754,71156,1350
7755,64786,1200
7756,65775,3076
7757,19387,3187
7758,26809,2931
7759,23807,1391
7760,48510,2284
7761,98144,2421
7762,86210,2310
7763,75638,1308
7764,17666,2748
7765,48844,2634
7766,60175,1903
7767,67886,3245
7768,21298,2328
7769,43305,3256
7770,57834,1747
7771,40856,2872
7772,66936,2396
7773,11447,2720
7774,87319,1410
7775,30764,3867
7776,36898,3814
7777,62578,2475
7778,42045,2127
7779,40952,2814
7780,60063,1371
7781,72126,2118
7782,70296,2792
7783,70856,1716
7784,5692,1213
7785,39853,1775
7786,81711,2146
7787,35937,2382
7788,34342,2647
7789,55602,1818
7790,38728,2957
7791,88837,1535
7792,62401,2607
7793,11262,1807
7794,16946,3392
7795,37070,2246
7796,58527,1535
7797,89228,1305
7798,34978,8580
7799,18869,1774
7800,74568,2659
7801,45417,2919
7802,29493,1613
7803,85716,6137
7804,224,1382
7805,54217,1848
7806,84620,1316
7807,83267,2684
7808,60386,7082
7809,66266,1505
7810,20880,1300
7811,15351,4369
7812,45474,1756
7813,89282,3444
7814,74014,2515
7815,77710,2005
7816,60587,1879
7817,28692,1259
7818,90348,3043
7819,51936,1498
7820,49290,3583
7821,73836,2465
7822,89385,1780
7823,522,2965
7824,14507,1683
7825,17112,1910
7826,2300,2168
7827,82497,2549
7828,61828,1432
7829,18780,1376
7830,22466,1346
7831,75351,1473
7832,7921,1810
7833,94290,1621
7834,17776,1693
7835,21460,3500
7836,27913,1336
7837,87794,1267
7838,36408,1368
7839,14288,1326
7840,46429,1910
7841,23696,1349
7842,20080,1391
7843,5058,3647
7844,37466,1435
7845,40170,1232
7846,62941,1608
7847,29147,2344
7848,86488,2851
7849,83281,2025
7850,34676,3664
7851,21997,1451
7852,41231,1284
7853,49527,3949
7854,70266,2688
7855,5084,5076
7856,78263,1264
7857,16352,2063
7858,16029,4260
7859,19302,1566
7860,49133,1736
7861,7632,13614
7862,19512,1899
7863,66114,3826
7864,60448,2199
7865,23834,2491
7866,19222,1271
7867,84377,1837
7868,21455,2097
7869,21015,2076
7870,94355,3650
7871,71479,3034
7872,50541,2155
7873,58488,1266
7874,7943,1269
7875,70354,2691
7876,45495,1539
7877,50361,1947
7878,44556,1346
7879,47127,1624
7880,89381,2701
7881,47084,1973
7882,44302,2547
7883,46801,1950
7884,98849,1366
7885,10859,2179
7886,13558,1980
7887,54320,2998
7888,77532,2924
7889,90737,1591
7890,47086,1454
7891,67528,1441
7892,55159,2321
7893,81607,3453
7894,19796,2225
7895,82274,1901
7896,97801,1815
7897,96082,2607
7898,81325,1951
7899,25285,1976
7900,44851,1514
7901,86335,1359
7902,78019,1736
7903,96446,2086
7904,33550,1300
7905,4531,2078
7906,95631,1472
7907,93668,1328
7908,71260,3281
7909,1249,1382
7910,94495,3624
7911,34173,5475
7912,12460,1578
7913,79490,1999
7914,79450,2643
7915,53185,1668
7916,62109,2510
7917,77317,2215
7918,1081,1212
7919,11533,2070
7920,71464,2158
7921,23532,2392
7922,85359,1382
7923,30645,1213
7924,43003,2209
7925,73352,2851
7926,9340,3318
7927,2610,5729
7928,28139,2961
7929,88395,3438
7930,55869,1745
7931,28705,1938
7932,68552,1491
7933,99302,1308
7934,59375,2738
7935,71753,3366
7936,15186,2898
7937,64670,4462
7938,99380,2863
7939,74666,2778
7940,56528,1265
7941,61,2863
7942,54299,3125
7943,88809,1586
7944,34674,3168
7945,55907,1213
7946,43246,4246
7947,42703,1932
7948,46342,1462
7949,51891,2265
7950,28662,1929
7951,7771,2854
7952,60915,1285
7953,57802,1703
7954,40112,3115
7955,98214,2957
7956,81869,2214
7957,87619,2125
7958,28366,1428
7959,29355,1305
7960,15867,1650
7961,83721,2109
7962,29937,2791
7963,42200,1393
7964,17809,1325
7965,39641,1615
7966,96897,2181
7967,13973,2079
7968,38421,2077
7969,88967,1265
7970,45743,1479
7971,48807,1805
7972,97745,1814
7973,18900,2636
7974,11006,1527
7975,269,3288
7976,75521,1217
7977,22999,1604
7978,14850,2782
7979,9139,1881
7980,74035,2009
7981,86847,1644
7982,57124,1952
7983,85446,1476
7984,24066,1979
7985,86570,1795
7986,47717,3228
7987,91781,1993
7988,98396,1588
7989,38031,1752
7990,34831,1451
7991,64561,3744
7992,93492,1686
7993,29448,1212
7994,87448,1394
7995,35736,1267
7996,72576,2115
7997,95506,1328
7998,28317,2797
7999,94787,3494
8000,88837,4037
8001,42892,1704
8002,62316,3956
8003,73932,2585
8004,73332,1953
8005,65613,2030
8006,80493,1780
8007,15322,2541
8008,95853,2319
8009,80145,1320
8010,62194,1776
8011,77956,1851
8012,13498,1580
8013,99227,2909
8014,1330,1717
8015,6503,1627
8016,83952,1828
8017,3490,2974
8018,94066,2599
8019,16888,2018
8020,9682,1869
8021,55986,1407
8022,2998,1873
8023,70246,2509
8024,40415,1638
8025,64040,1548
8026,53924,1842
8027,2251,2188
8028,38028,3345
8029,31376,2329
8030,918,2479
8031,11741,2309
8032,28567,3417
8033,30812,2710
8034,11964,1805
8035,66452,1617
8036,62620,1249
8037,44534,2559
8038,59636,2082
8039,38085,2274
8040,59583,1591
8041,19606,4645
8042,52847,2457
8043,13757,2888
8044,92632,3267
8045,12568,2865
8046,11641,1658
8047,81614,2377
8048,48931,1212
8049,73514,2970
8050,7826,2327
8051,32465,1208
8052,17380,4512
8053,13354,1485
8054,61834,1901
8055,82965,1975
8056,82030,2288
8057,611,2192
8058,22574,1270
8059,64112,1959
8060,16710,1827
8061,25289,2116
8062,74035,2200
8063,26644,1646
8064,25965,3472
8065,73280,1468
8066,59298,2752
8067,55056,2043
8068,81759,2237
8069,89232,2204
8070,6482,3104
8071,64643,1512
8072,81247,2638
8073,69053,3561
8074,87792,1702
8075,935,1448
8076,90984,1493
8077,3550,1856
8078,19446,2155
8079,91307,1890
8080,17578,4478
8081,53985,1628
8082,86885,3615
8083,23516,2126
8084,82512,1460
8085,43632,2476
8086,94100,2440
8087,67385,1825
8088,9493,1662
8089,5436,2927
8090,10843,3677
8091,4204,2122
8092,64667,2029
8093,55167,1990
8094,38194,2751
8095,7746,3683
8096,84267,1220
8097,7226,2783
8098,84490,1882
8099,10163,1797
8100,18042,2138
8101,83095,1260
8102,43063,1537
8103,18217,5063
8104,95912,3099
8105,88610,1613
8106,50622,2603
8107,42655,1716
8108,54724,1224
8109,55292,2759
8110,17775,2025
8111,12084,2933
8112,90006,1715
8113,19419,1347
8114,38279,2312
8115,22156,1280
8116,73889,2936
8117,81197,1677
8118,22593,2902
8119,90984,2007
8120,97015,2434
8121,24026,2389
8122,2879,1692
8123,42961,3444
8124,7226,1959
8125,86877,1873
8126,16888,2259
8127,59219,1262
8128,63831,2000
8129,89246,1576
8130,97799,4797
8131,83124,1937
8132,41605,2011
8133,20951,1925
8134,40823,1492
8135,89290,1656
8136,36029,1937
8137,15905,1283
8138,21914,2059
8139,51366,1403
8140,4944,5341
8141,11604,2483
8142,9227,4271
8143,82154,2517
8144,70261,1710
8145,74177,1252
8146,36594,2908
8147,53224,2884
8148,63942,2007
8149,17717,2785
8150,76773,1286
8151,19715,2346
8152,66371,2087
8153,50311,1210
8154,47834,2282
8155,61921,1538
8156,58854,1687
8157,39373,1672
8158,11535,2400
8159,42004,1768
8160,79223,4899
8161,26726,2532
8162,11674,3910
8163,55380,2474
8164,24027,1618
8165,95326,2699
8166,36049,2306
8167,44334,1570
8168,64417,5767
8169,50850,2072
8170,37726,1540
8171,63295,1830
8172,28710,2453
8173,1485,1863
8174,6798,3636
8175,93066,4170
8176,31498,2656
8177,95199,2138
8178,94456,2381
8179,10154,1327
8180,13696,1274
8181,54471,3525
8182,96698,2013
8183,82203,1907
8184,67050,1455
8185,82525,2231
8186,4930,2889
8187,78638,2057
8188,54739,1357
8189,7678,1612
8190,4541,2546
8191,7727,2094
8192,26511,1601
8193,38197,1252
8194,85582,1972
8195,85859,1284
8196,30638,2367
8197,25197,2139
8198,43641,2461
8199,90452,1208
8200,49811,2611
8201,81360,2127
8202,57359,1711
8203,32710,1497
8204,4708,1878
8205,12612,1537
8206,16266,1625
8207,47731,1256
8208,51521,3362
8209,3698,2665
8210,44283,2394
8211,36159,1552
8212,32751,2408
8213,7229,1205
8214,99316,2566
8215,48668,3268
8216,38657,2188
8217,72107,1914
8218,92502,1911
8219,8424,3272
8220,43840,1851
8221,12554,1289
8222,81490,1933
8223,15985,2184
8224,41428,3741
8225,75630,3725
8226,75210,1384
8227,80703,1940
8228,14624,1952
8229,57151,1551
8230,23194,2247
8231,62039,1919
8232,45775,1258
8233,85503,1938
8234,180,2231
8235,6303,2336
8236,8922,2337
8237,8281,2412
8238,40033,2365
8239,70793,2039
8240,71446,1235
8241,70618,3461
8242,92542,1814
8243,34959,1689
8244,52475,1577
8245,91488,3056
8246,23931,1277
8247,14111,2914
8248,60597,1265
8249,47862,1215
8250,42395,1646
8251,26625,2285
8252,32128,1456
8253,76448,2601
8254,83663,1565
8255,49705,1293
8256,22029,2537
8257,60183,1206
8258,53346,3603
8259,81233,2615
8260,19677,1214
8261,77474,2144
8262,42791,2450
8263,67266,2047
8264,22063,2176
8265,2437,5788
8266,18428,2705
8267,33849,1904
8268,35256,2691
8269,25095,2138
8270,32551,1404
8271,33649,1607
8272,72188,1204
8273,57194,1416
8274,52212,3714
8275,35167,2654
8276,55849,3111
8277,35518,2184
8278,99922,1463
8279,42050,1728
8280,84830,1382
8281,21509,5801
8282,38447,1457
8283,86704,1359
8284,63404,1598
8285,91564,1704
8286,27044,1675
8287,3613,2636
8288,9712,2927
8289,71544,1359
8290,93448,1475
8291,5965,3910
8292,85092,1656
8293,26043,1569
8294,76325,2441
8295,36434,1282
8296,39481,1805
8297,43453,1355
8298,83479,1262
8299,93430,1762
8300,96159,2137
8301,58541,1622
8302,71531,1723
8303,97685,1399
8304,49401,2529
8305,76175,2039
8306,16032,1490
8307,6510,2606
8308,25235,1619
8309,497,1419
8310,25490,1238
8311,19966,1519
8312,87599,1337
8313,6366,2365
8314,18168,1631
8315,94342,2350
8316,1603,1303
8317,80480,1768
8318,67300,2774
8319,28144,1220
8320,98518,3414
8321,14729,2034
8322,22528,3123
8323,88999,5571
8324,81007,1459
8325,47033,1849
8326,40543,1550
8327,95139,1786
8328,39828,1381
8329,18179,2053
8330,32979,1713
8331,71211,1351
8332,9701,1297
8333,12966,1471
8334,33020,3582
8335,48353,1884
8336,86973,2149
8337,55831,2263
8338,28225,1936
8339,51773,1469
8340,50479,3101
8341,28789,1285
8342,2629,1230
8343,9569,1471
8344,68446,2291
8345,31390,2458
8346,16236,2021
8347,35887,2430
8348,80628,2857
8349,42242,2966
8350,93178,1741
8351,19249,2014
8352,80535,1868
8353,28804,2289
8354,70868,2126
8355,73555,1451
8356,49541,1784
8357,16868,1464
8358,76965,1691
8359,88396,2338
8360,18393,1777
8361,68281,2252
8362,72231,2753
8363,80256,2762
8364,89491,2561
8365,58381,1243
8366,66318,2187
8367,76883,1778
8368,41378,2143
8369,74473,1517
8370,37830,2017
8371,26977,2909
8372,45973,3424
8373,76045,1326
8374,86130,1238
8375,33072,1415
8376,5846,1255
8377,28746,2856
8378,98674,2384
8379,39688,1644
8380,38566,2933
8381,26123,2065
8382,56270,1743
8383,37839,2021
8384,81443,1374
8385,53941,2329
8386,34887,1745
8387,63479,1808
8388,1167,2779
8389,43963,1392
8390,61629,1896
8391,12207,1588
8392,47775,1302
8393,92391,2172
8394,71651,2499
8395,86164,1388
8396,23166,1387
8397,50966,1537
8398,72935,1510
8399,1882,3301
8400,54876,1400
8401,34869,1716
8402,46077,1203
8403,98863,2090
8404,61162,1343
8405,23915,1529
8406,5308,1794
8407,70878,1906
8408,68859,2685
8409,68482,3922
8410,93154,5181
8411,7695,1315
8412,67156,4788
8413,48196,3018
8414,86059,1658
8415,12924,2454
8416,68190,1443
8417,58201,1259
8418,31399,1375
8419,22754,2953
8420,45063,1734
8421,30633,1892
8422,55059,1496
8423,30758,2277
8424,651,1438
8425,88489,2150
8426,46439,2393
8427,3645,8239
8428,16474,2043
8429,29790,1938
8430,86598,2663
8431,13785,1323
8432,74079,2400
8433,83598,2426
8434,82696,2303
8435,49634,1573
8436,4800,1797
8437,4963,2067
8438,36391,4562
8439,88638,1818
8440,60524,2888
8441,90575,3718
8442,91442,1424
8443,80053,1356
8444,87700,2131
8445,84735,1281
8446,34263,1898
8447,13977,1907
8448,11615,2993
8449,40539,1691
8450,33965,1641
8451,25025,2292
8452,24776,4009
8453,77910,4777
8454,75666,1899
8455,43376,2526
8456,99232,1207
8457,4503,1400
8458,84730,1364
8459,36558,1776
8460,76231,1712
8461,8334,2298
8462,2062,1987
8463,91457,5071
8464,74877,2048
8465,16367,2980
8466,80726,2866
8467,4573,3375
8468,99092,1573
8469,11013,2096
8470,65980,1740
8471,10011,2529
8472,30165,3953
8473,66283,1492
8474,4685,1797
8475,56628,1443
8476,62665,2752
8477,58822,1804
8478,78722,1431
8479,65188,1786
8480,429,2194
8481,88528,1822
8482,2167,2475
8483,16692,2189
8484,84448,1706
8485,77200,1959
8486,4578,1334
8487,28039,1374
8488,46814,1246
8489,98299,1836
8490,15071,1537
8491,74123,1380
8492,35585,1239
8493,22893,1519
8494,95272,1954
8495,97224,2536
8496,51036,1220
8497,64731,2868
8498,7003,1789
8499,44970,2170
8500,74672,1375
8501,66634,2136
8502,79811,2228
8503,73141,1890
8504,15413,1585
8505,73518,1763
8506,58056,2141
8507,93077,1701
8508,3582,1780
8509,65795,1605
8510,57019,1683
8511,85247,2587
8512,16237,1237
8513,34112,2845
8514,25111,2000
8515,20359,2405
8516,19036,2277
8517,33370,2235
8518,12104,3264
8519,74347,2686
8520,77171,3004
8521,74436,1580
8522,23827,2778
8523,77898,1265
8524,57444,2880
8525,35904,1321
8526,2662,2912
8527,7304,1493
8528,1903,1210
8529,93652,2302
8530,42817,2750
8531,85759,1626
8532,29235,1650
8533,96988,1398
8534,63638,1891
8535,18308,2836
8536,49842,1756
8537,69645,2042
8538,51682,1499
8539,52109,5251
8540,1752,1837
8541,63681,3356
8542,51719,3219
8543,85573,1577
8544,19192,3107
8545,8404,3749
8546,83838,2015
8547,75671,1244
8548,82196,1489
8549,87556,4185
8550,12415,3343
8551,7299,1923
8552,31769,1898
8553,16109,1338
8554,24711,2825
8555,5534,1574
8556,85065,2776
8557,12963,2322
8558,22678,1654
8559,7807,2554
8560,25584,1697
8561,98825,2136
8562,46154,2717
8563,53289,2298
8564,29707,1375
8565,21638,2262
8566,82847,1528
8567,45507,3216
8568,96896,1965
8569,83552,1233
8570,85009,5028
8571,28162,1478
8572,88748,2566
8573,40476,1244
8574,67216,2621
8575,61648,2491
8576,72974,1849
8577,75410,1434
8578,52076,3038
8579,83675,1910
8580,74425,1966
8581,10565,1304
8582,47978,2506
8583,90303,2134
8584,58466,2559
8585,40455,1625
8586,17845,3825
8587,807,2423
8588,69064,2323
8589,61047,1959
8590,59549,2477
8591,20835,2157
8592,54971,1421
8593,18297,2785
8594,93565,1703
8595,74364,3396
8596,96179,1651
8597,50327,1857
8598,74017,1421
8599,43993,1254
8600,65306,1589
8601,39599,1220
8602,62192,2695
8603,94150,1416
8604,29079,4230
8605,52359,1275
8606,47603,2834
8607,29450,1253
8608,84798,1640
8609,82480,1754
8610,77372,1458
8611,87084,3759
8612,78060,1906
8613,68808,1202
8614,94194,2432
8615,95464,1786
8616,18208,2937
8617,87776,1759
8618,33393,1596
8619,99350,2602
8620,44159,2156
8621,92669,1834
8622,28664,2503
8623,70880,2253
8624,86557,1906
8625,71720,1623
8626,89961,1655
8627,83473,2690
8628,8343,6564
8629,64264,2804
8630,58834,2313
8631,57159,1271
8632,66098,3359
8633,71527,1308
8634,9520,1953
8635,53796,2147
8636,20096,2032
8637,70464,2958
8638,283,1580
8639,97810,3114
8640,75932,1909
8641,36849,1557
8642,55457,1886
8643,96410,2728
8644,61383,1705
8645,28910,2008
8646,25601,1560
8647,62353,1697
8648,71167,2199
8649,67861,1982
8650,70728,4657
8651,73612,2669
8652,226,1464
8653,36545,1360
8654,30611,1267
8655,94065,1353
8656,26089,2284
8657,48622,2889
8658,90500,2114
8659,24662,1720
8660,84775,1218
8661,78612,1333
8662,59665,1484
8663,52813,1610
8664,37426,1609
8665,7505,1642
8666,13506,1841
8667,37144,2561
8668,57982,1222
8669,75634,3068
8670,35223,1272
8671,65260,2490
8672,25162,1333
8673,80802,2841
8674,16563,1452
8675,6051,1650
8676,55187,2741
8677,10361,1390
8678,55480,2954
8679,18095,1523
8680,26785,2786
8681,29636,1915
8682,20,2997
8683,93282,1636
8684,21916,2234
8685,8786,1646
8686,23658,2992
8687,88801,3243
8688,58575,1780
8689,68818,1218
8690,83907,1595
8691,69877,2116
8692,21609,1493
8693,52361,1924
8694,3109,1768
8695,45514,1355
8696,22107,1421
8697,738,1356
8698,6113,2117
8699,33530,3590
8700,79441,1235
8701,28508,1787
8702,88042,2122
8703,52165,1761
8704,73888,1810
8705,23170,2705
8706,66341,1697
8707,93194,2473
8708,43088,3056
8709,79993,2294
8710,68944,1415
8711,32099,2752
8712,83180,1663
8713,46538,1300
8714,62137,2768
8715,7189,2006
8716,25879,2404
8717,29541,2999
8718,63515,1382
8719,96534,1747
8720,43725,1643
8721,2069,2563
8722,21531,1881
8723,22110,1891
8724,13312,1295
8725,53248,3315
8726,99788,1384
8727,56026,1249
8728,79013,1258
8729,45431,1442
8730,32459,3654
8731,55162,2952
8732,33684,1831
8733,38367,3150
8734,55276,1283
8735,57535,1546
8736,65466,1589
8737,60875,1524
8738,21435,2241
8739,13154,1328
8740,69734,5747
8741,83070,2250
8742,54895,2343
8743,28595,1655
8744,57243,1388
8745,54089,2539
8746,32762,2194
8747,84411,1924
8748,75202,1580
8749,49057,3575
8750,87410,1357
8751,81163,2318
8752,97595,1885
8753,49824,2842
8754,44253,3308
8755,90397,1756
8756,53208,1676
8757,88392,2122
8758,70607,1549
8759,79743,1692
8760,48780,3150
8761,8240,1574
8762,40130,3458
8763,62791,4182
8764,80022,2157
8765,63177,1392
8766,95105,1439
8767,58125,1988
8768,84359,1557
8769,19730,1485
8770,15217,3999
8771,52822,3365
8772,26195,2211
8773,98112,2386
8774,57196,2743
8775,43930,3317
8776,18117,1619
8777,86998,1200
8778,65366,1654
8779,22085,2186
8780,26353,2745
8781,76508,1447
8782,28624,2563
8783,54709,1928
8784,25060,2523
8785,70384,2242
8786,53463,1504
8787,45325,1408
8788,53610,2496
8789,78128,2052
8790,52691,5609
8791,63499,1335
8792,41851,1919
8793,97811,2718
8794,47806,1526
8795,9057,2859
8796,95825,2266
8797,89500,1925
8798,83189,1224
8799,77223,3020
8800,6221,2348
8801,39425,1435
8802,47824,1855
8803,63693,3251
8804,89240,1264
8805,6009,2096
8806,87578,2916
8807,97430,1508
8808,98357,1696
8809,88497,1654
8810,38927,1276
8811,49208,2812
8812,44030,1435
8813,97468,1754
8814,92331,3914
8815,86130,1538
8816,84521,1251
8817,79817,2262
8818,87711,2356
8819,78046,2583
8820,27708,1559
8821,31171,1370
8822,44447,1988
8823,11945,1414
8824,17750,2204
8825,28085,1558
8826,77435,2453
8827,51650,2099
8828,58298,1519
8829,56628,2403
8830,74253,1311
8831,74697,1469
8832,98275,1261
8833,18162,4731
8834,99480,1932
8835,19964,1922
8836,98027,1202
8837,36627,1677
8838,9615,2690
8839,70936,2557
8840,52884,3991
8841,21316,1795
8842,14774,2232
8843,82936,1912
8844,4661,2275
8845,90794,1387
8846,21675,1212
8847,8273,2203
8848,6379,2455
8849,42519,1453
8850,81176,2067
8851,36197,2704
8852,78388,2742
8853,18700,2534
8854,98039,1524
8855,5276,1562
8856,77798,1490
8857,7395,2904
8858,97042,1679
8859,79541,1751
8860,9899,1511
8861,86032,4390
8862,68459,2607
8863,13886,1773
8864,75961,1575
8865,15602,2019
8866,49952,2184
8867,24022,1202
8868,11774,2186
8869,19875,1366
8870,67767,1471
8871,10759,2800
8872,44253,3876
8873,2807,2014
8874,39451,1767
8875,20207,2172
8876,90442,2897
8877,44724,1385
8878,87358,4896
8879,4659,1632
8880,74519,1484
8881,38790,3435
8882,61310,1635
8883,63139,2002
8884,49593,1350
8885,6299,1892
8886,3656,2083
8887,42816,2648
8888,22091,2120
8889,70815,1376
8890,55308,1586
8891,86833,2050
8892,9358,2364
8893,95489,1368
8894,44188,2054
8895,4791,2214
8896,813,1237
8897,29008,1331
8898,26439,2296
8899,72172,1966
8900,32680,2769
8901,23539,2200
8902,23258,1547
8903,3270,2771
8904,42759,2133
8905,83723,3647
8906,85558,3788
8907,42854,2951
8908,29431,2113
8909,10983,2122
8910,37624,1893
8911,18667,2840
8912,34,1468
8913,62466,3443
8914,52495,2802
8915,10688,2198
8916,62553,1887
8917,4524,2520
8918,96143,2983
8919,11380,1653
8920,9858,2198
8921,14773,2072
8922,90712,2249
8923,91368,1855
8924,72302,2662
8925,3993,1222
8926,38067,2573
8927,17359,2176
8928,80101,1781
8929,64336,2052
8930,40243,1305
8931,16331,1439
8932,21572,2816
8933,26183,1696
8934,84939,1412
8935,64348,1588
8936,73931,1621
8937,63741,1473
8938,97463,2111
8939,38219,1269
8940,92328,1496
8941,65932,1764
8942,47406,2626
8943,63325,1602
8944,3048,1409
8945,10441,1250
8946,6097,2180
8947,29566,1928
8948,27687,1558
8949,9259,1905
8950,52009,1500
8951,49304,2252
8952,57792,2513
8953,30103,2249
8954,12648,1634
8955,59128,1352
8956,4062,1854
8957,28797,1891
8958,94373,1336
8959,60704,2763
8960,1127,1354
8961,19831,2037
8962,43431,1902
8963,9253,1997
8964,60367,1969
8965,22444,1736
8966,21878,2224
8967,76444,1617
8968,45742,2766
8969,15053,2544
8970,13702,1864
8971,94490,2334
8972,98922,1673
8973,2782,1950
8974,32990,1717
8975,27915,1328
8976,74633,2552
8977,92714,1372
8978,14539,2985
8979,55108,1358
8980,46143,1677
8981,13338,1945
8982,26310,2447
8983,27471,2002
8984,49916,1635
8985,40686,1274
8986,61968,1562
8987,3281,1450
8988,75806,1759
8989,85970,2981
8990,47359,1223
8991,60198,1289
8992,6448,2264
8993,66302,1762
8994,95999,1824
8995,37854,2762
8996,76042,2499
8997,83879,1616
8998,34667,2164
8999,67042,1204
9000,29194,3630
9001,42066,1890
9002,9248,1461
9003,23336,1315
9004,98564,1812
9005,79025,1807
9006,45684,4731
9007,19872,2182
9008,74452,10310
9009,85269,2195
9010,74525,1216
9011,37399,1202
9012,15617,1243
9013,58586,2725
9014,74517,1807
9015,73132,1428
9016,57054,3139
9017,83984,3101
9018,52368,1878
9019,78504,2823
9020,30099,4170
9021,45535,2962
9022,62429,2883
9023,37910,1762
9024,17461,2750
9025,46841,3014
9026,55225,1808
9027,84252,3227
9028,68929,2270
9029,46470,1662
9030,65526,2601
9031,68980,1913
9032,5269,2608
9033,74039,1370
9034,76865,2536
9035,16882,1691
9036,59904,2240
9037,53079,1749
9038,41355,1398
9039,63234,2883
9040,63758,1288
9041,11951,1653
9042,25985,2189
9043,41701,2614
9044,86160,1466
9045,90054,1529
9046,31818,2092
9047,51391,2046
9048,55517,1785
9049,68606,2722
9050,41431,1530
9051,67604,1976
9052,21079,1816
9053,11677,1874
9054,17241,2079
9055,83300,2655
9056,34965,1989
9057,30579,1587
9058,97767,2464
9059,15268,1389
9060,61993,2315
9061,15189,1551
9062,35319,1653
9063,74939,4185
9064,27080,2001
9065,22947,1534
9066,82621,1646
9067,43199,3675
9068,64637,2827
9069,62711,1200
9070,60317,3236
9071,20039,4332
9072,14367,2389
9073,39333,1725
9074,69204,1950
9075,10731,3176
9076,62282,1322
9077,62988,1610
9078,93679,1221
9079,35079,3223
9080,37119,2615
9081,20274,1527
9082,57079,2221
9083,59142,1253
9084,71477,2714
9085,38575,1307
9086,24798,1525
9087,29605,2831
9088,88633,1772
9089,33917,1560
9090,1175,2801
9091,95154,2970
9092,44898,1420
9093,78123,1412
9094,3289,4988
9095,40316,2946
9096,48800,2870
9097,94969,2081
9098,49998,1261
9099,84422,3749
9100,51447,1221
9101,71130,6756
9102,2734,1372
9103,70707,2053
9104,18945,2368
9105,5967,1457
9106,59107,1528
9107,2068,1551
9108,82619,2161
9109,88026,1227
9110,67931,2309
9111,13826,2804
9112,75328,2677
9113,64833,2641
9114,6217,1827
9115,63658,1994
9116,33719,2160
9117,57174,2867
9118,27310,1995
9119,32872,2225
9120,81275,2601
9121,59967,2171
9122,44517,1229
9123,1192,2194
9124,34094,1826
9125,9786,1998
9126,4898,2683
9127,68928,2907
9128,58899,2281
9129,35942,2006
9130,91139,1691
9131,6629,2299
9132,67776,1332
9133,53437,1377
9134,66188,2225
9135,79286,2556
9136,12024,2978
9137,16775,1902
9138,32225,3124
9139,59974,1546
9140,43018,2339
9141,14084,1458
9142,50936,2301
9143,61800,3453
9144,45305,3790
9145,59084,1482
9146,88193,2085
9147,86914,1785
9148,11207,1842
9149,92852,1454
9150,34882,1450
9151,17169,2161
9152,71258,4972
9153,98891,2930
9154,69182,2027
9155,95373,1816
9156,64473,1860
9157,55636,1679
9158,68746,1772
9159,96167,3689
9160,18261,2447
9161,78338,1996
9162,31972,2665
9163,18427,3412
9164,4303,1264
9165,1212,2006
9166,18981,1867
9167,54604,1993
9168,90072,2553
9169,72082,1617
9170,56691,1753
9171,41783,1728
9172,53819,1235
9173,74961,1411
9174,6997,2183
9175,30193,5278
9176,220,1402
9177,91670,1345
9178,64419,2972
9179,81223,2817
9180,31328,1824
9181,6758,1495
9182,15277,2078
9183,46444,7430
9184,48396,1397
9185,89273,2062
9186,41633,2672
9187,47716,2506
9188,16126,2173
9189,27423,1221
9190,89385,2970
9191,49730,1613
9192,72259,1446
9193,9774,1310
9194,65375,1402
9195,3356,1698
9196,92439,1904
9197,32874,2059
9198,65149,2679
9199,85895,2109
9200,80440,2656
9201,75361,4367
9202,62735,4336
9203,18920,1509
9204,98875,1286
9205,82393,2299
9206,17479,2684
9207,64733,2249
9208,70069,1645
9209,5283,1717
9210,13391,3491
9211,66168,2507
9212,70951,1416
9213,26001,2069
9214,49573,1555
9215,96758,2711
9216,47844,1409
9217,17544,1261
9218,97801,2064
9219,15170,1520
9220,61185,3236
9221,79958,2737
9222,74411,1895
9223,62160,2360
9224,66816,3175
9225,80865,1603
9226,74670,1613
9227,26573,1451
9228,38881,2096
9229,76131,2272
9230,607,1870
9231,88445,1529
9232,46262,1237
9233,70971,1265
9234,26100,2213
9235,41602,3558
9236,26042,2562
9237,4314,1429
9238,69985,3041
9239,43009,5858
9240,39190,2339
9241,76433,3740
9242,95701,2507
9243,29694,2430
9244,75472,1359
9245,1959,1490
9246,69111,1885
9247,56988,2510
9248,87584,2652
9249,64280,1875
9250,47668,5237
9251,17702,1495
9252,82531,2858
9253,36586,1349
9254,36721,1806
9255,17758,1638
9256,83887,1697
9257,76715,3900
9258,24030,2768
9259,96913,1986
9260,70842,1579
9261,35296,1312
9262,63780,2972
9263,49436,1577
9264,43434,2650
9265,98748,1420
9266,27981,5154
9267,67902,1429
9268,35496,2173
9269,67687,2718
9270,52233,1438
9271,10957,1407
9272,63770,1550
9273,82425,2027
9274,54673,1428
9275,55944,2633
9276,33898,2061
9277,8132,2068
9278,76382,1388
9279,51495,3151
9280,85217,3231
9281,39925,1998
9282,12667,2211
9283,47523,1981
9284,33385,1902
9285,47147,1369
9286,83588,1497
9287,21946,1644
9288,30341,1753
9289,59837,2520
9290,53092,2391
9291,99386,2229
9292,63339,1426
9293,60347,1998
9294,29742,2506
9295,46498,1512
9296,90464,2137
9297,33233,1909
9298,13374,1493
9299,27697,3751
9300,48888,1858
9301,20669,1544
9302,39660,2003
9303,431,2533
9304,98231,13308
9305,83547,1759
9306,64397,2783
9307,34898,1433
9308,52095,2450
9309,95335,2703
9310,1744,3007
9311,41950,2439
9312,20442,1550
9313,4808,2473
9314,52727,1668
9315,15421,1409
9316,62810,2796
9317,28636,1850
9318,59947,2044
9319,19091,1448
9320,38689,1625
9321,750,3174
9322,82551,2496
9323,54304,3679
9324,61286,1687
9325,53581,1664
9326,70322,1354
9327,45715,1996
9328,295,1316
9329,80110,1260
9330,74642,1582
9331,31831,2562
9332,616,1485
9333,89301,2607
9334,36566,1253
9335,82781,1818
9336,34946,2934
9337,82793,3101
9338,30239,2914
9339,73962,2334
9340,40316,1291
9341,20065,2239
9342,91176,1998
9343,61472,1856
9344,99339,2185
9345,54036,2052
9346,67388,1670
9347,30095,2137
9348,34914,1650
9349,38431,3197
9350,27803,2557
9351,81111,1926
9352,17209,1937
9353,79173,2626
9354,69208,1256
9355,32858,2113
9356,5331,2348
9357,33698,2033
9358,99541,1549
9359,76971,2198
9360,85329,2175
9361,22349,1815
9362,57966,1574
9363,74107,1495
9364,71793,1828
9365,96028,1684
9366,12492,1455
9367,67391,4149
9368,96583,1326
9369,81682,2846
9370,55419,1927
9371,1354,1560
9372,52730,1618
9373,21037,3409
9374,53033,4426
9375,14183,1827
9376,30120,2565
9377,36198,1608
9378,96739,1329
9379,57844,2443
9380,88334,3110
9381,69754,2651
9382,91158,5202
9383,51165,1652
9384,53939,1258
9385,72254,3037
9386,57315,2382
9387,38804,2651
9388,68043,1984
9389,49430,5419
9390,88507,1305
9391,26541,2101
9392,62501,2697
9393,18684,2613
9394,82813,2377
9395,50394,1650
9396,88845,1292
9397,59232,2613
9398,34854,2790
9399,55731,1718
9400,76200,2383
9401,2750,2464
9402,49961,1382
9403,16987,1254
9404,40468,2345
9405,68631,1613
9406,48182,1922
9407,99277,2360
9408,99938,2296
9409,46179,1354
9410,72276,2822
9411,28397,2218
9412,67104,1977
9413,44634,1217
9414,33009,3048
9415,56086,2483
9416,10515,1528
9417,79305,1391
9418,44294,1863
9419,1140,2258
9420,75390,1425
9421,86591,1456
9422,96349,1755
9423,23808,2902
9424,74248,3411
9425,51321,1771
9426,71185,2879
9427,67219,1719
9428,3586,2470
9429,86073,1752
9430,74783,1294
9431,11090,1463
9432,68691,1492
9433,65724,2200
9434,51646,1600
9435,60375,1234
9436,47768,1608
9437,71268,2577
9438,29322,1443
9439,65354,1270
9440,62148,2181
9441,72423,1385
9442,14958,2815
9443,50313,2738
9444,56303,1859
9445,42171,1473
9446,8396,3216
9447,80721,2233
9448,34627,2131
9449,57882,1522
9450,51388,3363
9451,859,1749
9452,56669,1799
9453,69478,4216
9454,4980,2271
9455,61378,1424
9456,16660,1905
9457,94509,1931
9458,30669,1261
9459,79691,1970
9460,30691,3246
9461,23168,1685
9462,1556,2238
9463,97292,1901
9464,91100,1499
9465,56025,1892
9466,91701,2205
9467,14562,1252
9468,24487,3227
9469,84353,1421
9470,72806,1644
9471,70307,2575
9472,10598,1450
9473,19659,2077
9474,6461,1437
9475,36815,1877
9476,34027,1743
9477,53736,2631
9478,91967,1264
9479,53513,2754
9480,17887,1798
9481,93555,1682
9482,59656,2473
9483,18226,1442
9484,57993,2232
9485,76524,3036
9486,68113,2652
9487,17623,3396
9488,63764,1981
9489,9710,1728
9490,74639,1697
9491,91622,2225
9492,55561,1517
9493,58329,1208
9494,58542,3120
9495,62023,1463
9496,84523,1685
9497,28943,2857
9498,80074,2406
9499,34010,2695
9500,56005,2914
9501,65693,4004
9502,11166,1928
9503,26219,1349
9504,8568,1900
9505,87590,1809
9506,39197,2380
9507,8401,1981
9508,16256,1354
9509,91482,2525
9510,12070,2473
9511,67045,3126
9512,59631,1676
9513,5182,2697
9514,92475,1529
9515,32237,5549
9516,68828,3820
9517,32433,2509
9518,23756,1301
9519,62194,2050
9520,36310,1448
9521,37046,1918
9522,46247,1541
9523,51666,1847
9524,36305,2800
9525,1413,1727
9526,6378,2342
9527,25005,1356
9528,98693,1963
9529,49888,1627
9530,60113,3729
9531,10088,1685
9532,50954,1874
9533,32078,1840
9534,63909,2871
9535,59462,1949
9536,4247,3013
9537,29419,3426
9538,86812,1711
9539,38701,3015
9540,70834,2322
9541,3051,1640
9542,57851,2043
9543,65047,1818
9544,21518,1431
9545,61171,2073
9546,58794,3483
9547,27583,2843
9548,96103,1253
9549,5683,6378
9550,54167,1848
9551,91305,1241
9552,14782,1820
9553,36315,2267
9554,30746,3492
9555,41164,1202
9556,40403,2694
9557,63634,1891
9558,14823,2135
9559,26854,2158
9560,26112,2042
9561,96641,2197
9562,5606,1247
9563,47696,3087
9564,84114,2536
9565,46051,2206
9566,55528,4169
9567,16531,1560
9568,37729,5810
9569,30639,2026
9570,75820,2938
9571,86336,2381
9572,14258,1397
9573,41961,4788
9574,36797,2558
9575,30978,1578
9576,40580,2766
9577,53753,2148
9578,7015,1675
9579,44466,1726
9580,97716,1833
9581,51234,2056
9582,29656,2394
9583,98712,1955
9584,90239,1706
9585,43894,2232
9586,45068,1366
9587,95680,2115
9588,27461,1293
9589,6498,1453
9590,82665,2890
9591,55412,2616
9592,27901,2122
9593,33077,2612
9594,4506,2060
9595,54438,4378
9596,4348,1693
9597,72040,1606
9598,72214,1464
9599,74107,2075
9600,30083,1276
9601,34174,2736
9602,94806,3751
9603,32220,1646
9604,46378,1661
9605,67268,1589
9606,76413,2425
9607,41827,2771
9608,69740,1695
9609,66258,1661
9610,91458,1928
9611,54551,1694
9612,50986,1942
9613,40451,2413
9614,96775,2416
9615,86152,2552
9616,78829,1726
9617,43330,2663
9618,92167,2905
9619,90317,2881
9620,39113,1242
9621,98528,1269
9622,72763,1683
9623,58430,2183
9624,41241,1964
9625,52091,2491
9626,26408,1571
9627,67900,2646
9628,27467,2645
9629,52569,2733
9630,86974,3419
9631,22849,1770
9632,75637,1755
9633,66621,3560
9634,8481,1658
9635,5167,2905
9636,58588,1682
9637,66182,3752
9638,73792,3227
9639,49889,1718
9640,34297,2438
9641,12550,2747
9642,60194,1785
9643,21945,1434
9644,21607,1261
9645,71453,1829
9646,8019,1429
9647,88332,1664
9648,52058,1615
9649,22653,1384
9650,94165,1891
9651,27452,4433
9652,38110,2736
9653,8914,1940
9654,48373,1205
9655,1347,2388
9656,36861,1525
9657,75331,1425
9658,10928,2530
9659,97565,2625
9660,30279,2872
9661,38058,3128
9662,42706,20175
9663,66784,3497
9664,51942,2792
9665,7161,2427
9666,46257,3706
9667,92776,4543
9668,31898,1775
9669,90166,2254
9670,90771,1381
9671,33563,1918
9672,46465,2440
9673,28854,2602
9674,65556,1880
9675,72237,2705
9676,78990,2165
9677,45058,1364
9678,89152,1930
9679,88907,1311
9680,42521,1474
9681,71151,2482
9682,42934,4690
9683,91135,1355
9684,1769,1923
9685,71976,2994
9686,85763,2428
9687,45062,2265
9688,21469,1533
9689,85296,2176
9690,99181,2064
9691,97881,2836
9692,99412,2431
9693,21730,1701
9694,96579,3906
9695,83644,1740
9696,817,5252
9697,44944,1995
9698,12338,2445
9699,51403,2875
9700,37299,2677
9701,58470,2680
9702,2590,2003
9703,91242,1888
9704,4182,1512
9705,40672,1474
9706,40794,2881
9707,28885,1580
9708,82658,1400
9709,93611,2649
9710,60867,1872
9711,68425,2581
9712,66058,3757
9713,73717,1633
9714,41151,1270
9715,58823,3641
9716,65855,3090
9717,64711,1465
9718,52452,2223
9719,52421,11960
9720,85142,4057
9721,7546,1841
9722,21989,1349
9723,15413,1886
9724,88220,1358
9725,23218,2061
9726,25809,3567
9727,38777,1330
9728,13960,1557
9729,33199,2145
9730,55363,2644
9731,99919,4610
9732,1357,1970
9733,85031,3088
9734,12373,1934
9735,32419,3991
9736,68401,1810
9737,56808,2807
9738,19757,1370
9739,95362,4470
9740,75335,1344
9741,7247,1418
9742,99077,2499
9743,86688,1316
9744,90874,3472
9745,79052,3433
9746,74643,6351
9747,35434,1446
9748,92049,2910
9749,65869,1680
9750,42533,1429
9751,47198,1746
9752,19718,1583
9753,52040,2036
9754,67034,3144
9755,92864,1570
9756,11976,1328
9757,97239,2574
9758,68346,1736
9759,57488,1279
9760,60553,1489
9761,66473,1857
9762,89461,3932
9763,55948,3398
9764,88255,2124
9765,33018,1214
9766,72193,3014
9767,62836,4396
9768,69025,2849
9769,36480,2389
9770,44398,2562
9771,89528,2404
9772,36137,3171
9773,58741,1981
9774,56454,1466
9775,44909,1814
9776,66208,3391
9777,13785,2636
9778,97023,2578
9779,46577,3393
9780,71505,1672
9781,98001,1518
9782,23958,1633
9783,87915,2097
9784,91376,1863
9785,58253,2617
9786,56942,2030
9787,13638,2581
9788,77933,1826
9789,10112,1473
9790,4980,1500
9791,20328,2452
9792,2043,3358
9793,32597,2335
9794,95284,1263
9795,18018,3111
9796,75277,2857
9797,44889,2300
9798,4813,3102
9799,62659,2413
9800,49850,2382
9801,84184,1358
9802,86975,3730
9803,56863,1305
9804,81543,4714
9805,31009,2955
9806,78228,1254
9807,17235,2556
9808,87777,3453
9809,9909,2198
9810,62648,1496
9811,55980,2108
9812,94824,2944
9813,4257,1527
9814,30217,3721
9815,4786,2881
9816,91553,3739
9817,50570,1617
9818,29263,2074
9819,36453,2393
9820,50457,1316
9821,6505,2607
9822,47202,2404
9823,75915,2196
9824,17341,1509
9825,6238,2776
9826,59499,1976
9827,58949,4139
9828,59585,1528
9829,84451,2451
9830,63995,2429
9831,64440,2105
9832,57920,1584
9833,92403,2243
9834,59032,1316
9835,71286,3292
9836,31636,1870
9837,27087,3201
9838,15296,2403
9839,38009,1567
9840,70666,1618
9841,78827,1730
9842,76095,1305
9843,59190,4242
9844,95726,2060
9845,27591,1704
9846,43289,2815
9847,66736,1751
9848,86346,1661
9849,26445,2253
9850,64072,1628
9851,33130,2029
9852,95332,1352
9853,20852,1413
9854,55002,1751
9855,65531,2846
9856,52612,2792
9857,40498,1539
9858,13585,2106
9859,5314,1823
9860,96127,2358
9861,74890,1425
9862,15741,3146
9863,97864,4445
9864,55494,1622
9865,93318,1684
9866,40229,1292
9867,54186,1951
9868,57858,2060
9869,89576,1651
9870,83069,2050
9871,53015,2109
9872,11139,1537
9873,58910,2855
9874,6168,1562
9875,90594,2807
9876,68044,1292
9877,88103,2874
9878,91525,1640
9879,38611,1711
9880,25982,2491
9881,54647,2501
9882,38084,2353
9883,9172,2832
9884,57903,5522
9885,23982,1647
9886,46492,1550
9887,5324,2556
9888,13489,3516
9889,68282,5263
9890,92507,1691
9891,58543,2513
9892,71585,1356
9893,56503,2865
9894,19831,2290
9895,56025,1861
9896,58814,1249
9897,30814,1596
9898,40799,2591
9899,22084,1343
9900,33754,2035
9901,74042,1419
9902,32735,1258
9903,53907,3276
9904,27400,1462
9905,99300,3277
9906,47565,3001
9907,93463,1733
9908,75553,3071
9909,91502,1600
9910,41958,4327
9911,40971,2239
9912,93505,1257
9913,2146,3057
9914,4125,2445
9915,84229,1621
9916,344,1454
9917,54516,1255
9918,73091,1281
9919,79394,1503
9920,88258,1461
9921,35566,2348
9922,21726,2891
9923,33024,1269
9924,81810,2690
9925,66154,3442
9926,76371,3109
9927,81234,1799
9928,31854,3349
9929,88974,1543
9930,16589,1290
9931,23317,2448
9932,41302,2789
9933,39214,1785
9934,78746,1431
9935,57215,1819
9936,31129,1992
9937,39740,2649
9938,74061,1323
9939,26289,1429
9940,87535,3893
9941,43629,1603
9942,63594,2454
9943,61918,3872
9944,72385,1893
9945,60633,1438
9946,99288,2131
9947,34549,2532
9948,66141,1614
9949,50257,2263
9950,61688,2955
9951,36404,1556
9952,10918,1440
9953,29054,1483
9954,19520,1254
9955,9500,2671
9956,98870,1290
9957,46565,1429
9958,5051,1206
9959,28833,1520
9960,68516,1452
9961,18730,2037
9962,16536,3960
9963,51158,2028
9964,90068,2482
9965,31201,1451
9966,20483,1875
9967,68024,2889
9968,87415,5510
9969,66056,4719
9970,62476,1513
9971,96942,1604
9972,24289,1615
9973,171,1225
9974,29029,1587
9975,21338,2286
9976,5729,1625
9977,12781,1516
9978,17383,2403
9979,61511,1937
9980,86060,3666
9981,16389,1796
9982,85066,2218
9983,2,1264
9984,25263,3288
9985,67539,1584
9986,36961,1795
9987,23736,1539
9988,43631,2448
9989,76948,2311
9990,92512,2565
9991,50424,2790
9992,23647,2385
9993,44540,3543
9994,23194,2617
9995,47297,2406
9996,91593,1923
9997,14259,1953
9998,8926,1211
9999,35464,1285
10000,89869,4108
10001,58906,2940
10002,59462,1702
10003,43949,1345
10004,67166,1229
10005,36642,3698
10006,14337,1756
10007,71359,2349
10008,86395,2523
10009,22931,2997
10010,19067,1472
10011,43784,1406
10012,19205,3064
10013,69565,1473
10014,603,2008
10015,96748,2702
10016,63461,1760
10017,40269,2782
10018,35291,2356
10019,91826,1324
10020,67019,2378
10021,57699,1244
10022,62021,3066
10023,16660,1895
10024,66340,2103
10025,11683,1814
10026,40510,1213
10027,68288,3026
10028,47363,1938
10029,17024,2260
10030,44420,2287
10031,42506,3378
10032,97992,2869
10033,9228,3568
10034,84584,2179
10035,38283,2233
10036,77554,1717
10037,3944,3876
10038,61961,1419
10039,93962,1753
10040,59523,3571
10041,31635,5204
10042,47944,2363
10043,63162,2054
10044,53664,3003
10045,78893,2590
10046,25527,3458
10047,93706,1728
10048,30552,1677
10049,6272,1372
10050,31529,3944
10051,91649,2050
10052,86067,2246
10053,35026,1350
10054,94822,3908
10055,70644,3576
10056,16585,1535
10057,2621,2553
10058,28529,2180
10059,96703,6649
10060,48437,1956
10061,6002,5423
10062,35136,2796
10063,89062,2215
10064,15622,1735
10065,89019,2822
10066,62806,2400
10067,7710,1741
10068,37654,1920
10069,20631,2523
10070,83242,3214
10071,26050,1406
10072,73994,2251
10073,85311,1566
10074,10835,1564
10075,78556,2562
10076,88719,4729
10077,50502,1466
10078,22491,2231
10079,19832,2095
10080,45169,1311
10081,64900,3610
10082,52910,2374
10083,19378,1458
10084,82684,1715
10085,75569,1483
10086,93968,1241
10087,20212,2030
10088,28339,2012
10089,30600,1277
10090,82046,1981
10091,46071,2153
10092,58721,3302
10093,6754,1256
10094,23985,3392
10095,84919,1440
10096,284,1427
10097,47640,1334
10098,46629,1617
10099,64145,3654
10100,32966,2110
10101,77312,2018
10102,44023,1884
10103,57689,2537
10104,36033,1408
10105,54859,1689
10106,18618,1463
10107,24274,1499
10108,5622,4131
10109,86027,5202
10110,42470,2930
10111,5245,5618
10112,81766,1432
10113,8314,1254
10114,14609,1929
10115,90481,2687
10116,36323,1990
10117,29113,1709
10118,17582,1853
10119,75584,2617
10120,55884,1872
10121,49563,1205
10122,52274,1357
10123,82785,3292
10124,52785,1489
10125,38945,1874
10126,93027,1773
10127,67083,1312
10128,16456,2146
10129,71244,3270
10130,37663,2780
10131,96681,3060
10132,71657,2381
10133,64010,3017
10134,96081,1761
10135,76057,1571
10136,42284,5149
10137,28110,2959
10138,65457,1384
10139,28058,2732
10140,89030,2484
10141,85733,2285
10142,15531,1213
10143,49869,2520
10144,22552,3308
10145,83430,1854
10146,35601,1402
10147,4935,1863
10148,80658,1201
10149,67231,1817
10150,47275,2415
10151,28942,1984
10152,79465,1831
10153,16620,2089
10154,54218,3096
10155,80760,1325
10156,32485,1527
10157,81126,1957
10158,90086,1454
10159,14503,1522
10160,9113,2026
10161,53259,3197
10162,39428,1395
10163,58915,3814
10164,12860,1793
10165,70123,1309
10166,56439,1235
10167,81124,1396
10168,79552,2950
10169,99576,2280
10170,89826,2094
10171,45728,2210
10172,7073,2240
10173,22059,3114
10174,53379,1255
10175,49544,2201
10176,98785,2301
10177,69179,2571
10178,15399,1213
10179,12903,3527
10180,22820,1715
10181,87217,3034
10182,18022,1243
10183,18296,1697
10184,8893,2981
10185,94877,2771
10186,83853,2022
10187,95544,1351
10188,37671,2180
10189,85774,2002
10190,94249,2386
10191,12052,2733
10192,4596,2439
10193,30025,2408
10194,92982,1498
10195,39909,1615
10196,45405,1247
10197,46754,1340
10198,78665,1291
10199,22310,2356
10200,3394,2586
10201,43243,2038
10202,26968,4976
10203,25239,2360
10204,21640,2197
10205,20845,2732
10206,12135,1305
10207,73097,1259
10208,54070,3632
10209,95498,5434
10210,73793,1206
10211,51598,2844
10212,65372,1560
10213,45288,1252
10214,46218,1337
10215,75344,1439
10216,52176,2966
10217,50411,2196
10218,42532,1234
10219,16208,2385
10220,92735,1506
10221,97722,2211
10222,13067,1380
10223,62046,1702
10224,1170,2662
10225,91768,1678
10226,38872,1757
10227,61152,1215
10228,35259,2263
10229,32311,4331
10230,78536,2989
10231,49526,1428
10232,31947,2426
10233,80426,3308
10234,80935,2179
10235,63114,3294
10236,11702,4143
10237,97731,1343
10238,73275,1578
10239,99695,2015
10240,22203,1493
10241,45026,1311
10242,65514,2241
10243,61333,2929
10244,8177,2544
10245,84508,2621
10246,99409,1493
10247,85116,1287
10248,82176,1372
10249,20755,2331
10250,46774,1896
10251,62299,1319
10252,80978,3529
10253,35782,2434
10254,48404,4182
10255,58229,1724
10256,12070,1505
10257,57809,1219
10258,20045,1833
10259,69784,1489
10260,95262,1545
10261,54369,3119
10262,21227,1289
10263,23694,2119
10264,56294,1839
10265,75539,2381
10266,85097,2374
10267,29065,3104
10268,30191,3574
10269,62110,2127
10270,5796,2461
10271,40551,2535
10272,36513,2537
10273,19040,2404
10274,46791,1348
10275,42017,6978
10276,31151,2114
10277,14927,1836
10278,12465,2611
10279,80214,1235
10280,51081,1619
10281,55649,1203
10282,49532,1729
10283,12540,1212
10284,1282,1541
10285,55973,1601
10286,60809,1878
10287,27522,2353
10288,4848,6183
10289,43504,1669
10290,33452,1639
10291,68060,1456
10292,5994,1695
10293,41207,1249
10294,54063,1963
10295,38464,1361
10296,11903,1829
10297,41706,1236
10298,62235,3333
10299,58338,2291
10300,81181,4947
10301,21249,1375
10302,2234,2758
10303,2972,2510
10304,72587,1926
10305,37626,2231
10306,61029,3436
10307,59707,1523
10308,68644,2095
10309,85155,2904
10310,27264,1649
10311,92222,1439
10312,31459,2638
10313,31765,1493
10314,95774,2173
10315,94625,2518
10316,31568,4893
10317,94186,1362
10318,96179,2036
10319,69498,3192
10320,94076,2695
10321,68711,1907
10322,70809,1631
10323,91740,1815
10324,84109,5576
10325,83441,3699
10326,99794,2586
10327,39686,3885
10328,94755,3022
10329,50458,1510
10330,77548,1904
10331,36806,1360
10332,67331,2769
10333,25644,1563
10334,6767,2691
10335,56700,2367
10336,62854,1782
10337,93973,2379
10338,18473,2298
10339,36500,1671
10340,20821,1579
10341,39008,2421
10342,12199,1466
10343,75964,1716
10344,60390,2298
10345,64256,2565
10346,66725,1596
10347,48981,1827
10348,18592,1563
10349,38674,2982
10350,47538,1292
10351,23738,2048
10352,73061,4011
10353,30121,1818
10354,47844,1726
10355,5849,1492
10356,31650,2887
10357,49029,4121
10358,37478,2540
10359,16734,2992
10360,95812,2696
10361,59691,2536
10362,15657,1607
10363,70956,1280
10364,58092,2862
10365,85501,2252
10366,27023,2537
10367,72824,1900
10368,19735,1768
10369,93827,1566
10370,77255,1501
10371,50720,1596
10372,1459,1396
10373,36307,2643
10374,27905,1686
10375,91331,1704
10376,70187,1483
10377,64009,2364
10378,28609,2893
10379,52740,2385
10380,55249,2581
10381,63284,2307
10382,58473,3053
10383,5082,2033
10384,54925,1497
10385,48370,1910
10386,9716,1900
10387,57439,2434
10388,14855,2096
10389,60642,1453
10390,4266,2894
10391,63064,2223
10392,54896,2778
10393,13334,2924
10394,86049,1922
10395,11841,2926
10396,45320,5233
10397,8510,4285
10398,88455,2798
10399,25271,3723
10400,76272,1545
10401,69336,3551
10402,91466,2079
10403,3744,2433
10404,51017,2210
10405,58568,1895
10406,61823,1827
10407,41343,1474
10408,13413,1394
10409,6608,8274
10410,99511,1562
10411,20330,1673
10412,2694,3291
10413,88384,1684
10414,75289,2377
10415,31250,2515
10416,75770,1930
10417,37372,1560
10418,85308,1794
10419,63586,2949
10420,32914,2380
10421,33249,3096
10422,52114,1571
10423,50638,2572
10424,45997,1468
10425,33617,1780
10426,60696,2278
10427,26205,4766
10428,68897,1947
10429,59218,2240
10430,85963,1604
10431,82605,1558
10432,69541,1471
10433,74606,1400
10434,45934,1811
10435,23729,1659
10436,93584,2111
10437,81828,2149
10438,24808,2519
10439,25660,4010
10440,74251,2281
10441,89845,1474
10442,25376,1311
10443,33437,1537
10444,75448,1845
10445,15392,2928
10446,21118,2301
10447,69985,3191
10448,6855,2487
10449,34255,1881
10450,335,4720
10451,76916,1572
10452,93189,2295
10453,38698,3381
10454,24315,9620
10455,39079,1432
10456,94460,1226
10457,5103,1617
10458,22546,2552
10459,20240,1971
10460,51366,1441
10461,32598,2480
10462,52175,1563
10463,95940,5466
10464,2151,2745
10465,6841,1286
10466,96612,2110
10467,44870,1685
10468,66807,1915
10469,55917,1834
10470,6461,1204
10471,72386,1366
10472,55197,2842
10473,45750,1212
10474,85795,2701
10475,60414,1667
10476,82312,1840
10477,9246,2773
10478,62184,1673
10479,87732,2282
10480,13528,3293
10481,56792,2289
10482,40245,3122
10483,97878,1554
10484,47752,1857
10485,94897,1770
10486,88190,2107
10487,56726,3529
10488,52556,1548
10489,22207,2198
10490,98932,2341
10491,86558,2152
10492,34289,1389
10493,10216,1890
10494,75900,3038
10495,40845,1624
10496,71702,1675
10497,83846,1864
10498,94632,2268
10499,2678,2753
10500,27059,1726
10501,96392,7983
10502,56470,1479
10503,18619,2177
10504,99997,2064
10505,83520,1688
10506,32445,1788
10507,38929,1636
10508,12540,3165
10509,95110,1839
10510,67688,3949
10511,83730,2117
10512,17330,1765
10513,43646,1540
10514,63314,1553
10515,88212,2161
10516,39595,2450
10517,29807,3129
10518,56103,2440
10519,3820,1904
10520,51919,1863
10521,28713,1706
10522,69111,2774
10523,48427,1394
10524,72938,1801
10525,43497,2636
10526,10479,1728
10527,66619,1968
10528,89993,2817
10529,46427,1853
10530,11749,1706
10531,39739,2817
10532,99500,2333
10533,45644,2592
10534,131,2476
10535,61403,1370
10536,22738,3488
10537,80583,1938
10538,90246,1230
10539,38846,1688
10540,93721,2115
10541,40515,1570
10542,34171,2051
10543,74669,2310
10544,51087,2123
10545,70246,2683
10546,30407,1820
10547,8559,1457
10548,5006,1587
10549,82954,2355
10550,94131,1290
10551,82564,2243
10552,52907,1236
10553,4325,2449
10554,89932,2589
10555,86219,2459
10556,37755,1395
10557,39077,1218
10558,41311,1263
10559,36696,1506
10560,68454,2378
10561,53527,1477
10562,47109,4629
10563,56338,3111
10564,72677,1935
10565,6083,2526
10566,56590,2611
10567,50938,3807
10568,23018,2397
10569,35050,2374
10570,47081,4354
10571,88014,1203
10572,12292,4862
10573,44876,2669
10574,91400,6590
10575,14964,1469
10576,40752,1323
10577,58499,1332
10578,3203,2726
10579,5513,2376
10580,71663,3139
10581,55897,1892
10582,33091,1550
10583,92412,1707
10584,34279,1736
10585,9295,1620
10586,74453,2086
10587,19383,1573
10588,76178,2270
10589,79343,1802
10590,50691,1367
10591,91500,1756
10592,92485,3101
10593,4849,5351
10594,55732,2462
10595,36647,2356
10596,79294,1697
10597,74219,2301
10598,62715,1445
10599,25714,2873
10600,96391,2592
10601,71702,1485
10602,87208,2368
10603,6388,1209
10604,9475,1834
10605,63765,2100
10606,44688,4463
10607,80804,1256
10608,60949,1264
10609,21162,1484
10610,38941,1348
10611,2560,2038
10612,87036,1337
10613,96686,2300
10614,79150,2918
10615,402,5003
10616,25095,2162
10617,8434,2451
10618,29773,1414
10619,66747,3461
10620,78184,2332
10621,76933,2062
10622,48597,1479
10623,13278,1858
10624,99727,2564
10625,93313,1880
10626,14246,3645
10627,80497,2360
10628,9919,1471
10629,18412,1223
10630,87225,1286
10631,94794,1889
10632,39527,2482
10633,75963,1609
10634,85061,2116
10635,2847,1208
10636,80484,1703
10637,96545,1980
10638,3130,1848
10639,85539,1561
10640,27153,2356
10641,61829,1368
10642,43698,2464
10643,82412,2820
10644,71745,1962
10645,25813,3105
10646,81164,1229
10647,93583,1485
10648,63642,1478
10649,76230,3376
10650,87996,2843
10651,42978,2606
10652,88175,1838
10653,66075,1650
10654,50005,2565
10655,13186,1427
10656,23585,1604
10657,97907,1757
10658,57390,2040
10659,86643,1965
10660,1253,2147
10661,72513,2286
10662,88824,1354
10663,38415,1589
10664,94585,1541
10665,9137,2281
10666,96305,1820
10667,46594,1582
10668,85727,1680
10669,51088,1681
10670,68732,1958
10671,43075,1644
10672,32145,3081
10673,360,1932
10674,38824,1452
10675,49150,5373
10676,71239,2194
10677,64805,4406
10678,18733,5128
10679,15958,1570
10680,69192,1245
10681,37816,6070
10682,81071,2830
10683,62606,2144
10684,40572,4074
10685,72819,1351
10686,8626,2754
10687,28819,2737
10688,47789,2429
10689,13640,1246
10690,83470,2454
10691,10333,2107
10692,51117,2805
10693,76444,1983
10694,72001,2038
10695,24063,1299
10696,12458,3497
10697,8230,1362
10698,56576,1740
10699,69125,2429
10700,53349,2074
10701,62744,1667
10702,41699,2694
10703,58228,1289
10704,4779,2505
10705,60501,1599
10706,75499,2821
10707,1650,1853
10708,98660,1607
10709,68390,2214
10710,57449,2342
10711,43239,1296
10712,46855,2904
10713,44992,3573
10714,53190,1324
10715,72740,1785
10716,83862,1652
10717,91407,2894
10718,95614,1902
10719,24454,2513
10720,24438,2395
10721,91331,1338
10722,82641,2343
10723,3013,1297
10724,69051,2835
10725,61857,2378
10726,76679,1524
10727,27175,1953
10728,78855,2753
10729,74304,1823
10730,65350,1968
10731,43220,1359
10732,37479,2087
10733,5515,1284
10734,668,2498
10735,5290,2775
10736,85273,1915
10737,49731,1832
10738,9707,1794
10739,26117,4459
10740,69758,1812
10741,74879,2179
10742,47637,1362
10743,91355,1201
10744,31585,1263
10745,36288,1396
10746,76629,1824
10747,33370,2619
10748,8664,2197
10749,40441,1794
10750,45523,2392
10751,6041,1668
10752,60666,3235
10753,9994,2438
10754,37519,1444
10755,53747,2351
10756,12477,2523
10757,76006,2559
10758,54897,2679
10759,76808,1864
10760,93813,4313
10761,69632,1269
10762,19318,2274
10763,3745,1520
10764,94977,1625
10765,51743,1457
10766,10196,2197
10767,58553,1844
10768,89416,1248
10769,81625,2665
10770,50971,1913
10771,49511,1478
10772,20509,1888
10773,73046,1289
10774,83485,3141
10775,32689,3073
10776,96920,2285
10777,43121,1853
10778,43824,1489
10779,75867,4864
10780,19928,2052
10781,83765,2398
10782,85620,1674
10783,92760,1979
10784,86960,1358
10785,93580,1692
10786,2251,1777
10787,30606,1614
10788,6177,1292
10789,73781,1343
10790,23831,1785
10791,28277,3234
10792,45963,2059
10793,1392,1328
10794,14503,1970
10795,29445,1566
10796,86761,1810
10797,5646,1318
10798,26282,1287
10799,59475,2928
10800,82596,1894
10801,97818,3806
10802,86600,1995
10803,34306,2138
10804,73037,2788
10805,17242,1837
10806,15506,4187
10807,14618,2573
10808,42689,2818
10809,34344,1601
10810,38045,2144
10811,11864,1442
10812,26437,1536
10813,63705,2463
10814,99185,1601
10815,94307,1412
10816,12648,3064
10817,85759,2297
10818,74363,1440
10819,22503,1768
10820,97375,3252
10821,92348,4504
10822,76691,3528
10823,61924,2749
10824,23117,2605
10825,98192,1675
10826,37395,2286
10827,19690,3194
10828,30379,1926
10829,59381,2059
10830,2636,2597
10831,37996,1752
10832,69876,1201
10833,35899,1279
10834,20850,1824
10835,30480,2000
10836,55988,1534
10837,15070,6069
10838,95160,1515
10839,8829,2205
10840,76317,1700
10841,42891,1682
10842,52391,1942
10843,98490,2468
10844,77658,1324
10845,22919,1759
10846,21425,1552
10847,30507,1314
10848,70437,2529
10849,46954,1660
10850,78559,2275
10851,67350,1778
10852,90775,2267
10853,58576,2000
10854,96487,2277
10855,55239,3061
10856,28954,1340
10857,1816,1224
10858,93647,1255
10859,50280,1226
10860,50937,2086
10861,39324,3279
10862,36487,1741
10863,81389,2785
10864,23778,1634
10865,23037,1953
10866,2113,2197
10867,96362,2728
10868,84202,1818
10869,31487,1520
10870,86052,2355
10871,21107,2026
10872,66592,2065
10873,42313,1245
10874,3284,2298
10875,30443,2238
10876,33735,2335
10877,75011,1465
10878,37232,1280
10879,93435,3602
10880,458,7421
10881,47150,1543
10882,72721,3299
10883,73985,1488
10884,71588,2710
10885,11834,2656
10886,76070,2576
10887,26901,1333
10888,51869,1337
10889,86156,1463
10890,659,2138
10891,10414,1905
10892,29284,1483
10893,48673,1622
10894,92015,2982
10895,39630,2653
10896,84933,2243
10897,55473,2046
10898,72641,1551
10899,22477,3882
10900,59559,1221
10901,26483,1628
10902,10670,1717
10903,19820,3539
10904,3483,2532
10905,85558,3111
10906,84759,1687
10907,37168,1615
10908,41321,1835
10909,48019,1742
10910,26089,1878
10911,34002,2100
10912,61827,1286
10913,60237,2756
10914,86224,2245
10915,48789,1695
10916,81104,2137
10917,16528,2379
10918,73417,2004
10919,95576,6064
10920,4341,1289
10921,22260,1723
10922,38738,2723
10923,88973,1576
10924,77075,1595
10925,13851,2647
10926,87869,1538
10927,9414,2616
10928,851,2246
10929,34603,2662
10930,73781,2044
10931,60114,1875
10932,35721,6080
10933,91709,2703
10934,36603,2523
10935,83023,2240
10936,79292,2620
10937,37743,1245
10938,62795,2290
10939,4513,1280
10940,60268,1237
10941,98303,2962
10942,71425,7902
10943,21107,2303
10944,42741,2592
10945,45425,1252
10946,43415,3121
10947,2724,1612
10948,58091,2129
10949,70470,1839
10950,71227,1994
10951,13811,1643
10952,80441,1273
10953,23187,2052
10954,21496,1984
10955,8736,2897
10956,80559,1844
10957,61671,1959
10958,77776,1553
10959,19648,2082
10960,48760,1448
10961,75529,2638
10962,9961,1719
10963,99109,2191
10964,28622,1866
10965,49231,1479
10966,98726,3074
10967,25860,2359
10968,55862,2238
10969,34983,1222
10970,79466,3282
10971,88776,3783
10972,50300,1311
10973,62873,3471
10974,39704,1652
10975,13667,6098
10976,18082,1474
10977,45283,1725
10978,67352,1355
10979,99797,2241
10980,2093,2143
10981,68514,1470
10982,58655,1324
10983,10617,1565
10984,7672,2033
10985,73137,1564
10986,90325,4460
10987,70409,2620
10988,99138,2828
10989,47009,1494
10990,61389,2955
10991,7530,1303
10992,83590,3117
10993,49115,2206
10994,43940,1220
10995,32699,1242
10996,9380,3105
10997,49533,1990
10998,54451,1420
10999,40998,1750
11000,17251,1793
11001,69151,2108
11002,73417,1698
11003,89916,1771
11004,81096,2122
11005,59651,2614
11006,87725,1651
11007,92504,2282
11008,49140,2251
11009,91621,1771
11010,26072,1262
11011,86185,1409
11012,40498,3008
11013,99051,2591
11014,72520,2134
11015,98481,4764
11016,71688,1623
11017,97469,1813
11018,98166,1676
11019,50934,2662
11020,30009,1948
11021,98327,1645
11022,98307,3102
11023,35396,1792
11024,13602,1731
11025,70199,1862
11026,50759,1535
11027,49337,3478
11028,30045,1823
11029,77492,1283
11030,28351,1660
11031,39035,2922
11032,37356,2150
11033,76155,2589
11034,97690,1506
11035,83918,2852
11036,94763,1887
11037,51694,1668
11038,20924,1589
11039,13436,1367
11040,18151,1487
11041,11989,2175
11042,48057,3331
11043,91573,1311
11044,56542,1614
11045,66398,1966
11046,37069,1580
11047,71449,1266
11048,80130,1434
11049,75569,1247
11050,36096,2587
11051,78262,3960
11052,75910,2291
11053,64164,2834
11054,7608,3060
11055,63936,1238
11056,57650,1928
11057,33052,1776
11058,89639,1519
11059,43111,2164
11060,85115,3486
11061,17385,2384
11062,58415,3100
11063,35429,1429
11064,58956,1929
11065,28457,1592
11066,78439,2039
11067,19866,1240
11068,38587,2961
11069,3031,1611
11070,33398,1654
11071,78781,1413
11072,55028,1211
11073,42049,2331
11074,85837,1563
11075,50879,1728
11076,26486,1608
11077,48680,1362
11078,36496,1929
11079,99671,2236
11080,37662,2956
11081,48535,1829
11082,25709,3064
11083,45752,1607
11084,27889,1433
11085,26429,2461
11086,1282,2201
11087,71110,1436
11088,32130,2488
11089,5283,1549
11090,32565,1797
11091,60245,2099
11092,65168,1955
11093,19621,1646
11094,17980,1506
11095,18811,4889
11096,24009,1540
11097,32670,1682
11098,3026,1854
11099,57890,1659
11100,50054,2220
11101,76857,2164
11102,21844,1743
11103,98367,1625
11104,40746,4291
11105,53156,1564
11106,72636,3554
11107,92277,2140
11108,73673,2423
11109,39162,3443
11110,77203,1819
11111,13026,5126
11112,66851,2808
11113,79777,2008
11114,17125,3245
11115,74911,1547
11116,25545,1793
11117,82634,1804
11118,80901,9254
11119,56889,2573
11120,5465,1463
11121,21949,2154
11122,10298,1758
11123,53808,1766
11124,67646,3028
11125,92025,2333
11126,29231,1557
11127,28967,1871
11128,2809,2143
11129,39449,2120
11130,91261,3578
11131,87639,1521
11132,69167,1607
11133,8251,1322
11134,44572,1740
11135,68810,2809
11136,18465,2354
11137,70701,2032
11138,67801,2783
11139,81167,2268
11140,78364,1772
11141,49134,1365
11142,63061,2104
11143,53888,6382
11144,65776,1291
11145,15254,2668
11146,74203,3324
11147,17018,1650
11148,53161,3201
11149,43541,2255
11150,35949,1730
11151,92707,3548
11152,81333,2626
11153,30471,2645
11154,78177,2238
11155,96607,1308
11156,66590,2845
11157,32972,1280
11158,60030,1552
11159,48392,2830
11160,45527,2101
11161,73557,2017
11162,63802,1512
11163,52381,1637
11164,81479,1511
11165,36011,2382
11166,14674,3229
11167,9257,1496
11168,42263,4169
11169,31499,2086
11170,83755,1472
11171,22585,2306
11172,64918,1339
11173,69940,2483
11174,21650,1639
11175,9858,1671
11176,21064,3028
11177,74729,2381
11178,82111,3510
11179,38322,3312
11180,44954,2209
11181,12809,1923
11182,43132,2832
11183,13547,1282
11184,33726,6818
11185,14748,3689
11186,23472,2025
11187,34767,2186
11188,8300,2060
11189,9407,1340
11190,27755,2752
11191,65679,1360
11192,37637,1977
11193,99427,1521
11194,64572,1438
11195,32497,1244
11196,35780,1330
11197,85424,2134
11198,95039,2901
11199,46464,1242
11200,97861,2100
11201,24318,1253
11202,76591,1298
11203,77982,1964
11204,17371,1721
11205,73379,3731
11206,49715,1534
11207,68132,2193
11208,79774,2955
11209,92401,1588
11210,37926,3050
11211,10584,1388
11212,24763,1343
11213,79982,1230
11214,38760,2372
11215,72833,2784
11216,70672,1637
11217,71840,3575
11218,38311,1845
11219,7449,1623
11220,9430,2976
11221,41196,1207
11222,85833,2067
11223,40384,1701
11224,41610,2974
11225,15113,1854
11226,15377,2006
11227,97364,1509
11228,67380,4184
11229,30590,2582
11230,78842,1825
11231,63936,1397
11232,76035,1464
11233,63733,2028
11234,83464,1573
11235,20115,2113
11236,17807,3186
11237,92894,3232
11238,78751,1378
11239,81199,1611
11240,68385,2139
11241,53434,2823
11242,75117,3188
11243,45148,2518
11244,93770,1545
11245,49310,1619
11246,17941,2696
11247,37468,3497
11248,4474,2156
11249,36510,2474
11250,45197,2271
11251,98384,2588
11252,37807,1272
11253,97335,1258
11254,85791,1976
11255,87161,4208
11256,34373,2282
11257,64366,2840
11258,31881,1619
11259,13522,1717
11260,58173,1490
11261,90897,2129
11262,87256,1406
11263,44718,2276
11264,65304,1774
11265,78772,1294
11266,47489,3572
11267,70928,1842
11268,7082,2207
11269,81887,1468
11270,91742,1874
11271,56901,2371
11272,21007,1767
11273,36022,2001
11274,43636,3866
11275,51343,1658
11276,68955,1981
11277,69843,4017
11278,88627,2355
11279,60433,4433
11280,81580,1240
11281,50589,2053
11282,71891,2005
11283,87266,2999
11284,32829,1725
11285,18845,2450
11286,23425,2494
11287,61045,1690
11288,73043,2611
11289,85194,1319
11290,93761,1467
11291,75869,2729
11292,48913,1446
11293,24371,1674
11294,75048,2129
11295,36366,1848
11296,21129,1712
11297,28952,1607
11298,10355,2553
11299,14333,2262
11300,37624,2781
11301,24657,1710
11302,96151,2358
11303,44977,1250
11304,7961,2187
11305,97387,1266
11306,61058,1566
11307,57183,1408
11308,74193,1406
11309,66120,1590
11310,36253,1578
11311,57476,1716
11312,16033,4170
11313,5804,2689
11314,43520,1589
11315,71302,2636
11316,32491,2493
11317,92634,3058
11318,61418,2156
11319,7357,2521
11320,47793,1341
11321,25943,1444
11322,13216,1768
11323,94203,2140
11324,88415,3635
11325,20239,3154
11326,58614,2844
11327,19132,2357
11328,88748,1353
11329,55172,2491
11330,39459,1247
11331,29153,1763
11332,72071,1999
11333,46502,1998
11334,94029,1864
11335,13374,1420
11336,96274,3241
11337,24957,2574
11338,50679,1320
11339,56816,2157
11340,96089,1594
11341,62934,2557
11342,81939,5325
11343,18475,2520
11344,35893,1722
11345,96811,3279
11346,67294,3210
11347,43149,1239
11348,57506,1511
11349,84197,2591
11350,384,2323
11351,66481,2770
11352,17443,2746
11353,96994,1630
11354,77341,1471
11355,83935,2038
11356,55196,2606
11357,96124,1550
11358,71532,2062
11359,89923,1402
11360,83640,2769
11361,511,1678
11362,72606,3724
11363,4933,1902
11364,85016,1587
11365,71485,1826
11366,49972,3096
11367,93773,1814
11368,74487,2149
11369,52967,1852
11370,61618,1949
11371,7651,2336
11372,93647,3261
11373,54284,1439
11374,65666,2480
11375,78592,1624
11376,41337,2093
11377,12138,1692
11378,89881,3951
11379,99575,1464
11380,90794,1555
11381,61752,1937
11382,32452,2401
11383,2434,1403
11384,43376,1283
11385,67966,2405
11386,78428,1437
11387,78459,1287
11388,71291,1664
11389,3053,1449
11390,53825,1959
11391,1164,4569
11392,35763,1260
11393,97443,3199
11394,9154,2731
11395,16127,1508
11396,9700,2301
11397,77077,2680
11398,17751,2017
11399,10080,2776
11400,11936,1380
11401,30578,2325
11402,3546,1423
11403,80066,2065
11404,32601,3184
11405,46792,1839
11406,69194,2515
11407,61255,1558
11408,69336,1935
11409,24552,2176
11410,75558,2319
11411,38653,1439
11412,99930,2121
11413,15920,2368
11414,65658,1804
11415,9485,1951
11416,49670,1596
11417,86101,1444
11418,19777,2514
11419,99026,1282
11420,44225,2520
11421,23830,1648
11422,79160,2256
11423,5946,2050
11424,81213,1361
11425,12477,3250
11426,2336,3365
11427,78399,2054
11428,14107,2967
11429,54646,2155
11430,9093,2323
11431,15542,2755
11432,7634,1873
11433,8671,2064
11434,83289,3491
11435,34254,2648
11436,11019,2534
11437,47342,1314
11438,80162,1306
11439,37488,1287
11440,98483,1589
11441,37633,2401
11442,72902,3778
11443,76182,1389
11444,45486,1248
11445,83551,1980
11446,54933,2863
11447,36917,2954
11448,8986,2590
11449,50660,2815
11450,68753,2687
11451,9859,1332
11452,5167,1473
11453,92322,1349
11454,61929,2298
11455,69708,1536
11456,34278,1478
11457,33255,5184
11458,28993,1393
11459,51370,1594
11460,75428,2670
11461,21055,2112
11462,44140,1504
11463,38553,3487
11464,65918,1556
11465,85936,1454
11466,72735,1322
11467,42137,1861
11468,595,1467
11469,17285,6726
11470,38796,1210
11471,72527,1778
11472,6808,1560
11473,12597,1224
11474,6686,2565
11475,410,1690
11476,72068,1802
11477,6016,1724
11478,82055,1736
11479,55217,1371
11480,30246,3057
11481,59045,1745
11482,19994,1464
11483,57101,1752
11484,49450,1672
11485,46725,2346
11486,59403,1681
11487,66041,4684
11488,28564,1356
11489,86313,1566
11490,52665,2108
11491,14595,1369
11492,60657,1948
11493,19732,1799
11494,32889,1668
11495,93841,2574
11496,38864,1994
11497,7594,1395
11498,27476,1874
11499,2622,3242
11500,43269,2970
11501,53764,1799
11502,29591,1860
11503,39573,2698
11504,25754,1830
11505,73182,2585
11506,84535,1659
11507,94780,2291
11508,49259,1214
11509,38556,2088
11510,360,1981
11511,47474,1478
11512,51733,1642
11513,76728,2715
11514,77362,3363
11515,67198,1626
11516,22180,2494
11517,76049,2561
11518,80129,1417
11519,61728,1324
11520,40453,1426
11521,28702,2250
11522,95403,2215
11523,57996,1387
11524,72570,2377
11525,80216,1202
11526,48464,3165
11527,62908,1568
11528,35736,1286
11529,20591,2386
11530,88029,1326
11531,85888,2266
11532,15039,1834
11533,9606,2879
11534,9552,1255
11535,50001,1895
11536,58110,1507
11537,38790,2118
11538,81721,4086
11539,17403,1523
11540,54789,1843
11541,59725,2444
11542,49774,1415
11543,47916,1519
11544,58084,1901
11545,91012,2299
11546,20690,2258
11547,72369,2252
11548,73129,1990
11549,95477,1422
11550,61719,1738
11551,34914,2160
11552,13177,2170
11553,78769,1815
11554,35754,1887
11555,67530,1483
11556,9512,1855
11557,29103,1371
11558,95279,1243
11559,1555,3633
11560,79975,2048
11561,75479,2267
11562,40736,2413
11563,39338,1438
11564,56381,2619
11565,17415,2314
11566,74980,1670
11567,98797,2973
11568,2786,1572
11569,57709,1533
11570,53442,3370
11571,77809,2230
11572,74045,1407
11573,99009,1930
11574,7162,1501
11575,87218,2094
11576,79887,2516
11577,42946,1511
11578,52239,2097
11579,60986,1226
11580,19484,2374
11581,66966,1824
11582,32075,1556
11583,20028,6129
11584,95560,1315
11585,71509,1326
11586,18467,2448
11587,51871,2798
11588,47630,2166
11589,29123,1504
11590,16089,4135
11591,95523,3022
11592,38591,1566
11593,89586,1760
11594,86662,1480
11595,55616,2207
11596,38768,3063
11597,39242,2537
11598,48886,1541
11599,70848,3368
11600,608,3292
11601,64042,2006
11602,85141,2448
11603,68437,2919
11604,50454,1315
11605,52715,2487
11606,64197,1409
11607,1254,1321
11608,20963,1448
11609,41943,1220
11610,80310,1353
11611,71080,3529
11612,93637,1722
11613,72108,1923
11614,65927,1495
11615,30308,4775
11616,77893,1576
11617,45791,1247
11618,83292,2034
11619,31819,3699
11620,41139,2927
11621,65571,2454
11622,31703,1707
11623,45981,3930
11624,32866,1421
11625,21052,1818
11626,38192,1633
11627,64826,1707
11628,36772,1864
11629,46092,2412
11630,13554,2291
11631,97088,1625
11632,26854,2175
11633,73551,5456
11634,79272,1337
11635,48148,1572
11636,93771,3349
11637,96634,1643
11638,73387,1628
11639,88202,1324
11640,67038,1739
11641,29716,2523
11642,59342,3046
11643,26763,4053
11644,51276,2573
11645,48600,2869
11646,55934,1930
11647,5758,1238
11648,49518,2049
11649,82012,1854
11650,75554,2462
11651,69300,1466
11652,82145,1767
11653,43878,2228
11654,28127,1699
11655,40391,3436
11656,60545,3074
11657,26727,2318
11658,86115,5008
11659,89133,2043
11660,23087,2550
11661,80580,3988
11662,23016,1222
11663,88945,1611
11664,13677,2320
11665,32373,1690
11666,76532,2775
11667,66095,1247
11668,14196,2146
11669,88480,1422
11670,75999,2763
11671,95837,3889
11672,18196,1276
11673,7519,4524
11674,55326,2046
11675,22343,2317
11676,40681,1512
11677,13814,1655
11678,15401,1211
11679,94637,2151
11680,77208,2443
11681,99756,2926
11682,56027,1342
11683,35279,1306
11684,41874,1598
11685,37135,3834
11686,85430,1768
11687,56208,1366
11688,9139,2710
11689,59068,2756
11690,89245,1363
11691,71848,1954
11692,4011,1368
11693,48704,5371
11694,60225,1366
11695,37961,3054
11696,860,1909
11697,41784,1938
11698,875,3645
11699,70670,1753
11700,49773,1469
11701,59818,1665
11702,43712,3637
11703,66651,2274
11704,92915,2448
11705,68206,4104
11706,17111,1291
11707,83377,1449
11708,84509,1499
11709,6988,1904
11710,51695,2707
11711,21339,2831
11712,6984,1294
11713,61096,2716
11714,27505,1480
11715,48670,1208
11716,95219,1756
11717,42147,1219
11718,58959,3469
11719,80419,2189
11720,34355,2460
11721,75793,1857
11722,44520,2342
11723,55060,2373
11724,85512,1982
11725,97903,2289
11726,29075,2644
11727,90257,2254
11728,94946,2607
11729,24659,1424
11730,20558,1492
11731,57662,1526
11732,90608,2602
11733,34311,1777
11734,7813,1536
11735,1860,2106
11736,19978,3953
11737,34293,1872
11738,90047,1390
11739,80078,1705
11740,53040,3072
11741,20330,1628
11742,93720,2046
11743,9700,2871
11744,5062,2354
11745,45751,1497
11746,3352,3109
11747,81309,2422
11748,93291,3074
11749,66853,1334
11750,76279,2709
11751,69120,1685
11752,24643,2343
11753,33325,2358
11754,37991,1321
11755,34696,3103
11756,82874,1971
11757,43308,3406
11758,31480,2114
11759,39547,2968
11760,36763,2500
11761,28858,2369
11762,57242,1940
11763,80856,1347
11764,40313,3583
11765,51600,2824
11766,71664,1371
11767,29809,1763
11768,61446,2484
11769,39948,3458
11770,2225,2182
11771,77448,1356
11772,62423,1830
11773,97034,2216
11774,86898,1252
11775,36787,1430
11776,22991,1467
11777,95918,1549
11778,15401,1257
11779,17334,2004
11780,70582,1427
11781,38505,2911
11782,37482,3769
11783,7045,1735
11784,71336,2164
11785,52150,2677
11786,54370,1997
11787,57602,1450
11788,62655,1968
11789,59712,2916
11790,36053,1283
11791,47144,1311
11792,45919,1604
11793,5017,1677
11794,2620,1760
11795,65224,3329
11796,23661,1215
11797,56016,2109
11798,61933,2439
11799,34710,1620
11800,71013,1451
11801,79481,2077
11802,2169,1300
11803,13204,7828
11804,48768,1620
11805,96344,2003
11806,11423,2174
11807,7215,1679
11808,42172,1247
11809,46291,1852
11810,29951,1785
11811,77114,2217
11812,28472,1219
11813,86277,3899
11814,73464,2233
11815,33571,1240
11816,31343,1581
11817,19564,2215
11818,8701,1363
11819,69630,1961
11820,14142,1956
11821,61441,2061
11822,54085,1890
11823,31379,1523
11824,37776,1750
11825,33276,1951
11826,18349,2091
11827,37403,1987
11828,72492,5435
11829,47905,2391
11830,69517,2196
11831,52812,2398
11832,93480,2628
11833,40986,1423
11834,89394,1351
11835,87612,1745
11836,57872,2549
11837,95173,1903
11838,17122,1273
11839,44151,2447
11840,50084,1451
11841,97413,1827
11842,35217,2253
11843,23830,2110
11844,40987,2749
11845,63796,2734
11846,40694,2027
11847,62567,4127
11848,77843,1430
11849,45706,5041
11850,31566,1524
11851,19651,1723
11852,65310,4974
11853,95050,1870
11854,60087,1982
11855,93976,3074
11856,93506,2760
11857,38838,2514
11858,98704,1620
11859,38279,1815
11860,25343,1224
11861,38311,5281
11862,63056,2465
11863,5979,2067
11864,54661,2112
11865,36421,1721
11866,67045,1771
11867,69310,1481
11868,33537,1998
11869,61381,2145
11870,63245,1825
11871,89734,1911
11872,88498,1420
11873,25011,2131
11874,77049,1912
11875,84032,1919
11876,20396,2515
11877,87891,1484
11878,80187,2263
11879,71348,2809
11880,55286,1678
11881,2781,2150
11882,53837,2655
11883,64185,3018
11884,2238,1715
11885,23986,2434
11886,95782,2113
11887,64705,1832
11888,32365,1781
11889,32571,2922
11890,33963,1274
11891,50019,3356
11892,92099,2787
11893,186,2901
11894,74050,3143
11895,30292,2378
11896,33396,2124
11897,22752,1486
11898,13174,2916
11899,7196,2456
11900,11711,1956
11901,61958,3271
11902,41978,3646
11903,63510,2190
11904,95648,1315
11905,77906,4181
11906,64425,1620
11907,56384,1576
11908,12373,2192
11909,95543,1216
11910,13390,1656
11911,25630,2671
11912,28933,1834
11913,60725,3672
11914,87019,2105
11915,71641,1749
11916,28914,2957
11917,80510,2043
11918,43683,1692
11919,72097,4106
11920,31845,1626
11921,95373,1304
11922,87116,1655
11923,91556,1935
11924,31284,1838
11925,76414,1799
11926,2469,2288
11927,96191,1968
11928,90118,1720
11929,54901,1732
11930,66135,1280
11931,15273,2661
11932,60443,2627
11933,59988,2316
11934,90065,1960
11935,2788,1732
11936,85754,2271
11937,81815,3185
11938,79876,4665
11939,44002,1728
11940,23130,1322
11941,83480,2777
11942,68138,1564
11943,44189,2801
11944,99363,1261
11945,84913,2476
11946,36792,1477
11947,75980,1626
11948,17171,1318
11949,50134,2138
11950,10417,2533
11951,60131,1308
11952,32166,1958
11953,72527,1248
11954,5045,2212
11955,57806,1620
11956,65257,1725
11957,33684,1363
11958,71319,2322
11959,71923,2184
11960,22027,2204
11961,88101,3290
11962,84340,2390
11963,90044,1311
11964,6705,4481
11965,54421,1683
11966,8379,1293
11967,21868,1981
11968,87137,1887
11969,23305,2447
11970,32148,1860
11971,7066,1816
11972,79155,1991
11973,9311,2345
11974,53330,2266
11975,6421,2224
11976,4043,2219
11977,33111,1877
11978,11674,2643
11979,4383,2555
11980,44963,1682
11981,33910,1664
11982,11614,2156
11983,4475,3110
11984,53391,3795
11985,63326,1770
11986,65645,1626
11987,97730,1524
11988,52964,1428
11989,97425,1893
11990,80581,1212
11991,29990,2390
11992,83031,3189
11993,93887,1325
11994,5116,1504
11995,11925,4757
11996,69342,2308
11997,65355,2222
11998,53852,2013
11999,6439,2508
12000,65809,2246
12001,73683,1379
12002,31060,5441
12003,69582,1579
12004,53452,1809
12005,49843,2449
12006,84133,1540
12007,823,1829
12008,29679,1218
12009,87479,1562
12010,27504,1841
12011,28895,1868
12012,51586,2421
12013,69977,1240
12014,16670,2835
12015,46212,1891
12016,45147,1265
12017,73406,1630
12018,84989,1722
12019,74220,2402
12020,60350,2596
12021,30606,1779
12022,24324,2774
12023,16813,1936
12024,73319,1771
12025,52560,2434
12026,48,3142
12027,4110,1631
12028,79105,3034
12029,85310,1460
12030,82810,1537
12031,30766,1652
12032,27866,2143
12033,66071,1401
12034,62667,2337
12035,14637,2258
12036,25434,1373
12037,49125,2254
12038,39976,1871
12039,50056,2900
12040,53588,2697
12041,6532,3895
12042,64413,1667
12043,76877,1667
12044,36819,3345
12045,12816,1973
12046,62202,8406
12047,69761,2430
12048,66754,3481
12049,85458,1505
12050,87687,1943
12051,25731,2882
12052,3467,2077
12053,5396,1556
12054,98021,1479
12055,50431,1487
12056,27804,1719
12057,69390,2138
12058,72266,1838
12059,76098,2944
12060,65575,2418
12061,58924,3094
12062,23272,3063
12063,39136,2415
12064,34361,2599
12065,41874,1489
12066,66852,3026
12067,72696,1269
12068,83247,1981
12069,94104,2647
12070,19157,2794
12071,84068,2159
12072,53956,1319
12073,37772,2171
12074,96043,2721
12075,88444,4277
12076,67823,2008
12077,89155,2357
12078,34340,1467
12079,9599,2720
12080,57316,1404
12081,83815,1925
12082,40783,1930
12083,476,4552
12084,8389,1873
12085,9682,1591
12086,32436,1987
12087,59103,1946
12088,4960,1217
12089,8342,1725
12090,92718,1215
12091,13071,2696
12092,62795,1277
12093,11946,2628
12094,6912,1822
12095,66582,2533
12096,38257,1973
12097,46844,2919
12098,21341,1881
12099,47013,2527
12100,76350,2004
12101,88253,5776
12102,79081,1358
12103,16936,2974
12104,58431,2011
12105,58045,1612
12106,55216,3208
12107,41202,1480
12108,29379,1681
12109,98784,1225
12110,9950,1723
12111,65560,1752
12112,88453,2727
12113,61227,2579
12114,26099,3644
12115,49623,3459
12116,4336,1356
12117,76430,2222
12118,66648,2678
12119,70429,2080
12120,13161,2555
12121,92222,1558
12122,33575,1727
12123,54103,1942
12124,95834,2304
12125,15037,2128
12126,14624,2779
12127,52461,2375
12128,33256,1406
12129,64877,2266
12130,34927,2133
12131,14669,2169
12132,56474,3497
12133,34387,1371
12134,83725,1963
12135,94193,1881
12136,17728,2037
12137,16489,1506
12138,3801,1224
12139,57163,1797
12140,76608,9527
12141,52186,1602
12142,15259,1239
12143,66162,1552
12144,97448,1293
12145,86274,1539
12146,64903,2732
12147,59924,2282
12148,32433,2369
12149,43409,2985
12150,32303,1965
12151,64702,2128
12152,31441,1635
12153,27309,2480
12154,95369,1817
12155,63422,1670
12156,29393,2095
12157,46975,1790
12158,86248,3102
12159,36738,2140
12160,93727,2523
12161,6351,3375
12162,52940,3124
12163,93643,1483
12164,68950,1274
12165,15395,1374
12166,35313,2443
12167,45987,1894
12168,39699,2871
12169,6411,2034
12170,77086,1728
12171,48343,2216
12172,71878,3015
12173,9365,1882
12174,56795,1689
12175,84483,3335
12176,36658,2284
12177,1607,2619
12178,24543,3070
12179,96323,1982
12180,8448,1261
12181,92503,2282
12182,95552,2461
12183,7958,1401
12184,75530,2434
12185,51078,2006
12186,48489,1360
12187,8651,4618
12188,57739,1214
12189,61604,2626
12190,15840,2404
12191,71558,1516
12192,42286,1299
12193,16694,3536
12194,50298,2102
12195,33497,2127
12196,95995,1783
12197,68981,1764
12198,49050,2780
12199,61778,1411
12200,8601,3044
12201,60842,1303
12202,31536,1310
12203,85000,1778
12204,9127,2057
12205,99405,2665
12206,40711,1322
12207,10043,1587
12208,55471,3186
12209,77260,1874
12210,81148,1426
12211,13355,1317
12212,58595,2142
12213,2140,1690
12214,12433,2618
12215,25029,3043
12216,51605,1518
12217,72911,2944
12218,99416,3579
12219,10408,1482
12220,95948,1759
12221,59260,2820
12222,44526,2094
12223,9601,2313
12224,76436,2119
12225,485,3789
12226,72673,2335
12227,90500,1768
12228,21856,1304
12229,20237,2380
12230,86967,1586
12231,11305,2474
12232,84220,2044
12233,13394,3025
12234,81164,1722
12235,3393,5056
12236,29006,2032
12237,47835,2413
12238,82126,1326
12239,60149,1823
12240,54789,1236
12241,33764,1746
12242,35832,1395
12243,71944,2251
12244,25593,2454
12245,49775,1895
12246,91222,2169
12247,41984,3308
12248,45396,1747
12249,97515,1997
12250,53376,1735
12251,10857,1585
12252,21452,1261
12253,28387,1411
12254,66200,3747
12255,71201,1755
12256,34832,2476
12257,11883,2291
12258,45698,2286
12259,4163,1345
12260,37691,3276
12261,70056,2584
12262,97623,1490
12263,50928,2135
12264,6364,1766
12265,96348,2156
12266,60618,3889
12267,87169,2383
12268,72238,2106
12269,16170,2365
12270,95800,2452
12271,15293,3475
12272,47438,2672
12273,71662,1474
12274,38087,2836
12275,76928,2470
12276,60193,2568
12277,56389,1944
12278,54252,2451
12279,70553,2456
12280,58156,1619
12281,74233,2379
12282,2224,2301
12283,9206,2015
12284,30579,1335
12285,62047,2788
12286,47302,1670
12287,15289,1355
12288,38841,1647
12289,79404,1516
12290,97485,2111
12291,15165,1279
12292,8639,2289
12293,85516,1350
12294,73889,2553
12295,37713,1235
12296,89950,1629
12297,36122,2024
12298,49350,1525
12299,92355,3961
12300,48217,1442
12301,91834,2469
12302,9138,2487
12303,66010,2291
12304,71107,3063
12305,46078,2559
12306,18957,2378
12307,29026,1271
12308,41245,1524
12309,92479,4307
12310,86835,3175
12311,87196,1882
12312,21643,1533
12313,19869,2400
12314,26869,2406
12315,23073,3265
12316,5549,1268
12317,77296,4061
12318,54938,2075
12319,24014,2384
12320,3850,2651
12321,96870,3604
12322,80776,2841
12323,46308,2483
12324,84236,1867
12325,39833,2302
12326,42118,1622
12327,97885,1731
12328,73136,2149
12329,93554,8425
12330,49437,1855
12331,70271,1883
12332,33192,1509
12333,16234,4451
12334,40061,2004
12335,37184,1467
12336,43271,1515
12337,58024,1708
12338,7684,2485
12339,26561,1752
12340,61349,1413
12341,39880,1221
12342,19375,3145
12343,43743,1649
12344,57599,1789
12345,39315,2399
12346,21059,1458
12347,81909,3445
12348,59574,1657
12349,83879,2222
12350,40862,2399
12351,22353,1820
12352,32001,1311
12353,4481,1803
12354,58517,2125
12355,5767,2113
12356,88269,1460
12357,92477,2214
12358,87251,1820
12359,17945,3095
12360,41031,1877
12361,39767,1422
12362,33681,2241
12363,29274,4121
12364,2025,1849
12365,33988,2887
12366,50694,1330
12367,34246,1600
12368,68684,2414
12369,52680,2418
12370,24418,1991
12371,34057,3125
12372,47221,1423
12373,90950,1953
12374,77441,2573
12375,68122,1214
12376,49914,2427
12377,59688,1801
12378,48229,1408
12379,78768,2200
12380,28336,2281
12381,37474,1271
12382,49547,2154
12383,6543,1272
12384,5927,1343
12385,3866,2330
12386,34130,1444
12387,3005,4445
12388,2542,1328
12389,76824,1555
12390,81421,1205
12391,95026,2377
12392,45355,3750
12393,79678,2970
12394,34979,2051
12395,8172,1675
12396,62087,2094
12397,45768,2692
12398,42775,1765
12399,23979,1428
12400,18937,2688
12401,54337,2110
12402,79152,1372
12403,7878,1420
12404,66841,2633
12405,16842,1235
12406,76043,2936
12407,14996,1739
12408,24960,2355
12409,76192,2077
12410,97690,1945
12411,32258,1291
12412,66901,1203
12413,5838,4772
12414,55536,2277
12415,52137,2342
12416,9156,2781
12417,34312,1207
12418,84826,2209
12419,90388,2699
12420,87606,1259
12421,48336,3642
12422,94170,3627
12423,46866,1708
12424,65511,1474
12425,27293,1824
12426,88386,2166
12427,89954,3659
12428,57624,1790
12429,79628,1677
12430,64173,1736
12431,27737,1604
12432,94129,2285
12433,95727,2278
12434,93730,2321
12435,6471,2298
12436,5209,1711
12437,78658,2814
12438,80935,2193
12439,16112,1287
12440,12075,2318
12441,53749,1336
12442,14779,2949
12443,73414,2021
12444,93205,2039
12445,25181,3180
12446,61718,1350
12447,30612,1865
12448,65842,1413
12449,42494,2042
12450,31565,1420
12451,38974,1328
12452,879,2241
12453,19171,2030
12454,90985,2051
12455,49983,1367
12456,52020,3442
12457,40608,4420
12458,99533,3776
12459,66956,1372
12460,18442,3245
12461,48852,1620
12462,31038,1714
12463,959,1836
12464,25176,1446
12465,26475,1325
12466,11360,2472
12467,81410,1251
12468,13388,1234
12469,32027,1832
12470,77967,1995
12471,1227,2457
12472,96999,4434
12473,7331,2780
12474,18820,1407
12475,58120,3037
12476,22017,1545
12477,56796,1607
12478,51340,2731
12479,69364,2728
12480,66547,1482
12481,55164,2608
12482,73466,4374
12483,61660,3064
12484,73357,1622
12485,39068,1692
12486,40177,1787
12487,59938,2384
12488,64347,3349
12489,42735,1659
12490,24038,1400
12491,38925,1897
12492,56469,5367
12493,68680,1329
12494,90564,3740
12495,97371,1741
12496,76853,1508
12497,244,1602
12498,17816,2519
12499,32325,1726
12500,70593,1490
12501,6542,4038
12502,91424,2379
12503,82471,1230
12504,6013,1259
12505,63890,2010
12506,72039,2464
12507,84925,1866
12508,47663,1347
12509,16512,1202
12510,54740,1325
12511,67197,2824
12512,73754,2827
12513,60008,2732
12514,79211,3288
12515,15235,2694
12516,65815,2717
12517,43615,2461
12518,60991,1361
12519,75373,2212
12520,91674,4510
12521,26035,1846
12522,26503,2332
12523,42140,2137
12524,52363,1898
12525,44475,1940
12526,36128,2946
12527,47854,2157
12528,70466,3435
12529,89967,1553
12530,86839,2279
12531,58329,5102
12532,14531,1307
12533,37305,3186
12534,8781,2915
12535,97279,2527
12536,26873,1701
12537,36506,2041
12538,93494,1525
12539,71553,2735
12540,45449,2692
12541,9164,1322
12542,91553,2015
12543,6086,1713
12544,3391,3549
12545,93030,2850
12546,59162,3072
12547,89967,1408
12548,63065,1732
12549,37830,3511
12550,51066,2702
12551,89475,5540
12552,97549,1972
12553,79308,2124
12554,65480,1930
12555,33641,3307
12556,71621,2463
12557,41005,4729
12558,42702,1676
12559,39227,3911
12560,46854,1707
12561,15451,1319
12562,73152,1203
12563,3247,2706
12564,11151,3806
12565,31066,1642
12566,92400,1624
12567,14044,1252
12568,14472,1939
12569,35352,1995
12570,46621,2543
12571,15492,1843
12572,94845,1828
12573,85730,2273
12574,38431,3539
12575,59187,1787
12576,55920,1782
12577,2827,1888
12578,52676,1414
12579,32660,1467
12580,77297,2901
12581,20412,1264
12582,5231,2569
12583,94149,2961
12584,8287,1520
12585,66903,1445
12586,2079,2288
12587,46639,1494
12588,34536,1339
12589,41206,1994
12590,14953,3157
12591,82100,1990
12592,41674,2280
12593,55631,1871
12594,15389,2100
12595,18789,2665
12596,95377,1492
12597,62954,1411
12598,12302,2581
12599,90228,3875
12600,83934,1709
12601,80624,1446
12602,85476,2144
12603,36716,2415
12604,18816,2290
12605,63539,2538
12606,96699,1686
12607,41842,1621
12608,4602,2517
12609,5347,1678
12610,75718,1291
12611,94176,1261
12612,51958,1237
12613,91618,1700
12614,93487,1817
12615,99174,1396
12616,79036,2487
12617,10016,1463
12618,11645,1365
12619,62113,2030
12620,40599,1494
12621,38660,3472
12622,90352,1365
12623,21014,1375
12624,22642,1272
12625,90450,1228
12626,22505,2850
12627,41234,1812
12628,96526,3498
12629,60616,2057
12630,52706,1713
12631,75583,2406
12632,5048,1993
12633,37097,1962
12634,98555,1982
12635,76000,1793
12636,36831,2599
12637,41125,1516
12638,43372,1780
12639,35680,1520
12640,59724,1961
12641,92368,1900
12642,47989,2143
12643,74456,1780
12644,87580,1778
12645,55830,2040
12646,22921,1468
12647,36967,4091
12648,72330,1411
12649,69814,1668
12650,44266,1456
12651,36503,5349
12652,18783,3404
12653,79211,1972
12654,11046,3220
12655,53097,1721
12656,40356,3852
12657,4700,1707
12658,77335,1854
12659,95437,2014
12660,52397,1816
12661,11452,1502
12662,22423,2110
12663,56802,3105
12664,63815,1678
12665,20352,1798
12666,69048,1474
12667,34679,3673
12668,14793,1932
12669,56718,1956
12670,15355,2818
12671,88621,1354
12672,22350,1713
12673,49330,2479
12674,58409,1212
12675,67871,1900
12676,97403,1252
12677,16305,1592
12678,46316,2814
12679,35089,2109
12680,8182,1812
12681,9766,1311
12682,59766,4426
12683,445,1251
12684,72388,1570
12685,66590,1586
12686,33731,2090
12687,20645,5538
12688,13627,2129
12689,35295,1849
12690,61652,1948
12691,12575,1872
12692,50631,1576
12693,87454,2139
12694,86022,3905
12695,27236,2017
12696,7835,2527
12697,28752,1262
12698,52073,1431
12699,75441,2154
12700,37015,1590
12701,40232,2561
12702,77742,1964
12703,48065,2216
12704,19539,3119
12705,88310,2673
12706,58787,2931
12707,69385,2253
12708,85568,1295
12709,25101,1543
12710,98648,1647
12711,83223,2680
12712,43569,2161
12713,73452,1281
12714,8240,2964
12715,26918,2589
12716,89956,1400
12717,99214,3249
12718,12583,1542
12719,58222,1315
12720,99458,2009
12721,18051,2518
12722,99996,2010
12723,93558,3309
12724,61088,1723
12725,35796,1567
12726,62828,2280
12727,11873,2592
12728,37290,1650
12729,24157,1558
12730,22166,2235
12731,9843,2797
12732,61906,2573
12733,12193,1767
12734,5538,2371
12735,65932,1664
12736,53056,4671
12737,16338,2015
12738,14844,1898
12739,27033,1272
12740,57481,2160
12741,14494,2329
12742,122,2688
12743,34895,1284
12744,72085,1545
12745,93491,1683
12746,10408,1588
12747,4144,2846
12748,82132,1508
12749,34492,1946
12750,36703,4931
12751,89745,1846
12752,41599,2651
12753,44964,1826
12754,728,5885
12755,21848,2338
12756,17004,1455
12757,30419,1954
12758,13230,3229
12759,70014,1613
12760,3386,1490
12761,94893,1498
12762,80186,5210
12763,15463,3945
12764,40177,3170
12765,24901,1464
12766,14490,1248
12767,17266,1821
12768,80842,1267
12769,53166,1278
12770,66079,1555
12771,81807,1872
12772,77688,1494
12773,56029,1381
12774,8346,1897
12775,92811,1628
12776,75751,1466
12777,39544,1466
12778,77478,1278
12779,71124,2412
12780,9539,2136
12781,14589,3827
12782,65132,1438
12783,87683,2522
12784,8099,3611
12785,57281,6447
12786,48563,2534
12787,56392,1730
12788,58490,3070
12789,77822,2630
12790,55958,3824
12791,84023,1587
12792,56076,1647
12793,44240,3537
12794,80982,3118
12795,68355,2344
12796,43259,2287
12797,71524,1256
12798,23,1832
12799,29645,3342
12800,91527,1700
12801,55255,1994
12802,45448,2226
12803,98642,1979
12804,35155,1788
12805,44448,1775
12806,12076,2001
12807,46723,1682
12808,58198,1732
12809,79480,2249
12810,46464,1401
12811,21897,1609
12812,74419,2416
12813,20117,1799
12814,79562,3410
12815,38645,3240
12816,97313,1234
12817,13744,1775
12818,5810,1700
12819,80841,1504
12820,93257,2047
12821,10451,1536
12822,38906,3044
12823,16506,1954
12824,30098,3472
12825,5674,1517
12826,29103,2230
12827,33297,1351
12828,36276,1725
12829,97123,2103
12830,63614,2228
12831,22220,1803
12832,49246,1714
12833,57208,1906
12834,3775,1507
12835,91758,1233
12836,91798,1838
12837,55045,1711
12838,25716,2273
12839,12961,2199
12840,30013,2087
12841,56188,4256
12842,4517,1677
12843,7373,1848
12844,31499,4570
12845,96472,2283
12846,496,2349
12847,57368,1326
12848,17087,2956
12849,19150,1244
12850,89032,3862
12851,74297,1940
12852,58144,1228
12853,84975,2855
12854,24361,2084
12855,75872,3185
12856,18881,2387
12857,71397,2358
12858,39301,2643
12859,3719,1267
12860,55648,4863
12861,23430,1404
12862,58900,1321
12863,44808,1562
12864,59961,1559
12865,7810,1474
12866,97103,2425
12867,58147,1854
12868,161,2023
12869,48648,2578
12870,33854,3305
12871,64169,1751
12872,11405,2877
12873,53537,1451
12874,57623,1477
12875,81263,1294
12876,22722,2498
12877,86102,3377
12878,92788,1464
12879,32366,2485
12880,73787,1583
12881,44388,1625
12882,68181,2563
12883,62206,2862
12884,3898,1350
12885,1741,1346
12886,8138,2120
12887,38978,2566
12888,36803,1601
12889,90148,1397
12890,95733,1267
12891,76366,1720
12892,46628,2662
12893,55740,2797
12894,28256,1439
12895,64996,2395
12896,89987,1899
12897,39434,1467
12898,2554,1891
12899,17757,1968
12900,15942,2122
12901,22571,2684
12902,36884,2346
12903,6916,1667
12904,23018,2675
12905,18558,1945
12906,40802,2333
12907,10237,1742
12908,38899,2612
12909,5690,2118
12910,61895,1754
12911,26578,1855
12912,93205,1350
12913,53563,3251
12914,56850,1339
12915,93949,1923
12916,37174,1263
12917,73761,2513
12918,55214,2162
12919,94275,1740
12920,4229,3161
12921,97419,1392
12922,48691,2112
12923,44681,1880
12924,12594,4627
12925,77216,4468
12926,97243,2694
12927,36156,1712
12928,47565,5638
12929,22986,2246
12930,21960,3393
12931,51867,4476
12932,30943,2839
12933,24375,1242
12934,24597,2537
12935,11297,1259
12936,46747,1954
12937,63869,1591
12938,77621,1243
12939,33870,1233
12940,16759,2310
12941,31844,1493
12942,80793,1964
12943,73363,1500
12944,96705,2431
12945,34573,2246
12946,22931,2313
12947,70169,2085
12948,97217,2084
12949,34208,1921
12950,62766,3658
12951,91786,1460
12952,90970,2115
12953,94116,1944
12954,40581,2077
12955,50435,4976
12956,25182,2388
12957,7213,2749
12958,31788,2094
12959,9507,2502
12960,16510,2051
12961,93190,1844
12962,7741,6097
12963,60776,1855
12964,91511,4232
12965,28940,2192
12966,53819,1452
12967,65429,2695
12968,23423,1506
12969,84812,2917
12970,96623,1622
12971,9974,1887
12972,79136,1443
12973,37577,1808
12974,50436,4148
12975,43368,3272
12976,32889,2362
12977,1782,1796
12978,92584,2172
12979,52972,1434
12980,77309,1893
12981,48724,2127
12982,16710,1211
12983,96210,2091
12984,87223,1266
12985,31034,3176
12986,43978,1581
12987,11332,1417
12988,33828,2332
12989,90603,1441
12990,63437,1391
12991,17466,1638
12992,48367,1970
12993,19233,1924
12994,39636,2043
12995,18021,1854
12996,83099,4132
12997,61334,4600
12998,64745,2778
12999,3863,1531
13000,26270,4837
13001,81039,3002
13002,36835,2837
13003,99027,2198
13004,73570,2830
13005,89551,1690
13006,54706,1225
13007,11518,2642
13008,59965,1997
13009,35215,1305
13010,3045,1410
13011,90729,1465
13012,93306,2180
13013,17093,1783
13014,86163,3624
13015,10065,2742
13016,53180,1577
13017,82965,2329
13018,55942,1374
13019,58183,3215
13020,75882,2352
13021,96525,2037
13022,1567,1365
13023,65114,1785
13024,50063,1971
13025,57766,1599
13026,9636,1401
13027,50425,2973
13028,88984,1362
13029,29389,2520
13030,33672,1399
13031,3985,1486
13032,27961,1837
13033,31720,3672
13034,61273,2176
13035,61573,2706
13036,74885,1617
13037,32837,2731
13038,18264,2023
13039,53230,1383
13040,36774,1746
13041,91390,2307
13042,20470,2647
13043,60666,8099
13044,76409,2853
13045,58537,1265
13046,38284,1757
13047,96646,1268
13048,56960,2874
13049,25004,1613
13050,52250,1249
13051,5258,5293
13052,48670,1525
13053,84772,1670
13054,57170,1844
13055,91516,1733
13056,88923,2778
13057,36947,1701
13058,99652,1622
13059,81014,1795
13060,55003,2221
13061,7142,2092
13062,66054,3231
13063,42951,2862
13064,7418,3296
13065,1570,2943
13066,92098,10167
13067,86160,2194
13068,91967,1377
13069,43961,1509
13070,86465,1410
13071,36990,2735
13072,91160,1672
13073,63746,1954
13074,1071,1378
13075,81628,2412
13076,20191,1479
13077,55476,1248
13078,74868,1365
13079,8473,1361
13080,46390,2438
13081,69930,2281
13082,73559,3810
13083,57584,2062
13084,17337,2817
13085,87122,1954
13086,82988,2421
13087,77176,12110
13088,65526,2417
13089,98311,1291
13090,95122,2127
13091,97569,2531
13092,13427,2679
13093,21126,2215
13094,7474,1893
13095,54828,3433
13096,89716,2658
13097,11838,2789
13098,15554,2671
13099,86483,2934
13100,47236,1602
13101,8257,2983
13102,46041,2922
13103,2562,1339
13104,69771,2498
13105,87488,2264
13106,83873,2188
13107,37966,1700
13108,63750,2865
13109,86247,1419
13110,10657,3029
13111,7012,1575
13112,34706,1655
13113,60724,1611
13114,92224,1979
13115,52795,2328
13116,8183,2605
13117,37648,2052
13118,43939,1376
13119,33908,1264
13120,49611,2591
13121,13080,1254
13122,67694,2390
13123,25610,1290
13124,20298,2389
13125,96255,1962
13126,40693,1992
13127,15531,1440
13128,67451,1324
13129,39584,1844
13130,14256,2415
13131,45833,1274
13132,48600,1622
13133,78140,2602
13134,70085,1448
13135,36241,3190
13136,40718,2927
13137,95517,1438
13138,67918,2116
13139,45607,2214
13140,72734,2011
13141,4554,1663
13142,113,2725
13143,94928,2925
13144,44137,2784
13145,21807,1847
13146,51755,2248
13147,67937,1317
13148,83014,5398
13149,44132,2407
13150,63395,1421
13151,33162,1914
13152,28117,2219
13153,29507,2306
13154,344,1289
13155,33980,2781
13156,87057,1685
13157,16617,2109
13158,25354,1488
13159,77699,1992
13160,72458,3311
13161,65810,2364
13162,23826,1728
13163,33945,2905
13164,75968,3204
13165,21847,2564
13166,95219,2302
13167,79578,1207
13168,87903,1623
13169,91684,1683
13170,19423,2712
13171,3612,1380
13172,69669,1617
13173,96792,2564
13174,64774,1991
13175,33546,3097
13176,48109,3139
13177,37976,1829
13178,25368,1395
13179,45037,2168
13180,83198,1330
13181,38890,3657
13182,77082,2878
13183,11055,2127
13184,52501,1247
13185,49796,2529
13186,4091,2513
13187,65505,1339
13188,2980,1601
13189,3353,2150
13190,67424,1852
13191,82878,1628
13192,21768,2314
13193,28617,2150
13194,2736,1607
13195,90910,1225
13196,72684,2183
13197,48635,4774
13198,59489,1207
13199,61366,1555
13200,11838,2774
13201,64100,2444
13202,49884,1836
13203,23053,2943
13204,51405,2971
13205,19248,2002
13206,67738,1205
13207,41496,1852
13208,97988,1739
13209,259,3613
13210,9357,1636
13211,944,1870
13212,96235,1374
13213,97439,3921
13214,91267,1282
13215,20237,1378
13216,42593,2120
13217,25925,2511
13218,83375,1898
13219,67742,3210
13220,45167,2648
13221,60156,2212
13222,27879,1802
13223,50807,2243
13224,12099,2592
13225,20023,1445
13226,4512,1944
13227,843,1309
13228,24568,1511
13229,55252,1426
13230,27638,1334
13231,62688,2620
13232,5064,2044
13233,68654,1246
13234,61082,1760
13235,81292,1608
13236,98530,2864
13237,57288,1585
13238,66222,1927
13239,91410,1311
13240,88495,2854
13241,34937,2398
13242,73748,3011
13243,41012,2370
13244,59771,2146
13245,88189,4421
13246,36226,2145
13247,56161,2444
13248,97056,2801
13249,94186,1425
13250,40754,2006
13251,61401,3281
13252,5693,2018
13253,26715,1531
13254,39655,2646
13255,78311,3125
13256,99800,1725
13257,12934,5135
13258,35462,2510
13259,55311,1509
13260,92284,1686
13261,30262,3160
13262,4115,2668
13263,87356,2185
13264,1792,1972
13265,8649,2720
13266,14286,1256
13267,54033,2419
13268,57360,1246
13269,30958,1221
13270,92680,3147
13271,2024,1426
13272,57948,1345
13273,95733,3038
13274,35965,1731
13275,50203,1551
13276,7184,3786
13277,22560,1551
13278,26541,1819
13279,90379,3693
13280,91291,2374
13281,87402,1980
13282,3496,1341
13283,77660,2121
13284,39309,2400
13285,43117,2276
13286,59672,1252
13287,16522,1548
13288,83240,1412
13289,32695,3150
13290,29871,1671
13291,27422,2776
13292,81565,2397
13293,81551,1482
13294,42683,1541
13295,67318,3895
13296,73467,2121
13297,92920,2684
13298,44716,1805
13299,72883,1590
13300,44056,2311
13301,49748,2153
13302,85141,1353
13303,24109,2826
13304,53484,1780
13305,21660,1486
13306,64107,1547
13307,77777,1411
13308,92548,1750
13309,55727,2966
13310,85566,2946
13311,35852,1279
13312,23347,4605
13313,27582,2767
13314,94192,1459
13315,95656,2709
13316,1747,2796
13317,95334,1418
13318,928,2295
13319,71264,2822
13320,75375,1840
13321,54939,1642
13322,51732,1640
13323,53476,1680
13324,75139,1669
13325,82316,5151
13326,40073,2328
13327,21607,1470
13328,54445,2307
13329,98063,2014
13330,49358,2521
13331,3587,1447
13332,33674,1406
13333,78502,1593
13334,11376,1776
13335,42490,1925
13336,88319,1615
13337,68231,2658
13338,74091,1804
13339,34447,1790
13340,32451,1586
13341,37698,1677
13342,76944,1289
13343,10648,1339
13344,391,1370
13345,57613,1554
13346,12567,2587
13347,92479,2982
13348,2316,1792
13349,61715,1902
13350,99387,2071
13351,16946,1936
13352,13083,2493
13353,32453,2296
13354,24006,1722
13355,9889,1627
13356,41307,1265
13357,58000,1381
13358,64959,1648
13359,58571,1404
13360,51726,2038
13361,27240,1623
13362,9086,1796
13363,69899,1816
13364,26702,2920
13365,13540,2058
13366,80695,2128
13367,60050,1294
13368,66327,1522
13369,96036,1408
13370,80395,1436
13371,56925,1726
13372,90646,1931
13373,79670,5122
13374,20815,1424
13375,12987,3773
13376,13760,2307
13377,91867,1320
13378,78555,2611
13379,87685,1645
13380,79466,1656
13381,68256,1376
13382,77231,1279
13383,388,2325
13384,55341,2613
13385,41778,3148
13386,63174,1409
13387,20480,1412
13388,96115,5806
13389,52234,1960
13390,36371,2339
13391,96609,1298
13392,84242,1218
13393,39358,2553
13394,45971,1736
13395,95862,2287
13396,13702,1205
13397,81807,2338
13398,77784,2260
13399,85267,1348
13400,97317,2302
13401,65501,1356
13402,11826,1491
13403,53756,4013
13404,60807,1889
13405,50352,2725
13406,37455,2236
13407,50534,1313
13408,36279,2513
13409,19622,1639
13410,57626,1433
13411,46440,3756
13412,39107,3096
13413,90572,1356
13414,2953,1471
13415,8974,1607
13416,52867,2812
13417,21444,1563
13418,67281,1250
13419,83664,2367
13420,76452,1237
13421,46622,2945
13422,49038,4531
13423,64935,1310
13424,87838,1390
13425,43664,3447
13426,3019,1551
13427,53407,2461
13428,49539,2393
13429,49168,1787
13430,64266,1388
13431,19811,2423
13432,83322,2216
13433,36094,1290
13434,66268,1435
13435,31311,1856
13436,91316,1820
13437,27680,1563
13438,4765,1761
13439,59591,2092
13440,75848,2183
13441,66518,2440
13442,56625,1990
13443,47995,2970
13444,44749,3391
13445,15155,1509
13446,5614,2568
13447,42750,2762
13448,24414,1686
13449,56729,1864
13450,65534,3035
13451,71374,1539
13452,79126,1447
13453,96470,1888
13454,32300,1705
13455,98054,2277
13456,65672,1486
13457,31288,4803
13458,9865,1409
13459,15970,2650
13460,81268,2910
13461,89347,1906
13462,92372,1200
13463,7302,2558
13464,61325,2217
13465,58714,2016
13466,31808,1331
13467,57701,1396
13468,99772,1990
13469,32969,4101
13470,79818,2021
13471,63911,1835
13472,71709,2384
13473,96385,2611
13474,85797,2146
13475,56619,2656
13476,51817,1542
13477,39891,1792
13478,81744,1428
13479,88481,1516
13480,45020,3996
13481,8633,1216
13482,6475,2448
13483,39483,2607
13484,16404,1714
13485,34850,1842
13486,37806,1820
13487,31998,2619
13488,83488,1507
13489,61387,2778
13490,40542,1581
13491,95082,3993
13492,99774,1361
13493,82945,2414
13494,89599,1333
13495,33030,1406
13496,48626,2755
13497,6276,1350
13498,96228,1336
13499,8257,2825
13500,96860,2376
13501,57300,1748
13502,99288,1487
13503,86649,1944
13504,68447,1498
13505,11088,2429
13506,36228,2026
13507,25338,1709
13508,47531,1437
13509,26607,1379
13510,39735,4254
13511,57079,2261
13512,63648,1607
13513,8425,1778
13514,59370,1417
13515,65127,1821
13516,37773,1460
13517,95928,2402
13518,33180,1457
13519,65154,1756
13520,24811,1970
13521,28194,2039
13522,51110,1292
13523,1003,2482
13524,15011,1604
13525,79212,2258
13526,48717,4138
13527,25973,2004
13528,49938,2167
13529,63326,1320
13530,32811,2498
13531,68605,1282
13532,9637,2394
13533,43566,1241
13534,61052,2519
13535,54056,1607
13536,12113,2247
13537,64949,1465
13538,44819,1403
13539,12042,2853
13540,63656,2335
13541,47646,6756
13542,34304,1343
13543,67116,2254
13544,92337,2718
13545,93500,1799
13546,22590,2170
13547,71321,1511
13548,91435,1444
13549,92107,1393
13550,23849,2365
13551,52882,1589
13552,82740,2573
13553,86810,2746
13554,28745,1288
13555,80398,1262
13556,26071,1885
13557,885,3996
13558,98615,1306
13559,32048,1884
13560,33611,3463
13561,61162,2243
13562,54409,3221
13563,44497,1265
13564,20536,2472
13565,18777,2019
13566,83548,2368
13567,39666,2301
13568,52736,2427
13569,99003,4950
13570,62809,1838
13571,78311,1359
13572,36847,1217
13573,76296,2264
13574,40657,1606
13575,35834,1206
13576,2789,2858
13577,36294,1815
13578,30060,1266
13579,84481,2581
13580,71094,1283
13581,82241,2676
13582,8077,1855
13583,63215,1934
13584,27643,1737
13585,54634,1277
13586,23511,1941
13587,24395,2556
13588,86921,1731
13589,67122,3353
13590,99311,3315
13591,46457,1372
13592,20841,4555
13593,51330,3446
13594,91484,1660
13595,68440,2711
13596,33809,1981
13597,30755,3039
13598,10868,2645
13599,61159,3453
13600,56124,2330
13601,93444,3917
13602,59214,3212
13603,83758,2731
13604,96700,1246
13605,86928,1429
13606,60272,3804
13607,31885,2221
13608,41631,2599
13609,38418,1213
13610,26249,2573
13611,47532,1916
13612,77061,2507
13613,63157,1520
13614,81558,1533
13615,47224,1889
13616,62591,7403
13617,37226,8025
13618,25541,1444
13619,14793,1872
13620,21659,1234
13621,3130,1318
13622,77537,1500
13623,3508,2482
13624,9052,2395
13625,43463,2559
13626,65428,1930
13627,99094,1836
13628,88098,2044
13629,27844,1440
13630,99104,2163
13631,97196,1839
13632,63202,2201
13633,31597,1588
13634,12766,3966
13635,46983,1532
13636,12322,1284
13637,85524,2578
13638,71009,1534
13639,62360,1442
13640,9113,1802
13641,63317,1574
13642,362,3223
13643,7841,1343
13644,17578,1404
13645,6052,1802
13646,60889,5591
13647,26647,1216
13648,8389,1587
13649,17812,2025
13650,2993,1431
13651,90155,1974
13652,74057,1267
13653,1525,6963
13654,40991,1872
13655,92575,2676
13656,42436,2428
13657,21428,2944
13658,83169,2684
13659,83543,1981
13660,58973,2766
13661,50055,6137
13662,97318,1671
13663,40426,4763
13664,27314,1423
13665,80873,1839
13666,45050,3919
13667,13468,1448
13668,61418,1882
13669,6973,2387
13670,22051,1708
13671,95417,3142
13672,28008,1382
13673,56511,1945
13674,58104,1726
13675,34571,2092
13676,80390,5334
13677,39513,2018
13678,58161,2722
13679,52881,1624
13680,30390,2150
13681,91901,1391
13682,22228,1731
13683,65222,2156
13684,85842,3191
13685,82937,1570
13686,35965,3046
13687,85058,2748
13688,38408,1526
13689,8563,1499
13690,65586,1669
13691,17078,2804
13692,10468,2753
13693,25159,3786
13694,39829,7058
13695,43976,2801
13696,11697,1531
13697,12411,2752
13698,78709,1244
13699,90804,3023
13700,46168,2182
13701,25482,1629
13702,92538,1396
13703,15943,2066
13704,4683,2083
13705,60505,2480
13706,72260,15395
13707,85888,2300
13708,51831,1575
13709,28298,1318
13710,62740,2669
13711,91328,3425
13712,11265,1531
13713,92701,2570
13714,25592,1750
13715,48105,2014
13716,67401,1738
13717,75009,4064
13718,17366,1763
13719,88846,1903
13720,36752,3216
13721,9362,1296
13722,83602,1772
13723,99993,1466
13724,60102,1808
13725,7815,2957
13726,52364,3847
13727,51130,1754
13728,64147,1443
13729,2107,1749
13730,37412,1734
13731,12309,1252
13732,95246,2380
13733,61911,2363
13734,70774,3735
13735,4333,2048
13736,965,6858
13737,22292,3494
13738,66806,2764
13739,98086,2547
13740,81274,1583
13741,34861,2685
13742,14137,1950
13743,33803,1320
13744,2430,1368
13745,28490,5284
13746,87791,1768
13747,34804,1647
13748,3294,1638
13749,10442,4113
13750,31322,2115
13751,53601,1759
13752,50707,1608
13753,43450,1813
13754,88514,1478
13755,36604,2332
13756,93054,3338
13757,60943,2606
13758,2665,2035
13759,9534,2244
13760,45051,1267
13761,71211,11823
13762,7605,1826
13763,8997,1897
13764,46346,2480
13765,41548,1288
13766,84847,2285
13767,58804,2694
13768,82743,1447
13769,88995,2562
13770,67601,2317
13771,5134,3118
13772,99668,1873
13773,88670,1217
13774,12488,1485
13775,34312,2046
13776,66540,4122
13777,94250,1663
13778,73550,3953
13779,46182,1297
13780,97542,1217
13781,34515,1680
13782,35830,2350
13783,61213,1714
13784,13829,1428
13785,20152,4082
13786,90848,2599
13787,99426,1688
13788,43242,1508
13789,67347,2217
13790,91603,1246
13791,50559,3348
13792,61112,2801
13793,62346,1215
13794,99147,2251
13795,66346,2710
13796,16200,1947
13797,35125,1296
13798,80385,2061
13799,55381,2272
13800,43487,2626
13801,2146,2765
13802,69933,2350
13803,49126,3015
13804,34878,1283
13805,44051,1555
13806,41724,1566
13807,70780,1433
13808,14834,1433
13809,42829,4066
13810,47585,3080
13811,4629,6162
13812,28605,2886
13813,2937,2111
13814,71324,1315
13815,23568,2806
13816,20421,2756
13817,30568,4338
13818,30964,1476
13819,93462,2201
13820,86930,2985
13821,42081,1732
13822,49620,3965
13823,83,1599
13824,38101,2094
13825,6377,2275
13826,77807,1461
13827,89830,3341
13828,47290,1300
13829,82765,2512
13830,9781,1323
13831,79857,5998
13832,83897,2271
13833,68542,2484
13834,23615,2118
13835,17195,1609
13836,85096,2495
13837,4306,7203
13838,31251,2695
13839,72916,2874
13840,15022,1304
13841,13473,1625
13842,61915,2140
13843,8213,1975
13844,97915,2113
13845,40220,2620
13846,14670,2578
13847,50992,1537
13848,34835,1496
13849,80700,2623
13850,85772,1792
13851,1496,1860
13852,92966,2021
13853,89330,3476
13854,81647,2626
13855,52519,2314
13856,32236,1461
13857,10758,1571
13858,51387,1844
13859,94419,1439
13860,69660,2059
13861,59971,1979
13862,19220,1301
13863,19305,2105
13864,94730,2035
13865,11208,1309
13866,47353,6663
13867,28656,3957
13868,364,2791
13869,63298,2182
13870,18900,1260
13871,81489,2870
13872,29910,1756
13873,18933,2269
13874,10610,3495
13875,77540,1552
13876,29877,1396
13877,61301,1947
13878,59370,1304
13879,10410,1897
13880,9165,3594
13881,42857,1290
13882,76229,3980
13883,20321,2381
13884,91531,1252
13885,16346,3522
13886,2950,2743
13887,48675,2595
13888,79809,2413
13889,13899,2544
13890,34257,1755
13891,29872,1658
13892,37645,1891
13893,62700,2110
13894,50888,3365
13895,79097,2712
13896,39325,2670
13897,7588,2070
13898,77633,1204
13899,37102,2606
13900,45298,2265
13901,42526,1685
13902,82452,1804
13903,59025,1639
13904,68562,1547
13905,29123,1352
13906,57593,2192
13907,38343,2520
13908,32773,1901
13909,83507,1932
13910,68366,1681
13911,40588,1676
13912,73283,2434
13913,93332,2351
13914,58447,2120
13915,69898,1429
13916,2811,3032
13917,35282,1416
13918,52250,2186
13919,74163,1241
13920,22045,2510
13921,49803,1792
13922,33980,1925
13923,80256,1589
13924,22,2883
13925,40854,2082
13926,55669,3283
13927,60183,3317
13928,66856,4377
13929,50984,1821
13930,49898,2924
13931,95619,1219
13932,71351,1639
13933,79712,1224
13934,1765,2465
13935,17374,2057
13936,44725,3627
13937,34862,1758
13938,2301,1895
13939,16790,1210
13940,31656,1474
13941,13818,2044
13942,74569,2265
13943,83938,1801
13944,76170,1555
13945,47774,1652
13946,10552,2130
13947,48246,3096
13948,75285,2135
13949,91086,2159
13950,43586,2173
13951,100000,1986
13952,50636,1797
13953,47996,2987
13954,65545,3093
13955,72837,3064
13956,36591,2017
13957,46137,2370
13958,12721,3063
13959,88545,1967
13960,8530,2311
13961,94568,1604
13962,48114,2559
13963,1396,1304
13964,93087,4818
13965,92083,3024
13966,99958,1993
13967,30143,1872
13968,62659,2246
13969,91965,1216
13970,23076,1932
13971,7157,1638
13972,98606,1615
13973,81983,2212
13974,52242,1207
13975,38573,2133
13976,8887,2501
13977,27238,2593
13978,33320,4369
13979,6969,5077
13980,33809,4628
13981,87891,3941
13982,13780,2623
13983,48804,1252
13984,4113,1269
13985,61728,1851
13986,3855,1986
13987,61851,2726
13988,14029,2531
13989,74910,1817
13990,17016,2554
13991,88052,2535
13992,54958,1885
13993,16470,1237
13994,71911,2500
13995,57034,3728
13996,69494,5461
13997,12985,2664
13998,33358,2823
13999,44866,1920
14000,59190,1324
14001,4531,2052
14002,57215,2964
14003,97048,2779
14004,44864,5086
14005,98436,2370
14006,31533,3935
14007,33557,2007
14008,84334,6442
14009,87351,2015
14010,49873,1741
14011,26526,2001
14012,62533,1421
14013,12940,5568
14014,50846,2564
14015,60593,1460
14016,99063,3271
14017,65110,1652
14018,38728,2604
14019,82571,3086
14020,45117,1505
14021,90163,1518
14022,72693,1580
14023,12295,1228
14024,74383,4835
14025,97107,2500
14026,87821,2516
14027,37067,2744
14028,97258,2410
14029,9911,1250
14030,79112,1471
14031,79879,1263
14032,13589,3897
14033,32643,2493
14034,51460,3124
14035,4557,2200
14036,79396,1276
14037,43032,2629
14038,64213,1565
14039,97398,1320
14040,96759,1737
14041,65748,1573
14042,59567,3422
14043,2197,3621
14044,66405,1574
14045,17621,1632
14046,38357,1655
14047,70781,1923
14048,87395,1614
14049,28271,5397
14050,29717,1752
14051,96589,1891
14052,93362,2028
14053,84471,2599
14054,73638,2427
14055,7251,1587
14056,89017,2669
14057,42394,2492
14058,54961,1583
14059,95339,1235
14060,36789,2245
14061,52236,2408
14062,28462,1443
14063,61639,1919
14064,73496,3426
14065,29257,1862
14066,69419,1539
14067,49866,2148
14068,42856,2237
14069,78253,1717
14070,3498,1231
14071,28413,1482
14072,93141,1222
14073,97588,2277
14074,25837,1756
14075,72550,2310
14076,36563,2557
14077,43187,2421
14078,63386,2138
14079,10835,3605
14080,97747,2645
14081,37062,4893
14082,61471,3271
14083,33894,1546
14084,99199,1844
14085,24448,1721
14086,16631,1294
14087,59974,1778
14088,68559,1862
14089,68415,1406
14090,26516,2890
14091,26612,1668
14092,9746,3471
14093,54671,2634
14094,55014,1511
14095,95557,2226
14096,48866,2184
14097,97335,1895
14098,96259,2211
14099,93200,1472
14100,19227,1269
14101,83714,1302
14102,12887,1310
14103,90053,2210
14104,88913,1575
14105,71692,1252
14106,40158,5672
14107,90955,1314
14108,87653,1425
14109,56315,1654
14110,72866,3421
14111,92194,1325
14112,30858,1636
14113,66994,1204
14114,69025,1324
14115,16026,1317
14116,33946,1490
14117,74388,1777
14118,78407,3329
14119,85610,1604
14120,15745,1730
14121,92873,2941
14122,80885,1417
14123,75853,1763
14124,33016,1833
14125,42742,3827
14126,80086,1243
14127,77005,1957
14128,40461,1725
14129,42896,2292
14130,40848,1258
14131,3300,1595
14132,12984,2545
14133,45622,2899
14134,10567,2947
14135,85366,3059
14136,64875,1297
14137,23889,2547
14138,51101,2331
14139,72934,1403
14140,2671,1380
14141,7497,1488
14142,12919,2295
14143,96909,4172
14144,12254,2586
14145,75683,1298
14146,89918,1460
14147,75455,3042
14148,67378,1491
14149,18456,2028
14150,15447,1633
14151,96590,32571
14152,15138,1565
14153,94180,1800
14154,58148,1563
14155,88902,1390
14156,42930,1388
14157,7865,2287
14158,72683,1577
14159,59459,1534
14160,61676,1591
14161,31916,1847
14162,56547,1404
14163,37343,1713
14164,33853,2801
14165,76984,2476
14166,14737,1240
14167,98807,4235
14168,27354,1247
14169,61290,2248
14170,82592,1953
14171,9426,1682
14172,67861,1883
14173,92739,2928
14174,42526,1274
14175,99026,1877
14176,21482,1576
14177,98948,1339
14178,98888,1907
14179,75525,1499
14180,73119,1214
14181,68159,1428
14182,13380,3332
14183,7034,1997
14184,67544,2224
14185,33079,1561
14186,21643,1337
14187,96223,1449
14188,42,3143
14189,78670,4055
14190,60694,2276
14191,91547,2533
14192,49639,2819
14193,69817,2878
14194,5655,1614
14195,70872,2741
14196,63124,2409
14197,80975,1537
14198,22561,2659
14199,79485,5098
14200,69973,1761
14201,78426,2223
14202,45424,1662
14203,87849,1540
14204,9973,1511
14205,79662,2019
14206,90891,2252
14207,53227,3839
14208,36693,1611
14209,78391,3502
14210,91856,2161
14211,30142,1823
14212,64364,1282
14213,53417,1510
14214,17314,1564
14215,9458,1774
14216,9762,1672
14217,50873,1619
14218,92160,1825
14219,73902,2334
14220,33917,1922
14221,46024,1820
14222,20728,1698
14223,84126,1997
14224,41491,2320
14225,50415,2652
14226,29343,1338
14227,26236,1582
14228,5054,1226
14229,86509,2451
14230,76644,3372
14231,32192,2382
14232,30078,2420
14233,61402,1406
14234,6527,1531
14235,4744,1815
14236,67921,2272
14237,13133,4026
14238,78575,3289
14239,9030,1804
14240,78075,3272
14241,31512,2249
14242,60541,1716
14243,27746,1982
14244,22193,1204
14245,12852,1858
14246,60982,2809
14247,98049,1744
14248,68761,1708
14249,21,1880
14250,87762,1651
14251,27427,1599
14252,37428,2361
14253,16006,1575
14254,31214,2843
14255,25839,1398
14256,91862,1574
14257,42311,1243
14258,15950,2391
14259,77062,2348
14260,74201,1435
14261,92510,1216
14262,1010,4816
14263,19050,1625
14264,88559,1669
14265,91638,1638
14266,5876,2300
14267,12095,1693
14268,78634,3221
14269,31153,1942
14270,25184,5410
14271,98865,1522
14272,33304,1312
14273,98609,1529
14274,53524,1588
14275,79160,1672
14276,95363,5256
14277,23628,2644
14278,93202,1803
14279,45113,1903
14280,28577,2639
14281,35918,1445
14282,28236,3152
14283,71793,1822
14284,69732,1244
14285,56591,2482
14286,34092,1258
14287,95344,1493
14288,47595,1754
14289,8628,3383
14290,82295,1285
14291,25672,2449
14292,94525,4273
14293,24013,1516
14294,97493,1388
14295,90344,1603
14296,39891,3956
14297,80790,1635
14298,69294,1885
14299,20032,1225
14300,67884,1570
14301,18187,2643
14302,49672,1735
14303,55131,1532
14304,28721,1990
14305,47414,1352
14306,80579,1651
14307,488,2088
14308,26629,2166
14309,96327,1529
14310,95974,2390
14311,17554,1855
14312,21945,1574
14313,31775,1772
14314,56849,1618
14315,96463,2018
14316,33007,1606
14317,91094,1285
14318,59782,2295
14319,65478,1442
14320,75012,1443
14321,97624,1437
14322,5114,1952
14323,6801,2637
14324,30717,4619
14325,16181,2628
14326,8781,2808
14327,25780,1549
14328,10279,2025
14329,73182,1654
14330,56114,1208
14331,34302,2353
14332,9017,2120
14333,88553,1542
14334,79439,1571
14335,7460,1906
14336,97865,2489
14337,81574,1303
14338,50103,6096
14339,99487,1607
14340,61213,2458
14341,30632,2096
14342,28930,1600
14343,55686,1549
14344,38854,1278
14345,31466,1429
14346,66655,3142
14347,24540,1811
14348,99778,1402
14349,34296,1635
14350,40411,3701
14351,37202,2588
14352,36795,1396
14353,70490,1739
14354,3219,2048
14355,26795,1619
14356,35272,1459
14357,1316,2730
14358,88058,1582
14359,42347,1549
14360,45686,2878
14361,66507,1414
14362,90530,3371
14363,27716,1862
14364,62751,2453
14365,17342,2195
14366,66982,2036
14367,8979,1437
14368,12452,1207
14369,33988,2747
14370,13060,1238
14371,43099,2150
14372,89930,2039
14373,6943,1711
14374,56989,1675
14375,96746,1976
14376,81377,1756
14377,44993,1847
14378,67880,1915
14379,62356,4233
14380,88884,1495
14381,33248,2648
14382,38516,3060
14383,60058,3204
14384,83811,1729
14385,87635,3292
14386,57630,1492
14387,59610,1694
14388,2940,4965
14389,98944,1798
14390,4989,2994
14391,80363,2560
14392,67982,1282
14393,42621,2543
14394,79901,2740
14395,23790,4149
14396,86505,2172
14397,66477,1716
14398,11727,1649
14399,9383,1400
14400,52397,1543
14401,41960,1969
14402,27463,1370
14403,62742,1915
14404,86206,2337
14405,73486,4558
14406,49563,2246
14407,31756,1644
14408,83490,1289
14409,36386,1894
14410,54021,1559
14411,95556,2638
14412,1921,1791
14413,69394,4958
14414,98038,2536
14415,99756,4252
14416,59846,2254
14417,53147,1268
14418,77493,1328
14419,46012,2498
14420,70226,1463
14421,77706,5628
14422,26040,1237
14423,35234,1890
14424,34014,1456
14425,11850,3825
14426,88060,1358
14427,14792,2778
14428,56762,1662
14429,50958,1760
14430,65946,1401
14431,82177,1622
14432,54852,1820
14433,23969,1546
14434,57501,3421
14435,22083,6916
14436,77654,2932
14437,58703,2609
14438,49682,3118
14439,24620,1587
14440,97505,2025
14441,96558,1485
14442,40368,1297
14443,7818,1821
14444,84971,1450
14445,4684,2668
14446,22964,2584
14447,95902,1845
14448,51614,3666
14449,94674,8400
14450,48968,1705
14451,25548,2747
14452,69874,2100
14453,61241,3109
14454,762,3047
14455,17194,2727
14456,86052,7247
14457,73748,1974
14458,40127,1795
14459,58074,2065
14460,29440,1424
14461,69758,1535
14462,45227,1339
14463,17769,1262
14464,91137,1471
14465,54628,2654
14466,51359,2606
14467,94524,1905
14468,62516,1795
14469,24281,2369
14470,25797,8541
14471,92627,1401
14472,54274,2268
14473,1618,2120
14474,66579,1202
14475,27089,1684
14476,58998,2060
14477,48240,1495
14478,28000,2734
14479,34319,3938
14480,9927,1572
14481,97698,2997
14482,18719,3477
14483,37370,1776
14484,13552,2075
14485,98884,1266
14486,22299,2369
14487,68734,2745
14488,50462,1726
14489,20355,1515
14490,91708,2423
14491,81236,1428
14492,62403,1436
14493,16448,2131
14494,1696,1288
14495,75055,2427
14496,24498,2944
14497,14532,2160
14498,65427,1360
14499,61711,4333
14500,20346,2545
14501,77572,3278
14502,94600,1635
14503,84341,2579
14504,77465,1268
14505,835,3995
14506,73077,1289
14507,82600,1978
14508,31477,1653
14509,27418,1652
14510,90323,4579
14511,26385,1544
14512,88826,1778
14513,50445,1704
14514,3980,3827
14515,54361,5085
14516,63948,3434
14517,87824,5177
14518,13735,1671
14519,937,1478
14520,87186,1462
14521,62570,1522
14522,94378,1724
14523,55602,1936
14524,91013,1992
14525,40579,2046
14526,34497,1426
14527,73187,3144
14528,90322,1554
14529,7060,2168
14530,80262,2644
14531,85026,2358
14532,1107,1386
14533,76485,1737
14534,8519,1754
14535,77828,1919
14536,22117,1447
14537,18914,2910
14538,88942,3243
14539,10815,2211
14540,70068,1863
14541,84732,2141
14542,21026,1592
14543,97687,1299
14544,80822,1362
14545,67231,4734
14546,82830,2379
14547,87255,1546
14548,59349,1641
14549,67684,1820
14550,68526,2641
14551,34468,2138
14552,69477,3228
14553,14858,1520
14554,46123,3353
14555,38459,1428
14556,16553,1649
14557,64185,2004
14558,1568,5547
14559,42435,1261
14560,52956,1599
14561,53854,3286
14562,31092,2490
14563,68522,2130
14564,11597,2295
14565,2813,1782
14566,88022,1229
14567,30037,1491
14568,74247,2133
14569,71409,2701
14570,93119,1966
14571,32723,1693
14572,11140,2633
14573,63147,2212
14574,10840,2158
14575,89342,2039
14576,70136,1608
14577,78860,4543
14578,3616,2468
14579,2562,2544
14580,48002,1939
14581,73333,2019
14582,53113,1888
14583,36211,1507
14584,27371,1323
14585,32505,2871
14586,47791,1433
14587,56569,2488
14588,29973,1305
14589,86255,1736
14590,89383,1579
14591,95604,3363
14592,77870,1588
14593,74984,2329
14594,68058,3125
14595,15216,3421
14596,27715,1234
14597,88198,1908
14598,64988,6605
14599,42203,1376
14600,35870,2387
14601,51208,2877
14602,91260,1651
14603,61623,1542
14604,68132,2620
14605,7010,1575
14606,896,1737
14607,14103,1334
14608,68527,1715
14609,40776,1239
14610,10610,2678
14611,27837,2490
14612,70544,1626
14613,86511,1283
14614,37362,1276
14615,74775,1808
14616,50190,2370
14617,95541,2618
14618,51433,2388
14619,63880,3102
14620,23146,3116
14621,69833,1534
14622,92786,2701
14623,34410,2851
14624,53321,1746
14625,36956,2013
14626,79735,2542
14627,94871,1411
14628,73915,2140
14629,96071,2375
14630,37218,2677
14631,15362,2080
14632,85589,2222
14633,78577,2406
14634,26062,5007
14635,52289,1412
14636,75570,1829
14637,74978,2212
14638,3491,3966
14639,4258,1203
14640,43687,5702
14641,13355,2014
14642,39444,1677
14643,74859,2777
14644,22246,1423
14645,97577,1268
14646,97472,1295
14647,86789,3527
14648,34726,2709
14649,6104,1319
14650,89087,2156
14651,46268,1556
14652,92536,2561
14653,51418,1692
14654,95775,1459
14655,80550,1264
14656,27145,1436
14657,18444,1329
14658,51372,1285
14659,15074,1730
14660,71130,3523
14661,39600,1351
14662,55494,3068
14663,66843,1478
14664,97831,3891
14665,81631,3163
14666,78706,3373
14667,70225,1236
14668,35901,1611
14669,43549,2230
14670,2340,2729
14671,81441,2722
14672,2452,1697
14673,45255,4968
14674,50564,2171
14675,7853,1272
14676,69121,2395
14677,14923,1840
14678,11395,1879
14679,42981,2394
14680,12971,4243
14681,93462,1361
14682,46808,2709
14683,1745,2157
14684,69242,1277
14685,716,2593
14686,61205,1388
14687,29909,1947
14688,81431,2461
14689,30251,1844
14690,82751,1824
14691,19251,1976
14692,48662,1405
14693,12581,1305
14694,40100,2104
14695,68436,2017
14696,76026,2391
14697,34696,1858
14698,77784,3568
14699,26512,1726
14700,89014,2790
14701,24211,1244
14702,73673,1730
14703,58517,3443
14704,93319,2105
14705,54393,1353
14706,22264,1629
14707,52513,4046
14708,99381,1734
14709,66276,1623
14710,46919,1905
14711,84247,3287
14712,30856,3097
14713,4530,2306
14714,78242,1431
14715,51026,2817
14716,31315,2905
14717,74015,1686
14718,45821,2241
14719,52572,3103
14720,26062,1475
14721,25289,2088
14722,72105,1212
14723,11332,1907
14724,58900,1425
14725,5552,1280
14726,70918,2201
14727,35771,2875
14728,13771,4030
14729,48795,1258
14730,48148,2084
14731,82031,2869
14732,31353,1584
14733,45914,2144
14734,54403,1500
14735,66577,1908
14736,28200,1686
14737,22732,1503
14738,77538,1662
14739,33651,2292
14740,62694,2108
14741,45559,4654
14742,61010,2422
14743,86315,3721
14744,5085,2185
14745,44887,3066
14746,7724,1749
14747,44024,2423
14748,33023,3489
14749,65519,3042
14750,14137,2336
14751,59521,1300
14752,10661,2097
14753,51164,2680
14754,87794,2157
14755,9437,1350
14756,71414,1587
14757,36147,2410
14758,59711,1641
14759,23134,2137
14760,28628,2092
14761,50084,1408
14762,38761,1806
14763,52786,4066
14764,82096,1346
14765,68072,1627
14766,53180,1260
14767,8865,1554
14768,96762,2994
14769,78955,3567
14770,8766,2171
14771,6510,3041
14772,59052,2601
14773,59619,8326
14774,15508,4438
14775,80796,2410
14776,56737,3130
14777,61110,3044
14778,82890,1824
14779,97895,1805
14780,26297,1221
14781,36170,1952
14782,17652,6493
14783,80750,1467
14784,65248,2367
14785,99101,1602
14786,56440,2289
14787,4480,1725
14788,84258,1525
14789,23053,4263
14790,18347,2087
14791,44987,2773
14792,8782,2332
14793,97555,2067
14794,98944,4388
14795,83529,2629
14796,17828,1448
14797,52604,2283
14798,25345,1613
14799,27986,1753
14800,93432,1487
14801,82107,1214
14802,63077,2746
14803,65694,1401
14804,35427,2018
14805,39553,2929
14806,37706,1858
14807,29117,1321
14808,58820,2209
14809,10484,1850
14810,96183,1519
14811,50575,1514
14812,85200,2368
14813,16511,2775
14814,200,1219
14815,72580,1849
14816,58179,3024
14817,30589,2049
14818,97832,1843
14819,21331,1683
14820,96513,1336
14821,36015,1432
14822,17148,1271
14823,98146,1817
14824,26358,2118
14825,59436,1367
14826,94902,1725
14827,72151,2535
14828,24197,2000
14829,82307,2898
14830,98,2170
14831,96411,1889
14832,65371,2062
14833,43061,2689
14834,59957,1737
14835,67514,2701
14836,64399,2615
14837,8582,4707
14838,82706,1598
14839,13565,3915
14840,50046,2823
14841,27298,3239
14842,61953,1526
14843,16316,2478
14844,50639,1898
14845,81601,1943
14846,32572,1540
14847,68378,1683
14848,39104,1253
14849,68976,1526
14850,58026,1835
14851,69400,2551
14852,21595,1417
14853,17725,1900
14854,17230,1798
14855,9339,1592
14856,38876,3005
14857,81569,1717
14858,76658,1947
14859,67247,2715
14860,30652,2562
14861,41299,1218
14862,84243,1214
14863,80899,3470
14864,53760,1475
14865,45441,2321
14866,8563,2157
14867,7397,2122
14868,29531,2014
14869,64654,1825
14870,66860,2435
14871,45089,2060
14872,81583,2968
14873,51628,2484
14874,86892,3003
14875,35045,1244
14876,66102,1921
14877,95692,3305
14878,70403,1555
14879,71032,1672
14880,41607,3229
14881,24429,1449
14882,20622,1333
14883,56901,1204
14884,60270,1478
14885,45652,2401
