",""num_police"",""cout_sin"""
1,2543,4169
2,36571,1313
3,82641,1396
4,89686,1260
5,5824,2096
6,51678,1740
7,75806,1757
8,40306,2334
9,89954,2187
10,34504,4465
11,96782,2121
12,84467,1529
13,16143,2678
14,89628,2644
15,6644,2863
16,99867,2568
17,55732,1272
18,7584,1953
19,33133,2371
20,85305,1204
21,43905,2076
22,8244,2851
23,56023,1300
24,78043,1856
25,167,3955
26,59723,2192
27,3588,2487
28,50423,2176
29,1543,2677
30,59054,1261
31,66545,2263
32,59638,2716
33,65226,2607
34,23081,1350
35,56798,1303
36,752,4748
37,91120,2411
38,81904,3480
39,69661,5093
40,35818,2340
41,27324,2385
42,19131,1932
43,42176,3579
44,62621,1533
45,39580,1326
46,85007,2886
47,4978,2308
48,33323,4107
49,64040,1208
50,35838,1578
51,24255,1717
52,91462,2020
53,6674,2590
54,44983,1608
55,12245,1369
56,8156,2298
57,57541,2623
58,3126,2062
59,6036,4229
60,79152,1556
61,86795,1702
62,62342,2744
63,12558,1367
64,78642,1760
65,306,1450
66,14763,2988
67,18170,1238
68,76447,1725
69,35277,1674
70,12158,1946
71,46407,1344
72,90653,3574
73,26263,2666
74,37208,2102
75,16156,2372
76,62760,1286
77,36338,2039
78,28407,2288
79,37921,1400
80,22423,1278
81,12618,1936
82,65192,1708
83,36856,1277
84,24538,1259
85,40813,1209
86,71037,1777
87,25274,2910
88,53303,1705
89,84479,2654
90,74026,1457
91,43106,1380
92,42589,1242
93,39082,1515
94,60196,1729
95,45639,1260
96,54318,1531
97,70079,1427
98,3990,1728
99,84110,1563
100,18721,1649
101,32249,4047
102,22546,1804
103,72076,2142
104,54069,1706
105,74462,2096
106,4189,2078
107,84246,2332
108,94894,2933
109,27442,1238
110,77045,1328
111,62296,1243
112,9827,1440
113,66557,4855
114,16348,3760
115,94941,1493
116,82389,1958
117,47229,1362
118,17047,2638
119,65426,2927
120,88186,2680
121,10848,3438
122,18375,2620
123,5822,1873
124,62692,1630
125,21446,2790
126,59914,1954
127,13383,1813
128,97526,2263
129,67409,1899
130,12924,2620
131,48801,1729
132,63469,1380
133,48687,4851
134,30590,2031
135,21672,2797
136,37462,1613
137,21452,2047
138,84563,2718
139,47399,2291
140,60253,1479
141,33370,2447
142,27547,1698
143,29824,1442
144,8778,1308
145,38501,1312
146,99107,1281
147,67382,2055
148,99943,2261
149,1171,2540
150,78774,1925
151,70488,3688
152,58633,2570
153,74599,1508
154,9646,2618
155,73341,1848
156,58330,1990
157,84936,1331
158,48740,2964
159,30314,1720
160,32973,1970
161,78347,2112
162,13430,1254
163,10847,1330
164,25564,6264
165,41853,1279
166,43881,2426
167,32569,2526
168,60634,1260
169,42928,4753
170,96582,1272
171,2432,1819
172,71151,1273
173,69015,1640
174,15990,1957
175,46754,1371
176,7396,1553
177,96158,1673
178,94132,1248
179,20595,1946
180,87607,2021
181,48278,5033
182,32150,2455
183,27823,3839
184,49071,1797
185,17570,2713
186,93061,1649
187,12623,1348
188,18846,2439
189,27137,1954
190,18724,2002
191,11681,2677
192,4281,1498
193,63493,1442
194,36708,1996
195,74211,2160
196,45134,1341
197,83543,2405
198,4143,1313
199,94251,1620
200,83168,2714
201,82961,2040
202,93765,1843
203,25721,1926
204,36643,3779
205,49033,2651
206,92796,1843
207,44430,3228
208,59874,1894
209,95451,2382
210,65915,1298
211,25412,1712
212,52414,3039
213,43278,3385
214,11096,1477
215,95256,3143
216,6810,1683
217,33321,1837
218,94758,1572
219,87643,1407
220,18131,2289
221,52177,4389
222,29306,1529
223,12905,1741
224,58020,3622
225,70303,2849
226,39645,1934
227,8138,1860
228,79187,3318
229,38863,1632
230,32336,2214
231,29775,2033
232,18748,2916
233,67505,1484
234,81775,1672
235,12381,3376
236,49623,2210
237,6995,1795
238,69665,1303
239,15604,1584
240,4156,1496
241,25786,1536
242,80851,1431
243,15178,1407
244,68000,1475
245,95021,1842
246,32483,1776
247,94934,1753
248,52613,1589
249,85951,1278
250,770,2795
251,6623,2553
252,2799,2267
253,48579,1699
254,17492,2115
255,58568,1419
256,95109,2521
257,28226,3204
258,56128,1596
259,95161,1793
260,31796,2037
261,65114,2879
262,23808,1859
263,81857,2289
264,6770,1469
265,41443,2938
266,48541,1449
267,39977,1788
268,88995,2096
269,70263,2135
270,51069,2301
271,69631,2307
272,82323,1326
273,65576,3284
274,56404,1841
275,42517,2014
276,75070,1646
277,43430,1846
278,97964,1211
279,14466,2091
280,84421,2965
281,15040,1374
282,59082,1308
283,70315,2897
284,93519,2619
285,14681,2130
286,47705,1915
287,97475,3785
288,30151,1358
289,81272,1779
290,51677,2564
291,66079,2248
292,91140,1861
293,91841,2141
294,88386,2516
295,87220,1721
296,11303,1511
297,16794,3270
298,35644,1484
299,65170,2259
300,6590,2370
301,75418,2232
302,58021,1355
303,66751,2321
304,153,2178
305,39787,1911
306,48913,1811
307,76955,1321
308,78430,1335
309,26650,1317
310,78131,2372
311,55442,1651
312,77352,2086
313,50812,1830
314,32646,2163
315,70980,2356
316,57348,1956
317,78516,2050
318,58887,1679
319,18140,1282
320,35707,1733
321,81462,2636
322,69036,1570
323,62227,1253
324,29203,3452
325,5513,1561
326,67908,1955
327,47206,2408
328,75456,1228
329,49433,2714
330,87425,1572
331,70377,2177
332,49209,1673
333,69809,1279
334,16115,1574
335,2135,2632
336,2108,1807
337,37366,2383
338,79213,1378
339,79834,3440
340,75485,2110
341,89270,1347
342,89974,3294
343,39981,1847
344,96456,2657
345,88422,3324
346,92193,1622
347,61445,2817
348,45666,1218
349,96258,1898
350,41813,2416
351,7476,3112
352,39950,2098
353,84323,1433
354,4675,3597
355,38303,3074
356,14122,2832
357,48167,2517
358,68617,1839
359,53721,1554
360,17972,1384
361,65200,3924
362,71805,2836
363,42889,1320
364,14163,1254
365,86383,2803
366,45786,1784
367,9884,4386
368,60599,2325
369,17065,1564
370,96764,2507
371,92385,6653
372,16663,1504
373,21394,1883
374,21169,1292
375,28025,4186
376,75081,1296
377,69100,2189
378,33687,1478
379,40762,1681
380,43478,1304
381,33765,1745
382,7224,2630
383,81780,2115
384,21510,1589
385,80200,1654
386,60831,2379
387,6639,3248
388,13398,1502
389,55311,1415
390,67020,6294
391,59177,2632
392,64609,2279
393,18643,1458
394,67873,2385
395,44585,2259
396,90268,1546
397,98112,2728
398,66021,1745
399,72795,1629
400,42059,2376
401,44030,2335
402,81415,2806
403,37852,1540
404,13848,2066
405,33934,2463
406,27539,3105
407,13099,1365
408,63555,2176
409,25999,2464
410,99622,3380
411,12147,2001
412,50145,1751
413,38372,1943
414,54460,1579
415,69407,1469
416,77191,2141
417,8110,1324
418,45441,1960
419,7746,3464
420,9227,1385
421,86869,3759
422,12819,1903
423,41395,1356
424,51335,2529
425,90517,1885
426,45743,2663
427,67118,1201
428,46286,1428
429,41534,1566
430,75042,1658
431,46808,1681
432,2913,2021
433,17614,2402
434,58874,1385
435,52975,2598
436,60397,2224
437,73346,1247
438,17801,1603
439,62560,1247
440,17677,2073
441,19474,1725
442,61632,1448
443,20037,2651
444,17392,3390
445,37274,2876
446,17502,1666
447,40833,1466
448,12607,1262
449,83293,1309
450,46479,2131
451,26798,3373
452,29067,2166
453,61863,2197
454,929,1862
455,62492,1747
456,25909,1500
457,74874,2597
458,67830,1948
459,24225,2712
460,94754,1725
461,79637,1565
462,95399,3241
463,80248,2150
464,52310,1518
465,68266,1920
466,23162,3384
467,4557,1592
468,94934,2260
469,7560,1597
470,56889,5695
471,52005,1763
472,20501,2185
473,79171,1953
474,57183,1366
475,74386,1723
476,69502,4980
477,21863,2239
478,42036,1922
479,39340,2783
480,12505,1530
481,7606,3534
482,47243,3698
483,56951,2735
484,66807,6504
485,62524,1663
486,57499,3512
487,54809,1405
488,19158,1734
489,73303,2753
490,4959,3759
491,94210,1595
492,96526,1968
493,39111,1982
494,56444,3382
495,30650,1418
496,95707,1666
497,19499,3378
498,55735,1909
499,3881,1675
500,86132,1261
501,74451,1670
502,80411,1560
503,93516,1697
504,88951,2044
505,73130,1977
506,51378,1838
507,10883,1515
508,66553,2586
509,83656,3639
510,15783,2904
511,97283,1828
512,41888,1396
513,54475,1760
514,67324,1583
515,78869,2821
516,76369,2148
517,82752,2807
518,815,2040
519,86802,1604
520,88209,1735
521,85419,2214
522,3308,3296
523,36088,1477
524,28381,1321
525,80120,3056
526,75655,2505
527,82594,1416
528,58677,3496
529,188,3194
530,66421,1827
531,97606,3118
532,23393,1925
533,66828,1682
534,1872,1346
535,62699,1340
536,46051,1325
537,52336,2438
538,47980,2355
539,80413,1492
540,17664,2513
541,94230,1238
542,22666,2269
543,95920,3535
544,23102,2206
545,61728,2102
546,11453,1524
547,27323,1366
548,59757,1898
549,26694,2169
550,63161,1617
551,76773,2822
552,77445,4653
553,70374,2130
554,74239,1957
555,11594,2148
556,90352,1473
557,48483,1303
558,20618,4442
559,9024,1289
560,39547,2240
561,8005,2338
562,35557,1685
563,11585,5513
564,99254,2063
565,10454,2719
566,47117,1882
567,17717,2071
568,17892,2069
569,563,3124
570,96880,2478
571,39611,4113
572,54432,1796
573,57244,1822
574,68445,2296
575,56095,2769
576,45031,1702
577,48804,1941
578,25209,2689
579,28814,2780
580,54707,1954
581,13119,1959
582,18000,1911
583,80729,4161
584,25958,2731
585,79954,2281
586,90794,2226
587,68256,3474
588,81564,1347
589,82188,2843
590,56548,1368
591,30859,4247
592,45404,1296
593,27204,2393
594,80872,1880
595,1719,2119
596,9554,2566
597,20577,1327
598,37956,2775
599,72217,4339
600,80908,4396
601,42857,1506
602,69930,1373
603,89603,1637
604,85035,1504
605,75076,2281
606,58993,2340
607,56288,1395
608,4334,1603
609,63077,2967
610,81489,2564
611,50060,1841
612,47718,1881
613,90066,2568
614,77090,4352
615,61023,1824
616,67065,2471
617,14764,2565
618,60803,1878
619,21533,2471
620,11752,1423
621,85469,4173
622,98329,4896
623,95582,2433
624,15966,2780
625,87401,1997
626,93372,1401
627,66309,1424
628,58175,2563
629,12912,1746
630,52803,1809
631,77590,3881
632,34182,1489
633,15232,1676
634,39494,1425
635,58571,2812
636,50219,2314
637,41436,1284
638,74822,2707
639,97346,1704
640,46547,3369
641,50305,2725
642,93923,1366
643,6572,4900
644,88909,1977
645,47783,2434
646,74456,1688
647,54679,1588
648,75247,1943
649,13358,5947
650,19931,2227
651,93666,1493
652,47843,1661
653,26325,1234
654,91751,3422
655,18618,2335
656,40815,1470
657,91786,1858
658,11109,1246
659,96637,2206
660,26668,2473
661,15302,1392
662,7621,1482
663,88775,2435
664,24728,3306
665,81025,1397
666,61854,1768
667,91416,1425
668,74716,1439
669,91690,1865
670,15215,2047
671,65603,2815
672,56353,5697
673,72612,1438
674,4520,1867
675,68118,2067
676,97468,1608
677,99696,1559
678,26906,5686
679,22829,1331
680,15899,1494
681,98561,2966
682,56845,1495
683,80626,3992
684,42885,2166
685,72615,2006
686,39250,2098
687,63902,2073
688,59249,1897
689,79331,2992
690,71054,1716
691,42961,2033
692,86095,2244
693,33238,3842
694,47653,1211
695,77507,2533
696,75054,1964
697,56988,1440
698,23118,2278
699,73942,2485
700,70805,1383
701,49110,2776
702,79505,3204
703,26604,1252
704,19647,4022
705,49288,1872
706,53052,1333
707,94502,1630
708,10455,2286
709,89352,1747
710,42917,1271
711,73844,1559
712,97006,2947
713,51018,1218
714,20367,1304
715,67999,1868
716,8476,2525
717,26383,1262
718,54150,1748
719,24795,1365
720,29621,2113
721,94222,1344
722,87494,1952
723,92512,2355
724,17082,1624
725,62477,1639
726,64088,1510
727,67939,2721
728,27293,2981
729,58366,1451
730,14614,2336
731,28357,1818
732,75789,1804
733,57390,1739
734,75947,2078
735,67685,3421
736,7076,1964
737,88931,2906
738,44348,4020
739,53763,1443
740,49903,2026
741,5870,1327
742,21242,1638
743,6078,3129
744,32150,1622
745,60276,1455
746,87142,4209
747,49107,1294
748,6133,2565
749,95427,1971
750,60545,1207
751,64075,1291
752,70154,2439
753,67401,3746
754,78551,1998
755,14557,5055
756,1115,1362
757,85350,2379
758,8482,1783
759,60963,1328
760,77068,3108
761,58458,2186
762,32288,3115
763,87625,2071
764,67386,2099
765,58428,2687
766,67810,1529
767,34402,3889
768,17835,3037
769,76002,3028
770,3290,3442
771,69302,2296
772,12799,1641
773,16401,3073
774,59256,2599
775,97467,2423
776,17760,2136
777,38139,2158
778,99296,4680
779,20053,1272
780,75195,3449
781,23530,1236
782,45345,1724
783,37419,1467
784,37057,1884
785,66483,2535
786,73839,2197
787,83726,1638
788,71711,2127
789,67170,4233
790,40289,1439
791,71187,1536
792,68558,3351
793,57648,2534
794,68142,1644
795,84042,3637
796,81871,2084
797,2481,2029
798,30408,1646
799,7313,1715
800,33217,2366
801,15881,2239
802,59251,7729
803,42855,1830
804,92566,2888
805,80882,2359
806,58056,1784
807,69464,2136
808,1083,1444
809,95202,2609
810,65354,2945
811,44113,1927
812,87079,2393
813,75113,1372
814,8935,1337
815,96100,1942
816,58101,1468
817,21133,2040
818,93960,1778
819,85296,2344
820,82823,2023
821,96913,2409
822,85564,2262
823,12434,1996
824,7071,1943
825,14004,1820
826,76963,1669
827,63510,2157
828,6696,1618
829,96805,1227
830,13146,2196
831,65295,1500
832,4797,1752
833,98504,1759
834,30053,1663
835,59399,2825
836,23463,1290
837,33032,1751
838,20833,1831
839,26343,1823
840,81313,1312
841,30341,1486
842,30527,3004
843,4657,2819
844,53190,1602
845,36822,2053
846,1772,1451
847,64732,3436
848,86913,1709
849,81802,1895
850,78079,4211
851,62740,1998
852,46876,2500
853,8798,1792
854,46611,1274
855,51541,1284
856,27892,2082
857,73743,3561
858,56883,1617
859,59451,1459
860,25523,1941
861,13298,1585
862,24613,3432
863,56726,2315
864,65457,2199
865,51435,2148
866,10335,1822
867,52389,3012
868,9584,2344
869,71666,2934
870,93297,2520
871,40423,2489
872,60301,1643
873,14944,5778
874,70772,2777
875,34375,1220
876,33663,2315
877,70706,1274
878,76868,1823
879,4748,1621
880,2182,1534
881,46179,1408
882,1608,2507
883,72239,3411
884,69901,2137
885,65443,1362
886,57399,2328
887,21398,2477
888,4519,1476
889,83392,2125
890,17701,1513
891,34790,1853
892,80447,1953
893,28709,1492
894,30141,1718
895,50148,2527
896,87260,1744
897,47791,1402
898,88076,1599
899,42719,2296
900,77436,2208
901,54026,1370
902,95868,1208
903,65592,1987
904,86624,1397
905,41726,1297
906,83152,1446
907,90993,1773
908,4487,2309
909,46372,3869
910,92327,1401
911,89483,2129
912,79009,1230
913,41290,2079
914,36307,2039
915,75566,1205
916,45119,2757
917,4719,1921
918,19486,4932
919,71725,9976
920,35581,2797
921,85089,1412
922,81176,3403
923,79593,1487
924,72688,1844
925,93580,1638
926,71872,3094
927,35294,2068
928,45320,1793
929,36744,1935
930,39262,1264
931,90100,1271
932,40869,2424
933,63332,2072
934,72061,2090
935,39812,3163
936,47107,1858
937,61525,2347
938,28008,2330
939,88544,2219
940,55761,3865
941,88639,1362
942,7815,2024
943,37924,1462
944,46273,2739
945,85959,2065
946,26136,1243
947,2090,1551
948,56551,2859
949,87625,2275
950,24888,1450
951,41664,4580
952,68729,2367
953,84346,2408
954,64550,2697
955,35476,1747
956,18815,2509
957,928,2043
958,69127,2218
959,41671,1350
960,99807,2755
961,60603,2023
962,60590,2575
963,86006,1206
964,51635,1910
965,66501,2431
966,15228,1771
967,5818,2794
968,46149,1576
969,3564,2964
970,215,1467
971,33013,1531
972,89305,1667
973,67578,1572
974,8357,1495
975,82011,1772
976,25400,3612
977,92429,1275
978,73034,1356
979,77633,1358
980,76306,1485
981,42612,2341
982,8290,2371
983,21334,1580
984,85632,1334
985,79969,2202
986,54279,1636
987,96333,2512
988,47309,2152
989,94660,1715
990,41917,1279
991,98768,1624
992,1846,1429
993,18848,2112
994,96779,1583
995,79782,1617
996,25910,1413
997,44872,1270
998,31157,1728
999,13174,1353
1000,29356,2486
1001,28622,2310
1002,1620,2028
1003,10522,2989
1004,46879,1765
1005,90109,3733
1006,52382,2017
1007,52827,1419
1008,61863,1588
1009,94986,4929
1010,46845,2906
1011,34103,1370
1012,91693,1612
1013,25499,2783
1014,16055,1473
1015,87698,1751
1016,21546,4065
1017,35781,2022
1018,22664,2218
1019,76919,1906
1020,24189,2602
1021,90335,3726
1022,40491,1202
1023,57353,3605
1024,80734,3196
1025,46386,2990
1026,79609,5431
1027,39214,2160
1028,78583,2159
1029,55724,1557
1030,43794,2055
1031,92694,1448
1032,88560,1846
1033,64857,1960
1034,52400,1533
1035,81636,1358
1036,79651,1705
1037,4307,1423
1038,23234,1642
1039,76937,2202
1040,55625,3426
1041,84704,1957
1042,78575,2038
1043,9747,2713
1044,8906,3098
1045,25497,1491
1046,32206,2134
1047,56007,1239
1048,70635,2307
1049,92986,1572
1050,53914,1643
1051,96469,6176
1052,70676,1632
1053,41277,3018
1054,74963,2133
1055,91323,1679
1056,1497,1523
1057,56154,1353
1058,62712,1435
1059,18168,2525
1060,40160,3107
1061,49814,2079
1062,42869,1312
1063,22627,1218
1064,64870,1650
1065,23130,4646
1066,94389,1252
1067,51411,2602
1068,61438,2271
1069,49846,1389
1070,10517,1807
1071,74070,1582
1072,44420,2690
1073,60687,1838
1074,59200,2596
1075,86959,1819
1076,26469,1975
1077,30508,1500
1078,84621,1829
1079,27952,2065
1080,48726,1858
1081,2407,1659
1082,28852,9686
1083,4237,4284
1084,56508,1552
1085,42248,2732
1086,62359,1950
1087,95462,2099
1088,78946,2517
1089,61905,2766
1090,65319,3616
1091,13704,1946
1092,69992,1320
1093,52709,1690
1094,44589,1718
1095,97060,2803
1096,49059,2681
1097,13721,2489
1098,37995,1496
1099,87788,2296
1100,55354,1320
1101,7868,1865
1102,74320,2734
1103,31618,1780
1104,7734,2296
1105,13376,2927
1106,91511,1446
1107,19738,2729
1108,19232,1884
1109,75112,2952
1110,41995,2712
1111,9388,2574
1112,52392,1246
1113,69474,1425
1114,79669,1472
1115,38480,2885
1116,96529,1907
1117,64556,7700
1118,40657,2992
1119,54746,1939
1120,53440,1584
1121,23044,1478
1122,58242,1744
1123,19199,1558
1124,94383,1793
1125,65663,2648
1126,93701,3807
1127,25489,2723
1128,82799,3404
1129,11286,2495
1130,23160,2814
1131,59394,2441
1132,84118,4531
1133,28729,2883
1134,67859,1752
1135,79282,1288
1136,77658,1331
1137,7574,1733
1138,36845,1647
1139,45132,2059
1140,93404,2992
1141,84845,2185
1142,58797,2916
1143,84108,1868
1144,85508,1680
1145,8235,1419
1146,18162,2844
1147,44606,1766
1148,13046,2034
1149,43089,2219
1150,64880,2045
1151,11492,3135
1152,33915,1391
1153,54081,1265
1154,30815,2122
1155,25742,2640
1156,98227,2884
1157,9221,2134
1158,36657,2425
1159,73316,2793
1160,78483,1973
1161,59707,2981
1162,75672,2428
1163,61657,1830
1164,13305,2905
1165,75902,2339
1166,28227,1629
1167,11180,1423
1168,35302,1433
1169,74437,2384
1170,76085,1291
1171,11015,3162
1172,22288,1813
1173,34271,3420
1174,52170,1250
1175,51282,1770
1176,13514,2372
1177,82794,7553
1178,18404,1852
1179,50154,4050
1180,34771,3815
1181,35226,1941
1182,69524,3167
1183,80232,2274
1184,9356,1779
1185,62556,2499
1186,81981,2400
1187,92929,1932
1188,67222,2896
1189,87680,1293
1190,48315,2044
1191,49758,2064
1192,70561,3657
1193,8719,2758
1194,68058,3472
1195,63125,1334
1196,35091,1382
1197,7109,2590
1198,21493,1364
1199,6084,1868
1200,63634,1272
1201,55264,1844
1202,49153,1588
1203,89957,2856
1204,85103,2650
1205,4111,1269
1206,16764,1320
1207,11841,3506
1208,36276,2666
1209,69388,2761
1210,63140,3701
1211,7730,3293
1212,83094,2366
1213,64160,1595
1214,32001,1396
1215,88708,1602
1216,22320,1999
1217,12790,1475
1218,45976,1635
1219,26721,2367
1220,1686,2777
1221,35309,3322
1222,27551,2368
1223,40555,3764
1224,67853,6959
1225,9076,1680
1226,56356,2329
1227,17044,2267
1228,20517,1241
1229,97481,1389
1230,44159,2498
1231,48796,1810
1232,84580,1810
1233,46216,3692
1234,5005,1381
1235,55370,1986
1236,13465,2717
1237,48356,2637
1238,76299,3285
1239,20412,2112
1240,71596,1549
1241,80077,1446
1242,53324,2633
1243,94076,1552
1244,38378,1655
1245,39452,1533
1246,71476,2231
1247,87490,1569
1248,66731,2935
1249,79219,1368
1250,23162,1847
1251,6726,1796
1252,62338,2566
1253,39091,3020
1254,88509,1529
1255,38046,1713
1256,87840,1826
1257,82635,1591
1258,98195,1223
1259,28619,2162
1260,88046,1735
1261,95207,1544
1262,29837,3367
1263,45972,2930
1264,59449,1377
1265,2620,1747
1266,49514,1356
1267,68162,1700
1268,64648,1481
1269,62176,1355
1270,69602,2299
1271,40759,1357
1272,22189,2054
1273,83232,1729
1274,82766,1613
1275,80982,3392
1276,97744,2144
1277,62906,1210
1278,32090,1330
1279,6275,1299
1280,7612,5904
1281,50290,1984
1282,38685,3240
1283,39813,1393
1284,18955,1710
1285,42611,4159
1286,87533,2820
1287,43342,2588
1288,95969,2825
1289,37237,1585
1290,68199,1550
1291,38793,1395
1292,49963,1920
1293,84122,2024
1294,587,1652
1295,97096,1900
1296,24659,1223
1297,11222,3118
1298,36939,2647
1299,5710,2036
1300,87012,1485
1301,82851,2040
1302,76528,3383
1303,83677,1254
1304,47881,4706
1305,82237,1436
1306,37333,1933
1307,89830,1265
1308,96673,2062
1309,68756,2527
1310,97198,3039
1311,45737,1924
1312,10935,1862
1313,8358,2554
1314,10260,2750
1315,41790,1298
1316,9213,1328
1317,52247,1401
1318,64817,1966
1319,25341,1942
1320,4372,3576
1321,24068,1759
1322,95940,3189
1323,54118,3436
1324,88799,1598
1325,11019,2648
1326,59975,2167
1327,98352,6464
1328,87400,1722
1329,71061,1320
1330,48263,2373
1331,72222,2530
1332,41553,2385
1333,52429,2827
1334,92873,2894
1335,72775,3232
1336,75149,1238
1337,57215,1893
1338,96639,2728
1339,21282,1926
1340,12772,2394
1341,66078,1843
1342,44066,1241
1343,34659,2117
1344,79787,3641
1345,26616,1611
1346,23580,2087
1347,12714,1960
1348,31211,2323
1349,4442,1281
1350,32000,1562
1351,66483,1410
1352,48209,2640
1353,10939,1325
1354,91914,2988
1355,57598,2368
1356,87303,3093
1357,37133,2447
1358,99582,1690
1359,10488,3623
1360,37079,1465
1361,85866,2241
1362,99877,1432
1363,52951,2518
1364,97717,2526
1365,18485,1221
1366,234,2651
1367,50712,1234
1368,60165,2232
1369,61249,1368
1370,87571,2789
1371,31377,2560
1372,64235,1282
1373,28678,3431
1374,26559,1505
1375,14302,1537
1376,94221,3054
1377,85239,2120
1378,81599,1581
1379,42725,1234
1380,90158,1806
1381,68020,1776
1382,36696,1352
1383,8840,1713
1384,7707,3445
1385,50661,1695
1386,94854,1256
1387,71340,3325
1388,1774,3341
1389,80193,1925
1390,17785,1324
1391,2266,4292
1392,75076,1205
1393,18335,1259
1394,23748,1934
1395,78206,2247
1396,27385,2617
1397,93852,1318
1398,3946,1723
1399,99611,3440
1400,6152,1358
1401,85936,1762
1402,59174,8900
1403,54041,1665
1404,970,1901
1405,32424,1889
1406,91193,1954
1407,87501,1678
1408,24076,6174
1409,78902,1665
1410,61063,1597
1411,23516,1889
1412,56821,1637
1413,59231,1875
1414,24814,1465
1415,90977,2991
1416,35276,2067
1417,22769,1240
1418,60474,2566
1419,65969,1396
1420,48818,2427
1421,1305,1647
1422,97679,1209
1423,84005,1571
1424,86517,2806
1425,20007,1424
1426,15792,1770
1427,69155,2329
1428,88338,2723
1429,9453,1245
1430,64435,2061
1431,83139,4037
1432,1648,1575
1433,95655,2227
1434,75209,1221
1435,80309,2871
1436,13997,2590
1437,56916,1835
1438,88507,2695
1439,48340,2393
1440,24704,2064
1441,57904,1725
1442,35984,2297
1443,73864,2896
1444,58294,1760
1445,70688,2529
1446,62993,2280
1447,51110,1318
1448,58624,1403
1449,47695,1822
1450,82731,1640
1451,4705,1342
1452,10222,1249
1453,23708,1439
1454,36775,3847
1455,7445,1793
1456,82726,1327
1457,2183,3201
1458,43993,1337
1459,42987,1289
1460,79278,1232
1461,6231,1786
1462,90579,1990
1463,15592,1242
1464,66946,1455
1465,78838,1267
1466,74131,2954
1467,88281,1501
1468,95598,1253
1469,59766,1608
1470,8125,1995
1471,27577,2804
1472,95862,2012
1473,56475,3270
1474,52635,1392
1475,55905,1265
1476,96165,1726
1477,86860,1849
1478,28738,3596
1479,84018,2764
1480,81115,1866
1481,66592,1715
1482,83797,1394
1483,24894,2872
1484,83313,3836
1485,70167,1822
1486,44215,1771
1487,59705,2074
1488,28626,1907
1489,82820,3615
1490,75436,1629
1491,1969,2857
1492,81656,1302
1493,81431,1941
1494,29418,1828
1495,77671,1383
1496,49516,2249
1497,571,1866
1498,59833,2181
1499,77626,2019
1500,37958,4633
1501,70081,1763
1502,83812,2983
1503,92325,2245
1504,36137,2114
1505,32453,2202
1506,11904,3296
1507,31824,1697
1508,55392,1855
1509,160,2018
1510,96200,1909
1511,90717,1712
1512,62104,3873
1513,23441,3540
1514,66684,1712
1515,47297,2444
1516,23590,5764
1517,757,1740
1518,96911,1570
1519,55364,2734
1520,78933,1447
1521,73489,2100
1522,19374,2938
1523,5980,1530
1524,68622,1716
1525,75959,2267
1526,44235,1212
1527,23087,1339
1528,26489,1225
1529,2808,1545
1530,24306,1431
1531,10934,3655
1532,99378,2407
1533,70914,2375
1534,28798,2438
1535,51891,1707
1536,49655,4722
1537,58003,2527
1538,30967,1218
1539,4017,1380
1540,40988,1610
1541,92076,2549
1542,31322,1906
1543,17995,1705
1544,72166,1226
1545,7565,1219
1546,76594,1413
1547,14084,1742
1548,61670,1329
1549,21950,1252
1550,96771,1609
1551,38554,2799
1552,50455,1319
1553,26065,4074
1554,14209,1998
1555,78610,1560
1556,62796,1609
1557,6306,1538
1558,86445,2945
1559,77056,1482
1560,54288,1476
1561,81009,2589
1562,7791,2395
1563,33666,2973
1564,91353,1260
1565,59537,1722
1566,8128,1536
1567,97559,1770
1568,24854,3494
1569,4549,1803
1570,29142,1565
1571,8495,1691
1572,33028,2525
1573,42819,1701
1574,4551,1982
1575,89656,3007
1576,30454,2322
1577,38220,1318
1578,48266,1255
1579,51866,2253
1580,88231,1537
1581,28411,1466
1582,35098,1268
1583,39225,2350
1584,64849,2419
1585,86172,1372
1586,14246,2350
1587,52058,1684
1588,31211,1513
1589,69823,2662
1590,3803,4099
1591,74759,3330
1592,88202,1497
1593,94290,1833
1594,83581,1571
1595,90901,3211
1596,54503,2066
1597,82028,2894
1598,81058,3723
1599,46419,2176
1600,95128,3171
1601,3646,1748
1602,57448,1414
1603,97189,1447
1604,33404,1328
1605,87395,1587
1606,37094,1338
1607,24430,1382
1608,71179,2718
1609,72688,2243
1610,71416,1550
1611,89604,1351
1612,18581,1726
1613,67327,4241
1614,53541,1524
1615,74475,1304
1616,15134,3315
1617,3281,1335
1618,96925,1882
1619,57250,1941
1620,15526,3954
1621,85887,2273
1622,29064,1248
1623,12775,2695
1624,57507,1543
1625,78012,2274
1626,9668,1566
1627,86072,1452
1628,3737,1355
1629,55529,1437
1630,15843,1596
1631,86438,1432
1632,93304,1764
1633,37158,1559
1634,38486,2585
1635,58360,1339
1636,87129,1420
1637,93377,2238
1638,98132,2452
1639,82746,1628
1640,26111,1363
1641,6437,3151
1642,97300,3039
1643,33593,4453
1644,35394,2843
1645,15905,3620
1646,66115,1400
1647,46533,1709
1648,54627,1740
1649,12819,1207
1650,66140,1299
1651,94801,1343
1652,40486,1687
1653,74439,1942
1654,34149,2536
1655,75982,1201
1656,80874,3278
1657,26666,2169
1658,22381,3866
1659,31446,1708
1660,91732,4889
1661,61783,2574
1662,17039,3543
1663,58055,3033
1664,67765,1734
1665,34355,1888
1666,99704,1313
1667,40571,3438
1668,96887,2103
1669,19478,1353
1670,62826,3742
1671,16309,4484
1672,90995,1272
1673,65040,1978
1674,81137,2712
1675,97204,2452
1676,1161,1993
1677,51842,1512
1678,64058,2934
1679,91084,1378
1680,21727,2345
1681,96436,1886
1682,90041,3534
1683,98813,3526
1684,9587,3097
1685,2058,1736
1686,56824,1866
1687,21719,4249
1688,31873,1610
1689,72175,2340
1690,31092,2585
1691,49613,2225
1692,88751,3367
1693,77733,1430
1694,22109,1632
1695,38505,1400
1696,58140,1392
1697,77783,1956
1698,84201,1447
1699,79586,2625
1700,70695,2673
1701,60400,2322
1702,71475,2300
1703,35482,1757
1704,13350,2297
1705,82433,4002
1706,73633,3781
1707,73479,1763
1708,82849,2308
1709,22659,2376
1710,3533,2642
1711,54469,2256
1712,5159,1251
1713,93804,2715
1714,66772,3267
1715,95281,1975
1716,91010,1809
1717,21478,1853
1718,44891,3421
1719,52810,3022
1720,3665,1792
1721,31529,1370
1722,64408,4919
1723,42507,2820
1724,67881,7666
1725,46155,2157
1726,93906,1761
1727,3158,5728
1728,10984,1780
1729,18359,1711
1730,82063,4927
1731,23462,2634
1732,16839,1411
1733,13083,1685
1734,44551,8144
1735,70763,1382
1736,27072,3678
1737,94229,1309
1738,24520,2555
1739,17209,2002
1740,66341,2209
1741,70750,1928
1742,94060,2205
1743,48530,2750
1744,26369,2390
1745,44909,2907
1746,10038,1335
1747,74091,1310
1748,20380,1434
1749,31961,1457
1750,78968,2352
1751,49951,3045
1752,37623,1572
1753,61777,1841
1754,88271,3330
1755,54326,1300
1756,43589,2831
1757,76505,1480
1758,5356,2668
1759,68404,2026
1760,89123,2324
1761,45852,2603
1762,90586,3953
1763,33838,1481
1764,98714,1372
1765,28138,2004
1766,95154,2803
1767,96458,1696
1768,34837,2078
1769,26503,1502
1770,5122,2130
1771,31808,2337
1772,38616,2612
1773,81929,3041
1774,30030,2724
1775,30654,2068
1776,88662,1275
1777,80112,2295
1778,88358,2223
1779,41014,1554
1780,2070,2040
1781,55486,1644
1782,79155,1323
1783,88560,3178
1784,99598,1430
1785,20818,1659
1786,41464,1320
1787,44218,1372
1788,35764,4564
1789,629,1312
1790,51513,2990
1791,69255,2186
1792,20329,1273
1793,35905,2683
1794,59460,3807
1795,50675,4556
1796,37645,2344
1797,57482,2074
1798,84437,3871
1799,90079,4179
1800,60848,3284
1801,24251,1875
1802,95240,2627
1803,1667,2850
1804,84398,3607
1805,26490,1530
1806,64593,1863
1807,39481,2841
1808,65338,2819
1809,84285,1598
1810,16288,1920
1811,45210,2359
1812,48776,1639
1813,36114,2020
1814,74114,1931
1815,67666,1944
1816,13374,1846
1817,78209,3304
1818,85641,1446
1819,54549,1465
1820,47806,2339
1821,79876,2733
1822,68794,1940
1823,19145,4944
1824,87011,2293
1825,49004,2045
1826,19805,1246
1827,55358,1293
1828,76629,1502
1829,17537,2879
1830,29210,1661
1831,6418,2405
1832,10281,1773
1833,62120,2061
1834,77524,1284
1835,81683,2527
1836,380,2458
1837,37170,2827
1838,74859,2246
1839,97483,1898
1840,56949,1760
1841,90440,1953
1842,60798,1253
1843,47251,2414
1844,41234,2782
1845,40994,1509
1846,57082,1407
1847,20255,3880
1848,42097,2626
1849,22403,1623
1850,42485,1410
1851,57687,3439
1852,51604,1650
1853,18538,2090
1854,47780,1377
1855,97870,2161
1856,55845,2340
1857,59799,1271
1858,39089,2751
1859,88197,1764
1860,83205,2240
1861,59578,11206
1862,44495,2384
1863,12671,2270
1864,78268,2315
1865,64983,1575
1866,1836,2435
1867,26442,1941
1868,84271,1571
1869,71890,1698
1870,55245,1834
1871,96169,1265
1872,17167,1735
1873,75092,1529
1874,56503,3928
1875,26111,1597
1876,11452,2674
1877,68787,1546
1878,81273,1209
1879,98841,2114
1880,59873,1932
1881,57493,1703
1882,82681,2018
1883,26061,1330
1884,64686,1693
1885,94919,1887
1886,51204,1242
1887,47818,2601
1888,73646,1880
1889,91516,4201
1890,2882,1349
1891,92807,2745
1892,23070,3743
1893,84266,1309
1894,55891,1241
1895,8091,4462
1896,71982,2456
1897,35283,3432
1898,99335,1325
1899,20644,3874
1900,9334,2571
1901,72449,3031
1902,4675,1500
1903,43042,3145
1904,61430,2968
1905,15797,1650
1906,70559,2405
1907,42088,2681
1908,4387,3276
1909,2012,3315
1910,53794,2919
1911,49416,2656
1912,53850,1989
1913,55268,1382
1914,80679,3168
1915,16182,7638
1916,61079,1462
1917,81748,1321
1918,11032,1451
1919,62654,1904
1920,2294,1779
1921,81692,1886
1922,76648,3646
1923,78160,1590
1924,81933,3708
1925,90134,1327
1926,57895,3616
1927,40641,2677
1928,95657,1864
1929,76139,1611
1930,44881,2084
1931,14823,3336
1932,74638,1279
1933,29191,1485
1934,46607,3149
1935,15751,1417
1936,37938,2154
1937,83081,1275
1938,53104,3350
1939,84478,1768
1940,9049,1883
1941,22702,1654
1942,99760,3062
1943,69949,1457
1944,18249,2441
1945,98710,2068
1946,67119,3000
1947,47844,1449
1948,57104,2255
1949,37229,1625
1950,64393,1585
1951,685,2160
1952,51873,2252
1953,19445,1613
1954,47122,2451
1955,82876,1521
1956,97511,1223
1957,75385,1845
1958,55327,1202
1959,28825,2226
1960,78519,5485
1961,68159,2205
1962,95369,2773
1963,99964,1439
1964,86365,2139
1965,53870,1224
1966,92489,2888
1967,10492,3329
1968,1541,2542
1969,8031,1578
1970,27975,3054
1971,72031,1376
1972,66805,1346
1973,64457,2624
1974,43422,1240
1975,16348,2786
1976,14696,4058
1977,37695,2014
1978,47687,1786
1979,69986,2405
1980,68262,5122
1981,75920,3052
1982,72225,2639
1983,45267,2491
1984,77211,1516
1985,68018,1894
1986,49398,1669
1987,60777,3523
1988,37710,1863
1989,61372,1397
1990,3866,1867
1991,37931,1435
1992,22804,3110
1993,65141,1971
1994,15113,3314
1995,78836,1569
1996,38865,2064
1997,23620,2213
1998,80586,2252
1999,76604,2564
2000,31323,1721
2001,89981,1241
2002,39094,1360
2003,57965,1661
2004,21499,2049
2005,64787,1999
2006,21807,1593
2007,96010,2450
2008,96276,2496
2009,68043,2498
2010,44395,1222
2011,78888,3892
2012,37799,1741
2013,79190,2808
2014,99654,1969
2015,67774,2395
2016,55305,3402
2017,12321,3500
2018,85684,1523
2019,15512,1939
2020,46736,5224
2021,20855,1953
2022,84776,1444
2023,36824,1576
2024,85172,4090
2025,54913,1305
2026,67480,2403
2027,24330,3501
2028,46908,1567
2029,93820,1795
2030,1224,1396
2031,61971,1827
2032,39377,1380
2033,67790,2014
2034,15506,1778
2035,41271,2219
2036,78678,2142
2037,64289,1817
2038,27224,4837
2039,327,3369
2040,39350,3457
2041,29483,2659
2042,41495,1390
2043,79279,1551
2044,13775,2875
2045,58366,2256
2046,71685,1928
2047,83851,2634
2048,73218,3065
2049,55022,1621
2050,83574,4427
2051,77472,2423
2052,9333,2112
2053,48897,2484
2054,68357,5704
2055,82959,1922
2056,95998,1593
2057,39344,2404
2058,21660,1743
2059,21432,1265
2060,2597,1566
2061,19614,1417
2062,94520,2040
2063,33496,2644
2064,86717,1614
2065,12705,3083
2066,16409,2950
2067,10198,2168
2068,37445,2425
2069,32089,1784
2070,18103,1786
2071,24054,2063
2072,97862,2748
2073,79359,1352
2074,22752,1783
2075,16724,1373
2076,61717,2517
2077,72203,2048
2078,38883,2416
2079,64365,3965
2080,99275,1624
2081,59902,3417
2082,77433,1353
2083,41713,2834
2084,7816,1344
2085,74754,1572
2086,20084,2058
2087,32083,2971
2088,85719,2382
2089,97606,1872
2090,77996,2233
2091,81391,2295
2092,44543,1939
2093,49970,1266
2094,6001,1600
2095,75687,2517
2096,22501,3610
2097,35568,3957
2098,11918,3647
2099,14937,1955
2100,2227,1235
2101,79698,2834
2102,82001,3136
2103,90232,1776
2104,69198,2247
2105,66056,1282
2106,89524,3045
2107,37277,1273
2108,64721,2445
2109,86234,1698
2110,59704,1775
2111,27536,1425
2112,25365,1846
2113,55862,2509
2114,35387,1695
2115,8413,2267
2116,52354,2944
2117,15612,1432
2118,90365,2120
2119,34033,1251
2120,25113,1803
2121,84152,3694
2122,45337,2094
2123,56458,1966
2124,44257,2083
2125,53606,4728
2126,1451,1368
2127,93676,3771
2128,13028,1838
2129,479,1531
2130,73187,1637
2131,78615,1630
2132,56295,1775
2133,91730,1476
2134,14422,1918
2135,26256,2088
2136,25542,1943
2137,30395,2563
2138,11309,2778
2139,81933,2427
2140,50309,2003
2141,45368,1213
2142,78019,1527
2143,74710,2058
2144,49261,1874
2145,95698,2296
2146,10713,1777
2147,8909,1360
2148,85675,2551
2149,7892,2646
2150,57957,1456
2151,14853,1573
2152,80062,1872
2153,54429,1744
2154,64389,2600
2155,71179,3198
2156,93853,1573
2157,85767,1399
2158,12453,1365
2159,34918,2295
2160,13315,2339
2161,90483,1538
2162,92269,2347
2163,41409,1351
2164,31914,1276
2165,40927,1659
2166,16048,1201
2167,39764,1953
2168,22012,2791
2169,73012,2580
2170,60362,2287
2171,29023,4394
2172,667,2386
2173,70504,1885
2174,76517,1906
2175,55446,2162
2176,68429,1336
2177,93309,1361
2178,7541,2683
2179,18148,2565
2180,59368,2503
2181,98625,1336
2182,57284,1653
2183,78230,1260
2184,37955,2520
2185,7943,3098
2186,28014,3556
2187,33383,1787
2188,70851,3133
2189,16426,1639
2190,5818,2951
2191,67434,3685
2192,47010,4655
2193,34631,1380
2194,50528,2401
2195,65495,3039
2196,90832,1827
2197,62388,1825
2198,33683,1481
2199,22008,2144
2200,94581,1502
2201,53539,4105
2202,52562,1957
2203,72792,1392
2204,16386,2059
2205,55002,1311
2206,92623,1514
2207,53448,1244
2208,65770,1889
2209,85302,1202
2210,66316,1437
2211,26995,2256
2212,1879,1465
2213,39225,1589
2214,34238,1743
2215,61075,2401
2216,3963,3355
2217,65809,6104
2218,87343,4112
2219,66260,1654
2220,50057,2567
2221,93940,2261
2222,65574,1796
2223,14657,1276
2224,91161,2066
2225,4765,2509
2226,46156,2005
2227,9779,2120
2228,68777,1237
2229,61501,1548
2230,61835,2403
2231,75639,1242
2232,56275,2055
2233,70330,1446
2234,34348,3760
2235,9631,1232
2236,15448,2612
2237,25901,2276
2238,96108,2394
2239,79823,1811
2240,86357,1973
2241,35071,2463
2242,934,1241
2243,98478,1539
2244,5239,1551
2245,54813,1354
2246,89393,2080
2247,45917,1279
2248,78513,3323
2249,6021,1459
2250,71774,1532
2251,26918,1489
2252,80757,1639
2253,64558,2025
2254,25209,1526
2255,71504,1496
2256,90721,2961
2257,70014,2153
2258,9203,4252
2259,54349,1753
2260,29317,2823
2261,68130,1216
2262,71149,2421
2263,73136,1977
2264,23018,2194
2265,98244,1995
2266,88826,1783
2267,87983,1439
2268,38634,2184
2269,90835,1586
2270,75121,2069
2271,20956,1834
2272,35392,1224
2273,11450,1650
2274,94622,1767
2275,63101,1921
2276,10386,1786
2277,46674,1556
2278,83715,2518
2279,95490,1231
2280,25287,1966
2281,92457,3509
2282,61640,1883
2283,59673,4426
2284,56704,1620
2285,99296,2302
2286,26640,2757
2287,1336,5758
2288,50133,2410
2289,91375,2483
2290,36558,2426
2291,19668,2590
2292,96353,1704
2293,39019,1255
2294,28416,1544
2295,25373,2244
2296,48422,2753
2297,82162,5630
2298,2177,1920
2299,3721,1396
2300,31188,1437
2301,86534,1718
2302,19549,1619
2303,49235,1342
2304,63271,3093
2305,96803,3247
2306,4490,1330
2307,36620,3368
2308,82815,2276
2309,52599,1775
2310,11643,1927
2311,53,2437
2312,96462,2164
2313,80177,1896
2314,57149,2598
2315,89096,2436
2316,80128,1872
2317,16706,2134
2318,40543,2678
2319,70620,1301
2320,10195,2337
2321,27528,2071
2322,3977,2251
2323,77736,1683
2324,33718,1430
2325,58565,2970
2326,11895,3046
2327,75826,2205
2328,38902,1636
2329,32434,2434
2330,75734,2001
2331,62404,1530
2332,57979,1363
2333,30118,1489
2334,10810,2064
2335,12485,2159
2336,31651,1200
2337,78287,2247
2338,13407,2766
2339,90596,3275
2340,87961,1924
2341,3240,1734
2342,90501,2015
2343,87857,2552
2344,42160,1648
2345,67086,2173
2346,9326,4522
2347,83882,1248
2348,18279,2095
2349,39712,1682
2350,11668,1841
2351,66316,2182
2352,39893,2297
2353,43449,1660
2354,89356,1696
2355,90486,7281
2356,36765,1494
2357,58633,3007
2358,98204,1931
2359,67065,1412
2360,6796,1569
2361,86833,2711
2362,33071,2870
2363,597,2980
2364,32659,2775
2365,48934,1813
2366,65706,1974
2367,25711,2412
2368,66442,2346
2369,11419,2319
2370,74682,1392
2371,31225,1447
2372,47368,3473
2373,32402,1910
2374,94709,2408
2375,5988,2515
2376,38902,2203
2377,7408,3537
2378,45586,3791
2379,89945,1655
2380,28811,2011
2381,53498,1249
2382,66224,1997
2383,40012,1652
2384,4916,2623
2385,97184,2076
2386,27777,1424
2387,30951,2296
2388,47012,2024
2389,61225,1868
2390,54983,2848
2391,61914,2490
2392,10818,1443
2393,1252,2254
2394,61950,4533
2395,34343,2256
2396,64584,2218
2397,2814,2835
2398,32033,2838
2399,32230,1579
2400,94030,2029
2401,90673,1823
2402,63240,2191
2403,36709,2075
2404,45885,2928
2405,5475,1541
2406,31975,2474
2407,24059,3473
2408,32477,1561
2409,19298,2243
2410,81848,2546
2411,92882,1869
2412,58020,2108
2413,70793,1459
2414,36487,2525
2415,35336,1257
2416,47078,1794
2417,16761,4175
2418,68456,2144
2419,55176,2038
2420,65396,1436
2421,59026,2897
2422,22661,2657
2423,4142,2654
2424,2204,2701
2425,45810,2058
2426,82490,1943
2427,64725,1281
2428,66257,1359
2429,19375,2951
2430,82711,1676
2431,21517,2815
2432,30305,2631
2433,51586,2149
2434,23518,2457
2435,37226,2924
2436,81470,1383
2437,95751,1877
2438,89129,1497
2439,70455,1869
2440,54754,2583
2441,31022,1317
2442,71975,2036
2443,73431,1459
2444,84142,4158
2445,35767,1223
2446,98040,1626
2447,18944,2990
2448,39437,1274
2449,88945,1756
2450,97909,1774
2451,35900,1582
2452,63036,1932
2453,83657,1511
2454,74758,1655
2455,5661,2609
2456,74656,2248
2457,41294,1826
2458,83442,8544
2459,72680,1314
2460,92851,1717
2461,66785,1929
2462,29715,2340
2463,9169,2432
2464,76359,2788
2465,97720,3852
2466,24907,1559
2467,95781,1470
2468,5222,1989
2469,94614,2927
2470,71789,3905
2471,92656,1225
2472,78513,1906
2473,92411,1892
2474,87603,3173
2475,65014,1237
2476,7915,1445
2477,46386,1685
2478,69390,2264
2479,2423,2725
2480,33860,2992
2481,28090,3115
2482,45548,1857
2483,21344,1241
2484,51141,2568
2485,51234,2870
2486,34757,1783
2487,21236,1756
2488,62742,2395
2489,95346,2949
2490,95687,2159
2491,89187,1720
2492,43117,1948
2493,41397,1857
2494,23989,3233
2495,48304,2617
2496,6640,2204
2497,29129,2051
2498,29923,3178
2499,57493,1618
2500,57770,1952
2501,69914,1829
2502,23693,1438
2503,66390,1297
2504,32090,2467
2505,78717,2676
2506,66863,2343
2507,47333,3329
2508,16714,2697
2509,83400,1757
2510,83329,2003
2511,24233,1388
2512,31174,1850
2513,10347,1419
2514,48179,1232
2515,88451,1328
2516,28507,1665
2517,68658,1530
2518,4142,2325
2519,4155,1951
2520,23598,1234
2521,64736,1261
2522,66666,1333
2523,61977,2489
2524,54014,1568
2525,18416,1608
2526,18510,2636
2527,43610,1714
2528,95739,2246
2529,39678,1740
2530,73418,1778
2531,78840,1262
2532,42008,2653
2533,35232,3671
2534,94951,1461
2535,35285,1596
2536,44479,2159
2537,29349,1844
2538,98396,1241
2539,39037,1497
2540,48735,1219
2541,2085,3512
2542,10818,3551
2543,60476,2408
2544,27226,1219
2545,6905,1313
2546,63785,2737
2547,83906,2390
2548,43636,1759
2549,65525,2475
2550,69398,1235
2551,8378,7785
2552,29316,1568
2553,51869,2888
2554,18773,2274
2555,67774,3129
2556,6489,4969
2557,12247,2006
2558,93886,2661
2559,14486,1223
2560,76101,3290
2561,10124,2097
2562,24854,1536
2563,73828,2095
2564,21622,2839
2565,10346,1444
2566,64488,2451
2567,81697,1292
2568,98584,2784
2569,46446,2259
2570,4321,1584
2571,43823,1890
2572,8200,1579
2573,8378,2345
2574,93400,1340
2575,36414,2380
2576,3541,1885
2577,51649,2111
2578,40101,1879
2579,56863,1897
2580,41566,1312
2581,15915,1704
2582,14874,1726
2583,13387,4451
2584,10838,1408
2585,27144,2727
2586,37975,1965
2587,75110,1418
2588,9650,1381
2589,97349,2238
2590,46724,2565
2591,47763,2337
2592,12899,3224
2593,67791,2384
2594,68760,1452
2595,34550,3026
2596,48389,1859
2597,66985,2865
2598,54138,2003
2599,55903,2115
2600,11433,1594
2601,65878,3767
2602,50963,1290
2603,55946,1698
2604,39068,2299
2605,52838,2021
2606,954,3734
2607,56611,2204
2608,82642,2165
2609,91270,2009
2610,22125,1245
2611,17341,2417
2612,96379,1749
2613,60087,1951
2614,37312,2405
2615,51222,5382
2616,33736,2835
2617,40557,4086
2618,17580,1465
2619,93650,1480
2620,19909,1975
2621,56389,2354
2622,30471,1681
2623,11202,1853
2624,70894,1576
2625,71169,1474
2626,17253,1984
2627,82028,1317
2628,63728,2154
2629,49087,2226
2630,60984,1993
2631,84388,2649
2632,4795,1622
2633,68761,1732
2634,59216,1311
2635,82577,3744
2636,99768,2047
2637,8401,2699
2638,20803,1922
2639,33329,1885
2640,52755,2575
2641,66891,1561
2642,8379,3756
2643,47528,1413
2644,16222,1739
2645,27636,1513
2646,97074,3268
2647,28014,2384
2648,72743,2941
2649,73727,1213
2650,1237,1888
2651,617,2615
2652,59813,1956
2653,71630,1559
2654,66091,2686
2655,80558,1762
2656,22578,2042
2657,7246,1647
2658,18713,1348
2659,23485,2511
2660,69973,1842
2661,82960,2566
2662,40700,3479
2663,44987,1863
2664,52751,1812
2665,41204,2386
2666,59010,1647
2667,41432,2486
2668,80536,1768
2669,36196,3152
2670,76004,3462
2671,88011,3194
2672,86856,2480
2673,82618,3676
2674,72835,1784
2675,43231,1636
2676,34640,1308
2677,97950,1708
2678,73972,1522
2679,99563,2268
2680,78368,1749
2681,41999,2337
2682,47353,1381
2683,38313,2332
2684,71227,1338
2685,16099,2825
2686,22874,3521
2687,65892,2732
2688,31857,3924
2689,47278,1277
2690,44814,2331
2691,70521,1298
2692,2326,2776
2693,83332,7220
2694,80479,2041
2695,52497,2768
2696,72058,2315
2697,50656,1231
2698,59624,3110
2699,81097,2312
2700,17818,1986
2701,18590,4366
2702,59962,1781
2703,53364,1251
2704,58174,2969
2705,37525,2106
2706,8469,1244
2707,72438,1328
2708,33710,1626
2709,96936,1375
2710,45612,1246
2711,1773,2270
2712,71940,1937
2713,39207,2894
2714,56381,2573
2715,22887,1314
2716,86933,1480
2717,55846,1243
2718,84205,1339
2719,79622,2044
2720,83621,1230
2721,9262,1524
2722,53577,1288
2723,47047,2058
2724,12557,4213
2725,80280,2953
2726,3934,1238
2727,44537,4397
2728,41050,2917
2729,96742,2127
2730,3177,2383
2731,26142,1394
2732,89887,1262
2733,24707,1947
2734,81911,1998
2735,36459,1388
2736,60875,3058
2737,16477,2107
2738,95259,3513
2739,38923,1997
2740,98140,1753
2741,21548,3190
2742,34761,3043
2743,68167,1398
2744,92870,2209
2745,76088,2655
2746,32316,1860
2747,75459,1217
2748,20416,1641
2749,42482,1859
2750,6158,4345
2751,88995,1860
2752,98429,1907
2753,97738,3193
2754,28196,1277
2755,81036,2492
2756,97180,1307
2757,61187,3010
2758,71925,3072
2759,36415,2694
2760,91748,2222
2761,4693,2830
2762,38837,1677
2763,13390,2683
2764,27629,1956
2765,13746,1658
2766,40224,1557
2767,25297,1417
2768,71162,1371
2769,22394,1807
2770,66377,1447
2771,74307,3059
2772,13869,2398
2773,76429,1454
2774,65522,2222
2775,65561,2838
2776,95979,3624
2777,65096,1532
2778,31302,2645
2779,84965,9857
2780,99770,1818
2781,80241,2249
2782,8348,1991
2783,27348,1342
2784,12198,1892
2785,9118,1646
2786,60249,4291
2787,84246,1610
2788,44856,2022
2789,83913,2438
2790,54345,1577
2791,49667,2016
2792,24569,1832
2793,64377,3266
2794,50392,2320
2795,1621,2978
2796,97548,1562
2797,67786,1394
2798,89477,2576
2799,45569,2466
2800,12428,3554
2801,28071,1232
2802,51386,1375
2803,9692,3825
2804,16784,2281
2805,19625,3748
2806,37179,1347
2807,7370,1286
2808,96492,1321
2809,60834,1335
2810,39854,2375
2811,41301,2398
2812,37373,2769
2813,92787,1410
2814,85473,2210
2815,80949,3151
2816,89829,1522
2817,6647,1968
2818,25655,1743
2819,12920,2012
2820,73552,1539
2821,916,2076
2822,73384,1528
2823,5801,1636
2824,94563,2744
2825,24720,2738
2826,47477,1375
2827,53872,2494
2828,79988,3864
2829,39506,2812
2830,64932,2750
2831,17837,3268
2832,28008,3344
2833,38941,1621
2834,52673,1541
2835,54569,1580
2836,38523,2617
2837,44649,1265
2838,4674,3730
2839,21573,1402
2840,23905,1794
2841,48075,1483
2842,24633,2277
2843,48086,3249
2844,10316,1597
2845,71538,1815
2846,80022,9183
2847,22881,1626
2848,2051,2008
2849,5690,2601
2850,90212,1549
2851,32440,1796
2852,8714,1456
2853,48519,1339
2854,72290,1818
2855,18744,2752
2856,53188,1244
2857,4114,1647
2858,63665,2715
2859,51902,1758
2860,25151,5494
2861,38721,1507
2862,69919,1833
2863,53552,2215
2864,48656,2174
2865,34470,1797
2866,5438,2300
2867,39155,4525
2868,66562,2798
2869,27467,1233
2870,91766,1549
2871,42312,4910
2872,39313,2089
2873,68602,1856
2874,26375,1652
2875,24052,1807
2876,56291,1652
2877,66383,3107
2878,3785,1637
2879,89487,3027
2880,21591,2280
2881,32442,2044
2882,15504,2031
2883,54220,2432
2884,13927,2132
2885,73446,2542
2886,76537,1618
2887,15039,1301
2888,37873,2886
2889,25379,2953
2890,72946,1609
2891,19315,1336
2892,35359,2335
2893,39880,2077
2894,70348,2940
2895,74446,2156
2896,94484,2947
2897,64189,1800
2898,29123,1268
2899,56971,1410
2900,46094,1477
2901,4297,2929
2902,46084,1859
2903,96970,2376
2904,84566,1468
2905,53922,1575
2906,57321,1346
2907,86325,2093
2908,89087,1298
2909,83613,3165
2910,64918,1292
2911,75384,1832
2912,8354,2450
2913,4066,1201
2914,44391,2893
2915,15719,5997
2916,16857,2236
2917,71029,1369
2918,91879,1299
2919,27866,2102
2920,18821,1678
2921,60456,2977
2922,67182,1769
2923,93787,2474
2924,52828,1760
2925,45667,2700
2926,33153,2456
2927,7212,1749
2928,18864,1640
2929,86632,5284
2930,54018,3068
2931,9491,1589
2932,48331,2422
2933,20227,2429
2934,63868,1885
2935,21546,1542
2936,37840,2231
2937,67802,4078
2938,78396,1346
2939,80673,1683
2940,2479,2683
2941,80381,1488
2942,20978,3206
2943,94691,2200
2944,39409,1789
2945,97135,1714
2946,17609,2080
2947,881,1448
2948,95946,2378
2949,49432,5393
2950,48817,11147
2951,60559,1863
2952,12845,2248
2953,41486,1478
2954,72477,2143
2955,44139,2712
2956,24117,2106
2957,72052,1873
2958,7507,2610
2959,79881,2556
2960,44817,2622
2961,29306,1899
2962,74463,1278
2963,77908,2416
2964,488,2440
2965,47351,2427
2966,42461,2300
2967,78425,1493
2968,30239,3471
2969,17866,3437
2970,78484,2025
2971,85279,1474
2972,36079,8858
2973,34260,2626
2974,30413,1254
2975,63692,2960
2976,64890,2010
2977,45498,2595
2978,39990,2954
2979,51163,3622
2980,53242,1724
2981,82512,1340
2982,46817,1519
2983,41344,1497
2984,46049,1572
2985,223,1514
2986,40844,1500
2987,42298,2617
2988,74287,2444
2989,65261,1524
2990,61261,1464
2991,64637,1624
2992,88582,2711
2993,73454,1294
2994,69471,1853
2995,75094,2668
2996,58397,2623
2997,30080,1517
2998,39676,1450
2999,53523,2311
3000,3771,2226
3001,98190,2912
3002,87107,1298
3003,76123,1338
3004,83166,3139
3005,249,1574
3006,74238,1532
3007,16290,3050
3008,23744,1520
3009,72,2583
3010,81915,2058
3011,80855,1704
3012,41107,2538
3013,73123,2399
3014,483,1528
3015,78281,2625
3016,150,2161
3017,21759,4299
3018,68456,1352
3019,85393,2016
3020,59638,2240
3021,53360,2245
3022,31235,1838
3023,23110,1610
3024,58952,3919
3025,74453,3621
3026,19511,2292
3027,5947,1334
3028,46668,1660
3029,44962,1607
3030,50611,1317
3031,40761,1496
3032,18295,2628
3033,91041,1577
3034,76205,1385
3035,87755,1873
3036,71663,2237
3037,2378,1620
3038,36578,1274
3039,11781,3576
3040,18979,2660
3041,65523,2089
3042,54907,4117
3043,36673,2201
3044,25833,1644
3045,49079,2128
3046,9279,2298
3047,41728,1250
3048,5134,2633
3049,20016,2694
3050,90836,3700
3051,47543,1787
3052,20537,2940
3053,34020,11121
3054,78787,2171
3055,66916,1772
3056,50943,2067
3057,5745,1309
3058,54795,1548
3059,44352,1563
3060,93862,2432
3061,30462,1371
3062,7328,1473
3063,80855,1604
3064,31851,1420
3065,84579,1896
3066,28430,2019
3067,71873,1656
3068,68760,1545
3069,58319,1847
3070,37960,1348
3071,30887,2556
3072,98124,2535
3073,87908,1299
3074,75240,1465
3075,31729,1959
3076,15816,1436
3077,83849,1459
3078,12558,1554
3079,99212,2606
3080,87635,2237
3081,64724,1881
3082,10813,1403
3083,43661,4552
3084,1748,1479
3085,56447,2002
3086,68873,2007
3087,19329,3508
3088,76450,2959
3089,81915,4501
3090,54144,1648
3091,26341,3415
3092,50844,1827
3093,1606,2907
3094,86069,4079
3095,40845,1491
3096,38834,1654
3097,81453,1734
3098,77871,1621
3099,16497,2720
3100,41706,1596
3101,85276,3349
3102,84932,1449
3103,50009,3121
3104,55471,1596
3105,41505,3230
3106,89964,1479
3107,65565,1684
3108,2895,2402
3109,74654,3797
3110,90347,3618
3111,51110,4155
3112,2645,1490
3113,38248,1360
3114,72091,1518
3115,93490,2476
3116,50246,2155
3117,84143,1360
3118,96475,2213
3119,41414,4166
3120,89516,1334
3121,45850,2814
3122,82233,1276
3123,80935,1219
3124,86514,1755
3125,64202,1705
3126,70339,3022
3127,59499,1907
3128,41728,2018
3129,68882,3469
3130,52805,2450
3131,94617,1608
3132,65555,3205
3133,75557,1753
3134,53963,1736
3135,81506,1555
3136,87625,1691
3137,18542,3426
3138,94973,2126
3139,42356,1775
3140,46164,1671
3141,20488,1883
3142,82800,1616
3143,98479,3697
3144,91243,2285
3145,47644,2263
3146,20239,1720
3147,5441,2243
3148,21809,1420
3149,89462,1619
3150,60896,2230
3151,46730,2163
3152,64906,2435
3153,23901,1750
3154,96661,2222
3155,27503,2177
3156,16141,3462
3157,92397,2315
3158,35773,1960
3159,83777,4759
3160,43326,2418
3161,83777,3264
3162,78598,3828
3163,99668,1393
3164,41764,2126
3165,25001,3984
3166,87908,2148
3167,59937,1730
3168,11656,1954
3169,48797,1920
3170,59956,2594
3171,12391,4988
3172,39477,2578
3173,44247,1603
3174,26794,2096
3175,25890,2141
3176,97324,3301
3177,5032,2502
3178,20372,2112
3179,81221,1357
3180,67691,1270
3181,96954,3213
3182,55272,2333
3183,25696,2669
3184,66719,1527
3185,24026,1431
3186,19075,1750
3187,42559,1609
3188,48929,1800
3189,44967,1512
3190,78696,2275
3191,17255,2799
3192,91833,1725
3193,22770,2309
3194,84939,1532
3195,49541,2642
3196,64776,2494
3197,31742,2359
3198,81938,1255
3199,13723,3669
3200,10006,2451
3201,72604,1225
3202,18178,2009
3203,54348,3029
3204,87842,2239
3205,95247,1394
3206,21484,2392
3207,96866,1862
3208,26472,1280
3209,51492,5187
3210,31068,2001
3211,46987,2671
3212,16917,2000
3213,42292,1240
3214,32331,3055
3215,49953,1940
3216,94331,2186
3217,35510,3194
3218,25151,1453
3219,47694,2867
3220,37340,4116
3221,93956,2606
3222,90171,2855
3223,26461,8729
3224,5534,3244
3225,42536,3116
3226,67604,1454
3227,45442,1851
3228,98152,1685
3229,83756,2952
3230,62572,2232
3231,39495,2180
3232,59908,2765
3233,90209,2805
3234,61314,2478
3235,91138,2023
3236,10692,1631
3237,32293,1587
3238,50291,1972
3239,7717,2610
3240,7195,1523
3241,28242,1833
3242,39951,1639
3243,36550,1256
3244,9396,1464
3245,96026,1230
3246,5830,2106
3247,53501,1439
3248,28000,4181
3249,81001,2123
3250,22491,2725
3251,59878,1547
3252,85451,2672
3253,90527,1468
3254,91344,1238
3255,64925,2595
3256,58631,1570
3257,85877,1914
3258,38069,1749
3259,81991,3114
3260,65541,1853
3261,12999,1628
3262,3419,1220
3263,20266,2091
3264,9608,1507
3265,7591,3522
3266,58978,2607
3267,95346,1385
3268,11516,2062
3269,80362,1710
3270,53950,2251
3271,98351,1291
3272,24863,1574
3273,52460,1544
3274,22384,2172
3275,31038,2758
3276,10309,1837
3277,48723,1988
3278,87248,1299
3279,21491,2127
3280,91313,1797
3281,130,1252
3282,32687,1229
3283,40520,1625
3284,83117,1218
3285,66500,1263
3286,35232,1999
3287,29994,1721
3288,20719,2261
3289,70316,1455
3290,45519,2160
3291,7124,1708
3292,42472,1455
3293,43347,1534
3294,66090,1866
3295,97872,3524
3296,47831,1592
3297,43567,1305
3298,61815,1459
3299,18030,1487
3300,9787,4451
3301,76093,1373
3302,10234,1791
3303,44221,2505
3304,74159,2685
3305,23394,3132
3306,51034,1641
3307,78660,3258
3308,87539,2116
3309,30406,1951
3310,33929,1211
3311,1611,1266
3312,66197,1522
3313,66531,1257
3314,43785,1443
3315,59345,3543
3316,65915,1828
3317,26085,1918
3318,20645,2673
3319,28426,1376
3320,65277,2149
3321,14620,1913
3322,15029,4395
3323,10554,2506
3324,45136,2327
3325,63331,2389
3326,43033,4035
3327,66593,1211
3328,32904,1477
3329,14526,1258
3330,82613,1732
3331,62478,1410
3332,5653,2321
3333,78942,2435
3334,75576,1441
3335,29407,1746
3336,82861,2406
3337,91406,1274
3338,45249,1800
3339,72455,1272
3340,98046,2855
3341,40341,1969
3342,71325,2838
3343,84077,1765
3344,26415,2052
3345,2911,1945
3346,15411,1630
3347,80180,2348
3348,65013,1450
3349,50731,11274
3350,20976,5567
3351,83285,1675
3352,4431,2808
3353,80987,1294
3354,81235,1585
3355,93599,1433
3356,69582,2580
3357,33453,1638
3358,59753,1359
3359,95487,1238
3360,48563,1566
3361,27350,2823
3362,79769,2039
3363,56910,1654
3364,82597,2967
3365,58161,2238
3366,35230,1574
3367,59715,1673
3368,13287,4591
3369,31867,2113
3370,68142,1716
3371,29229,1458
3372,78911,1219
3373,87578,2285
3374,49375,2664
3375,47428,1406
3376,74621,1613
3377,42080,2681
3378,11,1723
3379,45513,1689
3380,68646,1947
3381,43219,5641
3382,72440,2658
3383,88182,1662
3384,99368,3167
3385,20951,2928
3386,6805,1593
3387,81282,2493
3388,85660,1439
3389,10059,2134
3390,60723,2206
3391,57612,2097
3392,5944,3581
3393,52128,3089
3394,39246,5188
3395,57797,1642
3396,69831,2058
3397,38750,2073
3398,94630,2128
3399,20372,1295
3400,74263,2291
3401,79091,1571
3402,79800,1215
3403,56660,1295
3404,86827,1834
3405,93784,1875
3406,86236,1649
3407,36379,1831
3408,48387,2433
3409,85106,2282
3410,26971,1616
3411,67315,1235
3412,5256,1492
3413,18914,1704
3414,37585,1287
3415,54228,1241
3416,70711,2275
3417,36303,1797
3418,76713,2055
3419,43249,3030
3420,74514,1681
3421,54180,1660
3422,18199,2159
3423,22782,2516
3424,74673,1467
3425,17134,3040
3426,61189,3120
3427,67439,1708
3428,5354,1954
3429,9989,2439
3430,11318,2081
3431,35661,1742
3432,57171,1747
3433,49600,1755
3434,27602,3359
3435,98124,3516
3436,33180,2900
3437,30285,1439
3438,94257,1247
3439,54033,1313
3440,99589,1767
3441,93135,2500
3442,4019,2899
3443,55835,3608
3444,31819,2340
3445,51193,1743
3446,22750,2380
3447,16218,3259
3448,84088,3652
3449,56638,1730
3450,82946,1610
3451,7960,1862
3452,93060,1409
3453,1028,2204
3454,82466,1455
3455,28780,3189
3456,61181,2064
3457,93255,2129
3458,25758,1695
3459,77560,1754
3460,76461,1609
3461,1774,2019
3462,24374,3384
3463,71472,2166
3464,30422,1910
3465,78771,2523
3466,43002,2531
3467,95717,2606
3468,23445,2097
3469,85643,3326
3470,61075,1299
3471,52954,4247
3472,3234,2154
3473,99653,3009
3474,63823,1494
3475,70238,2054
3476,6610,1761
3477,19989,1562
3478,92450,1569
3479,31332,1863
3480,35418,3096
3481,55657,1457
3482,21105,1665
3483,97854,1407
3484,85951,1779
3485,79224,1401
3486,87607,1426
3487,46582,2525
3488,81849,2307
3489,15566,3699
3490,12689,2005
3491,17423,4608
3492,90442,1424
3493,99473,1276
3494,51055,3287
3495,55242,2118
3496,72908,3326
3497,14666,4404
3498,45399,1685
3499,37432,2209
3500,15844,1568
3501,31177,3177
3502,17113,2015
3503,98649,2158
3504,22331,1684
3505,52666,3435
3506,77770,1490
3507,41798,2358
3508,13919,1802
3509,4442,1391
3510,11559,1654
3511,71635,1945
3512,70514,2512
3513,16166,1223
3514,66594,2988
3515,84258,1231
3516,1484,1410
3517,83069,1873
3518,29151,2583
3519,52316,1724
3520,19122,4815
3521,35292,2261
3522,17838,2208
3523,18434,2472
3524,97881,1930
3525,99074,1608
3526,81670,1510
3527,42780,2727
3528,30532,1315
3529,65921,2186
3530,87661,2794
3531,50904,1727
3532,81429,1255
3533,40234,2654
3534,86176,3931
3535,69527,2552
3536,47058,7631
3537,37339,2674
3538,28691,1913
3539,90558,2494
3540,2849,4779
3541,44155,2047
3542,88540,1300
3543,74319,1426
3544,7846,2180
3545,17809,2955
3546,87933,2148
3547,4023,1615
3548,77003,2517
3549,40011,2269
3550,99251,1282
3551,75530,2091
3552,51958,2881
3553,95155,1261
3554,93068,2661
3555,57809,3131
3556,54249,1957
3557,97710,1872
3558,24951,1587
3559,87625,2279
3560,36217,2084
3561,21862,1364
3562,56470,1356
3563,25360,1236
3564,98299,3465
3565,34991,3073
3566,99827,2440
3567,41955,1478
3568,28656,1900
3569,40663,2307
3570,35643,2323
3571,4314,5605
3572,68666,2624
3573,9705,1977
3574,55867,1301
3575,90889,2043
3576,13651,2574
3577,75829,1792
3578,71213,3440
3579,98907,1844
3580,85241,1657
3581,41909,1393
3582,19350,2172
3583,59961,1220
3584,66220,1607
3585,90067,3153
3586,58701,2058
3587,88435,2311
3588,9069,1863
3589,1727,4007
3590,42873,3798
3591,19201,2315
3592,55854,2564
3593,39060,1408
3594,37212,1970
3595,30738,1441
3596,29467,1636
3597,49727,1555
3598,69650,2530
3599,79353,1343
3600,61322,2134
3601,7962,1891
3602,62799,1313
3603,44055,2815
3604,11678,2089
3605,44559,2351
3606,16352,1494
3607,92082,3008
3608,76747,1751
3609,59480,1500
3610,33423,1529
3611,59438,2741
3612,82201,1934
3613,15574,1408
3614,67653,1803
3615,15662,1669
3616,53273,4022
3617,68117,1354
3618,39883,2318
3619,33610,3718
3620,97684,1410
3621,31494,3079
3622,31999,3157
3623,68748,1742
3624,81901,2121
3625,4231,1568
3626,67429,1296
3627,30346,1610
3628,94605,1922
3629,10227,1663
3630,33245,1255
3631,5905,1698
3632,96998,3632
3633,50264,2484
3634,46893,1374
3635,8475,1432
3636,39587,1315
3637,21843,2412
3638,50711,1493
3639,39166,2625
3640,72058,2622
3641,19673,2432
3642,18949,1421
3643,13500,1279
3644,65872,1729
3645,3862,2275
3646,32105,1967
3647,8935,2563
3648,68121,1541
3649,6566,2023
3650,8885,5482
3651,96533,2213
3652,88871,1519
3653,34725,1314
3654,78744,3198
3655,46573,1523
3656,85638,3743
3657,46921,1598
3658,59609,2476
3659,66760,2606
3660,9247,1358
3661,85874,2619
3662,85509,2590
3663,94232,2756
3664,96712,3943
3665,50165,1470
3666,21077,1316
3667,35246,1588
3668,59079,4332
3669,3830,1676
3670,38274,1545
3671,23384,1850
3672,68767,1492
3673,54855,1457
3674,22655,2011
3675,3686,2683
3676,21736,1878
3677,58912,2237
3678,91077,2655
3679,74107,1235
3680,4678,1338
3681,630,2075
3682,98640,1680
3683,48705,2279
3684,54505,3035
3685,92843,4448
3686,40126,1410
3687,78898,1214
3688,72247,1474
3689,59318,4207
3690,68262,1839
3691,63646,1307
3692,84841,2843
3693,86893,1975
3694,7838,1422
3695,22081,1634
3696,58888,3360
3697,88628,1352
3698,84021,2000
3699,95458,2520
3700,71495,2648
3701,46939,1828
3702,41046,2823
3703,41549,3087
3704,29874,1270
3705,24419,2407
3706,19181,1627
3707,65600,1788
3708,22341,2362
3709,68459,3271
3710,86538,1594
3711,90861,1462
3712,81707,3464
3713,8408,1595
3714,83120,1503
3715,56848,1372
3716,11216,2276
3717,3585,1281
3718,89058,1374
3719,56884,3227
3720,57915,1873
3721,72928,2514
3722,46613,1880
3723,59619,1873
3724,51350,1299
3725,20052,1858
3726,6894,1358
3727,94397,2397
3728,49128,2302
3729,55347,1687
3730,55838,1498
3731,41381,2386
3732,10680,2882
3733,33863,1854
3734,70462,1378
3735,12874,4406
3736,48235,2645
3737,1897,2466
3738,3023,1867
3739,45150,1668
3740,58656,2046
3741,70757,2452
3742,63086,1262
3743,11115,3894
3744,30847,6134
3745,28450,2233
3746,1029,1355
3747,66725,3973
3748,69032,1627
3749,56826,7712
3750,60979,1425
3751,84230,1900
3752,87677,1618
3753,63027,1837
3754,43798,1864
3755,56559,2424
3756,40280,2525
3757,73662,1307
3758,60264,2765
3759,17117,2291
3760,49977,1600
3761,8692,1658
3762,76792,1531
3763,73386,1228
3764,31136,2096
3765,33934,1527
3766,61149,2275
3767,90481,1753
3768,46492,1209
3769,99380,1665
3770,3839,1459
3771,33596,1419
3772,16719,1573
3773,54237,3387
3774,58275,2172
3775,653,3395
3776,88663,2166
3777,58624,3253
3778,84922,5474
3779,21095,1467
3780,40468,1595
3781,18905,1476
3782,79271,2572
3783,87149,2888
3784,49423,2190
3785,519,2362
3786,76832,1958
3787,7913,3315
3788,52956,3663
3789,9944,1470
3790,14180,1727
3791,46067,2233
3792,83555,2458
3793,36830,2623
3794,33191,2212
3795,802,2332
3796,54994,2684
3797,52704,1212
3798,95622,1824
3799,52215,2832
3800,44172,2678
3801,26963,1678
3802,85159,2914
3803,55930,3187
3804,51842,2820
3805,24484,1525
3806,48187,3619
3807,65352,1804
3808,2049,1952
3809,25017,1646
3810,1515,1454
3811,14338,1503
3812,88647,1959
3813,92159,1704
3814,47786,1277
3815,66222,2662
3816,10324,1333
3817,49165,2920
3818,95642,1343
3819,14669,4201
3820,95277,1950
3821,404,3242
3822,27855,2889
3823,16068,1202
3824,92545,2393
3825,62465,1811
3826,57419,1299
3827,38873,2776
3828,16618,1424
3829,1158,1696
3830,3360,1946
3831,73219,1430
3832,62743,2036
3833,11658,2496
3834,93098,2128
3835,62811,1415
3836,41710,2609
3837,56553,1313
3838,66181,2615
3839,71971,1380
3840,15694,1555
3841,52447,4892
3842,66089,1397
3843,16988,1633
3844,54535,3943
3845,12084,2737
3846,80281,2762
3847,10485,2862
3848,47347,1489
3849,56729,4379
3850,21694,1443
3851,36882,2073
3852,89438,1729
3853,33913,2139
3854,15086,1217
3855,62708,5666
3856,9067,1962
3857,33212,4427
3858,81764,1750
3859,82034,2327
3860,82043,1539
3861,81565,1326
3862,9567,2616
3863,56039,1296
3864,30308,2686
3865,81160,2347
3866,99718,3994
3867,12261,2124
3868,67598,1318
3869,13030,1420
3870,58474,2384
3871,38178,1250
3872,46338,2338
3873,19110,1237
3874,30696,2145
3875,79192,2558
3876,81282,1493
3877,56618,2018
3878,93430,2231
3879,77872,1540
3880,43827,3112
3881,75297,3158
3882,75585,2363
3883,58095,1687
3884,60008,3412
3885,20483,2646
3886,2264,3674
3887,91520,1249
3888,40518,4078
3889,64492,3990
3890,54275,3814
3891,52625,2818
3892,13787,1796
3893,88888,1253
3894,11766,1939
3895,56453,2209
3896,26301,1740
3897,21073,2002
3898,65631,1593
3899,81663,1846
3900,23052,1331
3901,67661,3126
3902,74875,1980
3903,49490,1369
3904,51460,1355
3905,1580,1271
3906,80597,3548
3907,37491,10638
3908,68453,1560
3909,20617,3231
3910,3551,2147
3911,28157,1215
3912,74831,2910
3913,61729,1257
3914,86900,2734
3915,47006,3135
3916,65953,1269
3917,85046,1912
3918,27630,1803
3919,39326,1780
3920,39151,3040
3921,24063,2127
3922,40329,8442
3923,8345,1645
3924,79256,1345
3925,38044,2622
3926,44126,1312
3927,40125,1350
3928,91555,1874
3929,41697,2967
3930,72146,6158
3931,48356,2119
3932,64418,1389
3933,74566,1765
3934,29066,2634
3935,71708,4506
3936,24947,1531
3937,80941,3146
3938,11269,1719
3939,87107,2441
3940,19486,2142
3941,11572,4488
3942,90977,1692
3943,68825,1934
3944,1101,1910
3945,53500,2830
3946,59518,2072
3947,83602,1911
3948,99457,2474
3949,58259,2327
3950,76296,3149
3951,22137,1264
3952,74781,2582
3953,53645,1314
3954,7386,2047
3955,46489,2668
3956,52925,1299
3957,93929,1991
3958,93398,2548
3959,60764,4679
3960,58140,2153
3961,19145,1689
3962,92825,1991
3963,84704,2242
3964,11164,2291
3965,69631,2387
3966,38607,2034
3967,25949,4429
3968,19869,1228
3969,38722,2128
3970,47138,1600
3971,19630,1570
3972,54517,1764
3973,11720,1793
3974,6314,2033
3975,52246,1492
3976,96750,1816
3977,67966,1917
3978,15818,1972
3979,26334,1612
3980,18334,1471
3981,76471,2950
3982,82817,1818
3983,63046,1473
3984,16138,2948
3985,28618,1207
3986,53655,3934
3987,38356,4447
3988,49284,3216
3989,25401,1778
3990,56163,3714
3991,55184,2844
3992,74288,1901
3993,30648,2069
3994,13303,2723
3995,27500,2695
3996,97068,1906
3997,77780,1599
3998,93721,3096
3999,92445,2420
4000,8641,2465
4001,85803,2083
4002,25320,3496
4003,11371,3353
4004,30621,3454
4005,54151,1322
4006,33752,1228
4007,2555,2592
4008,57859,1471
4009,21591,1338
4010,91326,2007
4011,1558,2739
4012,19190,1262
4013,91600,4379
4014,66256,1482
4015,95198,2851
4016,11721,1278
4017,17391,2428
4018,85318,2378
4019,18143,1730
4020,47329,1552
4021,73999,1390
4022,81293,1769
4023,79336,3377
4024,86621,2019
4025,67963,3997
4026,12297,2238
4027,46160,1221
4028,24643,1237
4029,76862,2667
4030,97697,4593
4031,68687,2985
4032,68131,1472
4033,34335,2928
4034,58935,1848
4035,43104,1260
4036,15132,2152
4037,42782,4316
4038,28585,2252
4039,10242,3049
4040,26388,1285
4041,31848,4816
4042,54651,3129
4043,55602,2354
4044,72588,1774
4045,43292,2450
4046,86455,1763
4047,885,1514
4048,26643,2352
4049,60131,2835
4050,16538,1358
4051,74636,2281
4052,3644,1970
4053,21701,1603
4054,91206,1320
4055,3593,1650
4056,59436,2448
4057,72414,1526
4058,85753,1472
4059,99827,1582
4060,36835,2233
4061,26847,1613
4062,82616,2640
4063,98200,1245
4064,848,2959
4065,72820,1309
4066,71411,1267
4067,2089,3089
4068,4826,2028
4069,28289,1268
4070,24032,2278
4071,22258,2594
4072,48774,2850
4073,86839,1343
4074,81075,1686
4075,98334,1228
4076,8629,1902
4077,53562,4129
4078,80568,1513
4079,74370,1867
4080,92427,1338
4081,52906,3465
4082,41839,2436
4083,99673,1262
4084,29886,1384
4085,65530,1958
4086,92355,1399
4087,23295,1630
4088,76765,3132
4089,54675,3039
4090,39276,2376
4091,647,3070
4092,98860,1546
4093,86143,2440
4094,43965,2822
4095,16740,1441
4096,58927,1581
4097,70163,2196
4098,25899,1791
4099,26014,2001
4100,39017,2616
4101,51881,1392
4102,89040,3226
4103,76892,1758
4104,97848,1479
4105,8238,3079
4106,79333,1659
4107,69951,1365
4108,2558,1267
4109,51393,2163
4110,1613,1253
4111,3828,2370
4112,66927,2125
4113,29921,1857
4114,49434,2290
4115,57322,1345
4116,54933,1477
4117,60511,1715
4118,27762,2772
4119,98599,1365
4120,48560,1609
4121,48102,3028
4122,54753,1484
4123,52794,1565
4124,81751,2062
4125,24893,2538
4126,21504,5694
4127,89662,2900
4128,72374,3042
4129,57738,2024
4130,23031,2213
4131,70808,2746
4132,84710,1247
4133,28260,2426
4134,61250,1835
4135,51872,2917
4136,86463,1220
4137,87857,2959
4138,9808,3234
4139,14295,1975
4140,24437,1861
4141,99682,1257
4142,73706,2192
4143,42348,2312
4144,67080,3379
4145,30725,1503
4146,13443,2226
4147,65241,2882
4148,84941,2331
4149,35076,2822
4150,94075,2507
4151,48599,2744
4152,47380,1439
4153,41467,1672
4154,71047,3107
4155,55460,1881
4156,93514,2824
4157,69109,3385
4158,55649,1451
4159,34084,1663
4160,72462,2514
4161,42471,2384
4162,34811,2070
4163,82481,1344
4164,25241,1799
4165,34505,4014
4166,2954,1793
4167,92716,1315
4168,74303,4540
4169,5768,1254
4170,55924,3073
4171,41604,3230
4172,93247,3108
4173,90427,1428
4174,34988,1509
4175,22139,1378
4176,51295,5217
4177,21629,1794
4178,64054,3168
4179,28975,2347
4180,14574,1364
4181,51798,1446
4182,94036,1300
4183,44765,1247
4184,36334,2787
4185,77938,1715
4186,90546,1689
4187,77623,2323
4188,23120,1994
4189,13766,1917
4190,19583,1996
4191,82666,1455
4192,75558,1241
4193,65971,1740
4194,44992,1553
4195,70831,1593
4196,75695,2351
4197,40877,1447
4198,87751,3603
4199,96038,2132
4200,34038,3224
4201,25205,2626
4202,87631,2530
4203,24150,1392
4204,69832,1425
4205,71639,1214
4206,40770,2009
4207,7863,1389
4208,35804,1328
4209,17449,1456
4210,44398,2052
4211,35117,2291
4212,49547,3535
4213,131,1710
4214,19466,1886
4215,78911,1831
4216,25357,3784
4217,32234,3708
4218,813,1544
4219,46835,3143
4220,98544,1624
4221,58428,4011
4222,39641,2417
4223,8924,1766
4224,85899,1691
4225,3895,3922
4226,61575,2637
4227,51552,1245
4228,80563,1219
4229,82094,1435
4230,69498,1669
4231,78751,1791
4232,98032,3002
4233,86629,4512
4234,70943,1527
4235,81713,1281
4236,7679,1437
4237,68932,1687
4238,67548,3573
4239,91126,2225
4240,94320,1406
4241,86686,1423
4242,91414,1529
4243,83315,3221
4244,95127,1679
4245,74410,1523
4246,50261,3187
4247,91895,1351
4248,25260,2702
4249,66406,1709
4250,17601,1904
4251,31679,1812
4252,85028,1210
4253,3526,2551
4254,25730,7689
4255,50744,2190
4256,92933,2273
4257,8190,2329
4258,2852,2102
4259,18189,1787
4260,32622,1914
4261,81274,2095
4262,22631,3945
4263,90260,1204
4264,11469,2568
4265,83404,1234
4266,38886,1263
4267,66353,3222
4268,18568,2315
4269,16949,1695
4270,48296,4317
4271,81455,4309
4272,19592,1318
4273,94514,3055
4274,63708,1369
4275,6402,4765
4276,81047,1334
4277,71299,1239
4278,17884,1294
4279,36699,3588
4280,99482,1798
4281,86762,2287
4282,87550,2701
4283,27692,3727
4284,80136,1616
4285,96084,1430
4286,2984,1471
4287,85212,1264
4288,95708,2657
4289,22006,1883
4290,78753,3346
4291,97094,2014
4292,2655,6057
4293,35064,2016
4294,27607,2145
4295,89968,6679
4296,75451,1309
4297,2202,2897
4298,64181,1233
4299,12626,1434
4300,90171,1636
4301,36899,2025
4302,30723,1453
4303,66957,2910
4304,27100,2158
4305,90503,1214
4306,16208,16779
4307,73645,2188
4308,33730,1278
4309,74993,1329
4310,61686,2428
4311,6246,2205
4312,49508,1530
4313,26627,2321
4314,24749,1875
4315,89118,2375
4316,2285,2652
4317,79285,1979
4318,64882,2378
4319,4880,2163
4320,32797,1688
4321,97075,1652
4322,25814,1377
4323,11134,1731
4324,71541,2365
4325,60179,2581
4326,73836,3914
4327,23119,2009
4328,8583,3031
4329,81238,1744
4330,20021,2646
4331,50411,2654
4332,6083,1923
4333,18345,2570
4334,55821,2477
4335,89773,1246
4336,80832,1528
4337,32862,2267
4338,44410,2266
4339,54656,1396
4340,30041,1593
4341,4238,1987
4342,96164,1499
4343,6566,2630
4344,1329,2755
4345,66030,1886
4346,96980,1380
4347,79878,1538
4348,7894,1796
4349,20632,1882
4350,81404,2333
4351,28927,2127
4352,16239,3109
4353,86,1675
4354,8270,2305
4355,18150,2629
4356,57086,3399
4357,8383,2992
4358,64259,2467
4359,81739,1935
4360,2968,1755
4361,59886,1200
4362,27321,2076
4363,22949,2072
4364,99946,1338
4365,84445,1808
4366,21848,3968
4367,81123,2004
4368,32933,1887
4369,88390,1607
4370,66816,2121
4371,93440,1576
4372,38837,1778
4373,85353,3198
4374,63131,2737
4375,58694,2207
4376,2484,2868
4377,45346,1948
4378,63895,4121
4379,31978,1629
4380,67552,1659
4381,54341,1448
4382,1432,1277
4383,60300,2593
4384,19672,1347
4385,77051,1889
4386,34098,1550
4387,48311,1216
4388,46083,1735
4389,84808,3160
4390,89135,1926
4391,93219,2420
4392,2576,2001
4393,98744,1669
4394,33264,1818
4395,11756,1358
4396,265,1719
4397,20885,1611
4398,42189,2274
4399,28913,4159
4400,5481,1274
4401,51543,1621
4402,8437,2053
4403,95601,1991
4404,7949,1934
4405,32965,2563
4406,43684,1965
4407,25196,2102
4408,63665,2207
4409,96429,2700
4410,24709,1475
4411,357,3364
4412,10427,3391
4413,68531,1395
4414,37680,1207
4415,53841,2079
4416,76497,1807
4417,94317,2595
4418,59083,1758
4419,53739,1627
4420,18295,1892
4421,40192,1774
4422,38158,2024
4423,41228,1588
4424,2955,1254
4425,173,1307
4426,17235,1361
4427,17456,1813
4428,93658,1672
4429,98908,2329
4430,31237,3154
4431,28332,2654
4432,94523,1260
4433,64962,2324
4434,35303,5764
4435,85303,2427
4436,97251,3141
4437,22899,1995
4438,49759,3579
4439,67221,1384
4440,91092,2934
4441,48241,2281
4442,49456,1805
4443,36867,2691
4444,85978,1427
4445,38700,1261
4446,89348,1436
4447,41680,5120
4448,10781,2962
4449,20952,2583
4450,78146,2723
4451,5159,2622
4452,4443,5017
4453,25572,3109
4454,59440,2017
4455,18162,2294
4456,44035,1256
4457,41787,2463
4458,89951,1684
4459,27078,1642
4460,78835,1510
4461,91590,2094
4462,15028,1603
4463,3627,3887
4464,40607,1466
4465,9917,1491
4466,33755,2186
4467,44899,2640
4468,12793,1605
4469,1335,2774
4470,13487,1281
4471,41212,2873
4472,70753,1377
4473,81445,2445
4474,86030,3282
4475,82226,2275
4476,791,1239
4477,90451,3697
4478,38736,1218
4479,65737,2656
4480,49276,2362
4481,33791,1394
4482,9774,1242
4483,54323,1385
4484,15212,3511
4485,54436,1750
4486,93343,1990
4487,87437,2713
4488,71091,2171
4489,78260,1211
4490,94252,2612
4491,26719,2361
4492,78000,1466
4493,23757,4536
4494,61255,1335
4495,53678,1968
4496,29470,1537
4497,82041,1462
4498,40595,1535
4499,39028,2653
4500,18678,1272
4501,92424,1789
4502,30856,2140
4503,49672,2600
4504,56519,2242
4505,61145,1299
4506,97249,1396
4507,50476,1404
4508,69389,1715
4509,30611,1299
4510,21050,2961
4511,39735,3990
4512,69611,1291
4513,36875,3324
4514,89863,1641
4515,25922,2342
4516,47882,1493
4517,67958,2443
4518,771,1799
4519,89283,2911
4520,5359,1395
4521,53965,1449
4522,34544,2695
4523,53263,1619
4524,58246,1692
4525,13886,1529
4526,24287,1501
4527,46578,1480
4528,40462,1807
4529,20809,1676
4530,82394,2853
4531,17363,2248
4532,84718,1357
4533,90382,1721
4534,44708,3525
4535,94531,3219
4536,74375,2011
4537,12939,2299
4538,82235,1430
4539,40109,3190
4540,59528,2254
4541,64290,2412
4542,84229,1839
4543,84,4386
4544,89020,2518
4545,16600,2109
4546,94149,2910
4547,53749,2613
4548,33695,2705
4549,25154,1532
4550,87448,1296
4551,62092,1914
4552,65755,1260
4553,75777,4342
4554,8793,3187
4555,55053,2168
4556,78341,2102
4557,74786,2837
4558,36230,1729
4559,78046,2195
4560,34516,1313
4561,42478,1590
4562,49240,1764
4563,1538,2673
4564,60062,2067
4565,11625,1890
4566,8411,2688
4567,68524,2412
4568,28662,3041
4569,97953,1736
4570,13115,1331
4571,34508,4812
4572,30910,1237
4573,50890,2052
4574,38252,1943
4575,58437,4698
4576,6132,2089
4577,96787,3017
4578,35607,3056
4579,61607,1902
4580,25675,6576
4581,14141,1220
4582,11822,2286
4583,63242,1780
4584,74926,1860
4585,81421,2357
4586,89286,3113
4587,53744,2247
4588,60842,1610
4589,58420,1477
4590,36732,2149
4591,73950,1379
4592,24636,2472
4593,21909,2832
4594,55062,4165
4595,97878,1262
4596,16269,3219
4597,44973,1745
4598,68514,1379
4599,70779,3112
4600,81375,1271
4601,77187,1753
4602,2046,2356
4603,40427,4149
4604,77444,1217
4605,67593,3378
4606,35218,3249
4607,77398,1434
4608,60310,1561
4609,31734,1213
4610,41968,2779
4611,45121,1891
4612,79765,2092
4613,62800,1257
4614,48046,1901
4615,26302,1581
4616,27460,1395
4617,72868,2079
4618,60927,1423
4619,11625,2117
4620,32229,5197
4621,12574,1622
4622,45449,1539
4623,91733,1738
4624,10644,3346
4625,59393,2901
4626,3834,2927
4627,1293,1501
4628,14993,2058
4629,56620,1512
4630,71996,1946
4631,86222,1337
4632,14459,1824
4633,93157,2347
4634,65263,4807
4635,90003,3730
4636,89582,2096
4637,47126,2484
4638,81106,4043
4639,2809,1318
4640,35954,5009
4641,98741,1385
4642,3202,1845
4643,64280,2562
4644,32897,1397
4645,20767,2509
4646,37598,3678
4647,12501,1583
4648,69232,1825
4649,449,1545
4650,47038,1995
4651,59573,3647
4652,62986,1640
4653,3480,2610
4654,6144,3891
4655,36298,1438
4656,34795,1931
4657,57465,1915
4658,62658,1284
4659,50416,1725
4660,16434,2740
4661,16993,1873
4662,68007,2579
4663,63327,2996
4664,25029,1268
4665,28249,2727
4666,30944,1284
4667,58098,1528
4668,95949,1648
4669,43940,1256
4670,3354,3170
4671,76814,1915
4672,71742,1676
4673,40559,2139
4674,91725,1613
4675,86859,1428
4676,59233,2693
4677,2461,2578
4678,86356,3050
4679,98169,1234
4680,44929,2935
4681,96476,1281
4682,31724,4871
4683,44350,1625
4684,74740,1843
4685,65383,2856
4686,26769,1924
4687,8806,1346
4688,25216,1367
4689,67183,1765
4690,86129,4026
4691,59181,2069
4692,81685,1442
4693,6502,1878
4694,68378,1210
4695,83853,2270
4696,95168,1731
4697,24372,3933
4698,62441,2523
4699,59776,4802
4700,30883,1545
4701,11345,1645
4702,7769,2210
4703,72406,3055
4704,69549,1954
4705,602,3560
4706,79807,1308
4707,96057,3126
4708,66161,1476
4709,22085,4374
4710,32910,1634
4711,42678,4348
4712,58409,3092
4713,55736,2721
4714,23081,1369
4715,51276,2322
4716,98839,1384
4717,57757,2744
4718,19233,1289
4719,7018,2506
4720,56570,1658
4721,81248,2855
4722,89647,1413
4723,19544,1318
4724,16327,1439
4725,87086,1908
4726,91818,2239
4727,2772,3925
4728,88662,2089
4729,80564,2238
4730,52738,1436
4731,22901,2856
4732,21099,3083
4733,29735,1419
4734,62663,1248
4735,16780,1941
4736,40103,3057
4737,24184,2266
4738,50557,1363
4739,51335,3549
4740,51850,1738
4741,1868,3966
4742,97273,2726
4743,16009,2427
4744,85619,2134
4745,8276,1985
4746,92565,2055
4747,13092,1697
4748,13608,1636
4749,72961,1249
4750,13335,3286
4751,28914,1297
4752,21775,1847
4753,66578,1388
4754,22822,1577
4755,99102,1337
4756,99751,1372
4757,26842,1641
4758,5484,2383
4759,46813,1783
4760,71935,2632
4761,76493,1744
4762,49173,1290
4763,11606,1481
4764,77540,1885
4765,43922,1223
4766,60120,1827
4767,63022,2755
4768,7222,1233
4769,73455,1409
4770,79179,1385
4771,80346,3575
4772,20112,3096
4773,60039,1456
4774,37490,3321
4775,50731,2121
4776,13996,1467
4777,91571,2124
4778,94,1364
4779,62121,1554
4780,1694,3225
4781,90576,3100
4782,14135,1536
4783,95531,1854
4784,22292,1473
4785,94908,1248
4786,71319,4305
4787,25594,1633
4788,86702,1846
4789,34700,2682
4790,21683,1933
4791,17539,2469
4792,54484,2647
4793,87558,1395
4794,71934,3191
4795,29303,1363
4796,23185,3170
4797,5109,2262
4798,76674,1887
4799,79272,2162
4800,90467,1777
4801,58318,1678
4802,85558,1893
4803,63621,2749
4804,62395,1548
4805,28365,2058
4806,85489,1381
4807,49393,1613
4808,21402,1574
4809,96223,2184
4810,26127,3567
4811,28315,2609
4812,13091,2417
4813,52986,2357
4814,2528,1215
4815,87347,1462
4816,39221,1335
4817,33753,2525
4818,59562,1344
4819,11737,2670
4820,89185,2382
4821,69282,2425
4822,58998,1346
4823,89863,1356
4824,28773,3331
4825,58370,1647
4826,79053,2507
4827,97872,2751
4828,83299,1505
4829,21012,4155
4830,5509,2072
4831,68315,1749
4832,96405,1476
4833,92058,2371
4834,63084,2938
4835,19159,1503
4836,7941,1231
4837,23099,1294
4838,96323,3736
4839,14192,2456
4840,30738,2867
4841,28160,1375
4842,37123,3018
4843,37822,1604
4844,96363,1224
4845,68276,2281
4846,38696,2103
4847,74875,1428
4848,45040,1268
4849,93672,3136
4850,17107,1697
4851,96309,1434
4852,1027,1809
4853,48148,3055
4854,98730,1206
4855,77666,2204
4856,57898,1326
4857,20358,1681
4858,81014,1349
4859,88116,1530
4860,47338,3465
4861,30865,2355
4862,63032,1322
4863,60296,1695
4864,9751,1574
4865,56604,2308
4866,29820,1494
4867,1288,2839
4868,80567,2106
4869,69826,1562
4870,36617,2157
4871,7978,2112
4872,43072,2555
4873,87947,1249
4874,38144,2466
4875,33225,1657
4876,93063,1825
4877,16771,4484
4878,44017,2174
4879,65828,2765
4880,32276,1264
4881,3835,2198
4882,13580,1566
4883,48969,1226
4884,39999,1426
4885,1485,1398
4886,36953,1474
4887,19795,2110
4888,59116,1363
4889,20625,5020
4890,40217,2757
4891,44472,2307
4892,11746,1482
4893,506,3013
4894,36558,1298
4895,70354,2357
4896,40820,1931
4897,99092,1596
4898,84019,1672
4899,81896,2695
4900,86320,2509
4901,59866,1753
4902,4079,1432
4903,17823,1565
4904,249,1313
4905,73285,1976
4906,26537,2780
4907,24165,1732
4908,73012,1804
4909,93235,8519
4910,28267,1326
4911,29679,1837
4912,32382,2813
4913,76170,2138
4914,32642,3412
4915,26986,1289
4916,87031,1624
4917,15024,1933
4918,89423,1274
4919,30610,3080
4920,43288,2996
4921,83879,1625
4922,74422,1335
4923,38701,2429
4924,70907,1546
4925,5130,2587
4926,59283,1932
4927,79365,1203
4928,6366,3118
4929,29796,6332
4930,71846,1311
4931,74547,1693
4932,92877,3885
4933,74597,1668
4934,37687,2014
4935,53819,4371
4936,39383,2337
4937,38954,2242
4938,60548,1733
4939,29027,2440
4940,24956,2229
4941,85299,2079
4942,94119,2137
4943,84797,1513
4944,72417,1264
4945,90380,3213
4946,94369,2125
4947,36167,2482
4948,47411,2155
4949,24523,1372
4950,44020,1259
4951,44111,1465
4952,91671,1867
4953,29162,2670
4954,49937,2171
4955,20999,2650
4956,59196,2041
4957,79130,2582
4958,98218,1293
4959,54482,2693
4960,91384,1281
4961,2911,2221
4962,41910,1541
4963,70882,1335
4964,18876,1259
4965,34563,16921
4966,16007,3230
4967,30741,1390
4968,39351,1572
4969,49677,2473
4970,26301,1482
4971,4672,2191
4972,49132,2959
4973,14232,2333
4974,46803,2852
4975,3061,2144
4976,69755,2086
4977,44015,1206
4978,51173,1746
4979,42389,1853
4980,55527,1313
4981,9220,1427
4982,88211,1728
4983,7581,4108
4984,12550,1436
4985,91720,3077
4986,39585,3282
4987,61414,1313
4988,66677,3238
4989,73468,1903
4990,73493,2169
4991,55956,1396
4992,28621,1386
4993,46025,1871
4994,13105,3082
4995,76391,2824
4996,40820,2029
4997,56486,1273
4998,99833,2073
4999,217,1999
5000,26081,1705
5001,87107,1828
5002,33858,5438
5003,36366,1246
5004,55520,2255
5005,31380,2114
5006,42915,2413
5007,50976,3544
5008,42220,2183
5009,26490,1426
5010,46721,1530
5011,50641,2427
5012,86132,1655
5013,69991,1421
5014,45726,1290
5015,81979,1556
5016,839,2625
5017,14725,3626
5018,86314,2605
5019,61880,1861
5020,87854,2154
5021,91433,1309
5022,92915,1636
5023,93817,1359
5024,86848,1664
5025,88443,2448
5026,70502,2791
5027,6117,2461
5028,75355,1909
5029,34210,2921
5030,95280,1228
5031,25670,3691
5032,83024,2438
5033,86356,1268
5034,42209,1501
5035,38235,2502
5036,22262,1390
5037,60969,1929
5038,26003,3541
5039,55999,1493
5040,65514,1680
5041,67535,1294
5042,96211,2605
5043,26,1387
5044,9534,1288
5045,25163,1878
5046,56293,3216
5047,89913,1478
5048,31264,2153
5049,91533,2829
5050,23648,2063
5051,1378,2567
5052,37011,2851
5053,12127,2022
5054,80440,1899
5055,79343,1950
5056,16446,2405
5057,41947,2006
5058,73978,1572
5059,76964,1465
5060,54951,1311
5061,72332,1234
5062,40441,2724
5063,61074,1377
5064,6712,2176
5065,21878,1588
5066,55354,2114
5067,7021,2077
5068,63651,1371
5069,25012,2128
5070,51932,1632
5071,2713,1940
5072,70623,1724
5073,85092,3073
5074,87524,1532
5075,54720,4017
5076,56988,3057
5077,9897,1258
5078,62536,1444
5079,96072,1518
5080,7151,1823
5081,23385,2914
5082,37447,1268
5083,42547,2100
5084,61350,1631
5085,56892,3384
5086,28731,2572
5087,61317,3169
5088,26099,1937
5089,19977,3356
5090,41778,1930
5091,20021,1482
5092,64922,1501
5093,84993,1897
5094,37423,2203
5095,71964,1316
5096,25640,2600
5097,58766,2668
5098,94739,2493
5099,70653,2607
5100,39207,1881
5101,10884,1552
5102,65693,1591
5103,75786,2501
5104,5096,1597
5105,86698,1303
5106,45255,1498
5107,53638,3324
5108,77678,3751
5109,35317,1271
5110,62,1755
5111,26859,2175
5112,10316,2411
5113,21002,1931
5114,62778,1423
5115,75323,15656
5116,9443,2962
5117,15331,1505
5118,50953,2710
5119,90339,1337
5120,39995,2704
5121,78834,1366
5122,39840,1357
5123,2248,1405
5124,99648,1438
5125,41346,1205
5126,11113,1624
5127,18467,1996
5128,54673,2913
5129,77100,1521
5130,8347,1487
5131,28741,2713
5132,2384,2271
5133,37922,1220
5134,96183,2705
5135,76484,2865
5136,16874,2247
5137,43939,2559
5138,22289,1702
5139,81252,2648
5140,40732,1369
5141,95753,2331
5142,26760,1300
5143,87356,2023
5144,9247,1655
5145,46016,2306
5146,68490,2131
5147,60171,3775
5148,84181,2997
5149,45247,1469
5150,89577,2420
5151,99435,2362
5152,57889,2223
5153,46970,2223
5154,36055,1989
5155,94368,3555
5156,99380,2066
5157,76916,3037
5158,82279,2646
5159,73215,1666
5160,84613,3523
5161,63865,1684
5162,99655,4153
5163,66991,1883
5164,20763,2189
5165,24457,2589
5166,30009,2148
5167,37763,1382
5168,95132,5816
5169,67612,3129
5170,71803,3074
5171,33078,2985
5172,97398,1290
5173,27511,2004
5174,4921,7172
5175,14929,1380
5176,82134,1455
5177,71664,1733
5178,86158,8605
5179,8441,1602
5180,59561,3289
5181,1434,2660
5182,95735,2683
5183,58396,3123
5184,19157,6036
5185,21137,1978
5186,28567,1254
5187,14317,1552
5188,61753,1259
5189,43820,1237
5190,518,1505
5191,6051,1761
5192,7479,2269
5193,530,2687
5194,97297,3331
5195,2265,1588
5196,32917,2104
5197,60215,4337
5198,66744,1453
5199,8049,4347
5200,79421,3976
5201,52767,1440
5202,34136,1330
5203,48162,1205
5204,75268,4014
5205,37549,1427
5206,30652,1853
5207,56269,2545
5208,52841,2807
5209,33428,1672
5210,66716,2185
5211,40862,2720
5212,71387,2147
5213,48264,1250
5214,48086,1268
5215,7608,1771
5216,12628,1266
5217,40807,3639
5218,24946,2617
5219,25817,1223
5220,72629,1679
5221,78886,2028
5222,23834,1375
5223,14278,2148
5224,66133,1988
5225,51993,1841
5226,32641,3178
5227,88615,2554
5228,82257,1996
5229,80518,1418
5230,14323,2090
5231,43118,2738
5232,24674,1639
5233,30308,1260
5234,95512,5078
5235,28765,2566
5236,4987,1741
5237,7708,1690
5238,92148,1564
5239,17950,2451
5240,80609,2369
5241,59638,1690
5242,46222,2020
5243,5343,2049
5244,17425,2046
5245,49762,2610
5246,20369,1690
5247,57679,1414
5248,96273,1468
5249,28904,1486
5250,96417,2304
5251,85066,2934
5252,64520,2691
5253,74282,2146
5254,83931,2316
5255,7475,2599
5256,67807,1652
5257,22596,2761
5258,35163,2751
5259,16095,1390
5260,35696,1337
5261,82735,2244
5262,41370,2060
5263,79259,1929
5264,57323,2083
5265,3093,1502
5266,65639,1267
5267,89739,3192
5268,37402,1237
5269,73608,3545
5270,60984,1341
5271,11334,1627
5272,24431,2797
5273,2716,1900
5274,70993,1738
5275,40784,1899
5276,76071,3362
5277,65438,1442
5278,4568,2334
5279,82667,2393
5280,24384,1856
5281,36696,4146
5282,51646,2103
5283,1967,1336
5284,83320,1491
5285,79671,2805
5286,93373,3381
5287,4214,2343
5288,32865,1610
5289,68931,2140
5290,13626,1733
5291,47921,1982
5292,55559,1744
5293,62779,1590
5294,57457,1500
5295,21147,1706
5296,1260,1889
5297,74259,1341
5298,11166,2119
5299,81341,3055
5300,11157,2139
5301,32846,2743
5302,8987,2956
5303,55924,1576
5304,78464,1630
5305,79140,1425
5306,38862,1507
5307,6512,3643
5308,7083,1501
5309,87920,1620
5310,51538,3633
5311,69603,2202
5312,87251,1630
5313,92830,3153
5314,76149,1748
5315,24765,2313
5316,35463,2386
5317,38090,1650
5318,52989,3255
5319,49852,1265
5320,96399,7376
5321,53221,1398
5322,82465,1288
5323,44358,3146
5324,86521,4205
5325,70759,2119
5326,27223,2866
5327,82405,1731
5328,17952,2361
5329,71849,1915
5330,11162,3771
5331,88965,1223
5332,99391,2899
5333,65140,2487
5334,63937,1790
5335,51070,1952
5336,51703,2665
5337,95680,2116
5338,82076,3056
5339,24787,3072
5340,98179,1219
5341,8424,1221
5342,2311,2083
5343,49537,1463
5344,71461,1356
5345,91618,2099
5346,6446,1576
5347,19681,1959
5348,50769,1443
5349,81606,1928
5350,89528,1547
5351,72473,1955
5352,6033,1358
5353,39654,1283
5354,86673,1558
5355,24374,2579
5356,73637,1952
5357,4259,2519
5358,52337,1232
5359,11939,1520
5360,84198,2678
5361,49679,2549
5362,51516,1591
5363,4249,1692
5364,78649,3608
5365,96709,1363
5366,66413,1994
5367,48985,2578
5368,64843,1601
5369,51742,1336
5370,19365,3623
5371,22020,4720
5372,29878,1689
5373,42337,3180
5374,54715,1615
5375,80890,1619
5376,45212,1414
5377,90857,1749
5378,54099,2170
5379,6713,1527
5380,89342,4001
5381,66454,1972
5382,87898,1210
5383,53637,1959
5384,65697,2165
5385,22509,1807
5386,90160,1559
5387,56400,2505
5388,16847,1799
5389,76045,2658
5390,28320,1619
5391,85782,1340
5392,53132,3475
5393,1375,3270
5394,15159,2232
5395,32527,1201
5396,73417,1515
5397,61472,1669
5398,30515,1848
5399,26261,1641
5400,4280,2346
5401,97946,1305
5402,15094,1940
5403,4866,1559
5404,52467,1863
5405,41943,1229
5406,21880,2065
5407,56233,1489
5408,71744,1599
5409,83327,1766
5410,51806,1863
5411,77846,1326
5412,1644,2507
5413,76901,1214
5414,75589,2601
5415,16156,3968
5416,52741,1847
5417,81092,2897
5418,46792,1966
5419,67147,3845
5420,94276,3283
5421,30660,2712
5422,61165,1819
5423,2881,9848
5424,75955,3870
5425,67934,2052
5426,99870,1839
5427,4706,1587
5428,54115,1503
5429,10235,1264
5430,11325,1394
5431,18255,1354
5432,91686,2739
5433,12987,1353
5434,92374,1628
5435,68160,1932
5436,98202,1992
5437,18631,1915
5438,13441,1457
5439,4647,3646
5440,62380,1946
5441,736,2900
5442,79480,1904
5443,20781,2248
5444,90152,2819
5445,4161,2664
5446,13171,1285
5447,56629,2634
5448,31048,1500
5449,63441,3188
5450,98942,1931
5451,71523,1560
5452,3247,2227
5453,89151,2872
5454,16106,2958
5455,69090,1853
5456,57390,2724
5457,72135,2000
5458,27393,1316
5459,76919,1311
5460,54988,1212
5461,5378,1243
5462,10554,1254
5463,71727,1810
5464,3152,5513
5465,21483,2348
5466,2361,6669
5467,1603,3729
5468,4428,2406
5469,73324,2420
5470,74229,1865
5471,71189,3308
5472,36271,3332
5473,4117,3734
5474,81772,1441
5475,51283,1261
5476,26032,1539
5477,7366,1481
5478,54281,2325
5479,79330,1522
5480,51089,2428
5481,6695,4058
5482,93015,2283
5483,87435,1644
5484,95458,1422
5485,29693,1640
5486,84610,1763
5487,37182,1648
5488,56153,2109
5489,46016,1679
5490,83804,2053
5491,15685,1234
5492,35033,2368
5493,62125,2715
5494,56631,2155
5495,45866,1818
5496,72397,3697
5497,90864,2367
5498,1834,8269
5499,24239,1973
5500,57158,1759
5501,97737,7879
5502,84146,1619
5503,18852,1776
5504,55097,1506
5505,42220,2343
5506,64124,5054
5507,30714,2515
5508,63509,1342
5509,31325,1443
5510,87194,2205
5511,16139,1432
5512,38561,3583
5513,64699,2429
5514,34504,1618
5515,9889,1451
5516,55771,2731
5517,70282,4625
5518,25681,1543
5519,35973,2117
5520,80505,1976
5521,60920,2696
5522,34847,1291
5523,47263,2358
5524,30333,2984
5525,17534,2202
5526,43155,1351
5527,57826,3271
5528,50310,1803
5529,28092,1583
5530,547,1246
5531,38630,1375
5532,96343,2904
5533,95176,1510
5534,87764,1405
5535,93224,1698
5536,31774,1646
5537,77158,2091
5538,33911,1979
5539,1846,1230
5540,95053,5542
5541,38945,1523
5542,53798,3071
5543,49998,3653
5544,37191,1888
5545,22052,3004
5546,89110,1841
5547,43441,1585
5548,61367,1305
5549,27681,1710
5550,63085,1268
5551,52324,2473
5552,13430,1375
5553,86932,3839
5554,36467,1805
5555,37811,2884
5556,97561,2392
5557,24453,2559
5558,88149,2714
5559,85702,1680
5560,83106,1909
5561,51195,3515
5562,48571,4543
5563,81353,1577
5564,80162,1994
5565,45663,2618
5566,80710,3133
5567,33606,1485
5568,78791,1807
5569,45309,1851
5570,45579,1495
5571,94243,1696
5572,57510,5185
5573,88245,2045
5574,67352,1437
5575,24062,2805
5576,54006,3068
5577,78739,2805
5578,90564,1962
5579,37806,2057
5580,13869,1975
5581,90155,1418
5582,2552,1423
5583,88537,2907
5584,79568,2216
5585,68856,1391
5586,67876,2218
5587,87235,2159
5588,66859,1611
5589,2979,1913
5590,59182,1963
5591,98089,4565
5592,66199,6953
5593,39882,2984
5594,94174,1553
5595,97179,1708
5596,64040,2119
5597,98646,2887
5598,98351,2020
5599,45207,1855
5600,70339,2998
5601,73559,2357
5602,78712,1983
5603,25678,1711
5604,45466,2244
5605,4954,1521
5606,80608,3842
5607,30091,2663
5608,42197,1574
5609,98644,2535
5610,7256,1826
5611,54202,1574
5612,8049,1511
5613,33145,1525
5614,52606,1513
5615,3652,1281
5616,44090,1977
5617,25451,1676
5618,61004,2258
5619,73440,3947
5620,17829,1825
5621,94534,1818
5622,70118,1564
5623,33427,1456
5624,6028,1639
5625,2782,1507
5626,5637,1822
5627,77181,1900
5628,20237,1262
5629,96511,2850
5630,48943,2673
5631,5905,1326
5632,47790,2465
5633,24722,1256
5634,49906,2141
5635,93209,1359
5636,91962,1959
5637,72849,2814
5638,34725,2333
5639,94322,2403
5640,51012,6152
5641,52446,2600
5642,51395,2565
5643,61096,3275
5644,33630,2764
5645,39513,4888
5646,43669,2530
5647,21249,1676
5648,3391,1767
5649,4986,3843
5650,16684,1322
5651,93624,2052
5652,12544,2768
5653,27550,1757
5654,92137,1292
5655,45185,2664
5656,91504,1253
5657,9431,2619
5658,88109,2755
5659,81213,2903
5660,69776,1708
5661,23985,2172
5662,72605,1324
5663,99389,2042
5664,40472,2008
5665,88859,2444
5666,68608,1244
5667,90493,1230
5668,79435,1571
5669,90664,2162
5670,791,2042
5671,26320,2772
5672,23120,2539
5673,9258,2768
5674,95855,2361
5675,16453,1454
5676,33405,2285
5677,82698,1721
5678,20986,2244
5679,14854,1759
5680,71632,1848
5681,60781,1354
5682,29180,1392
5683,84731,1354
5684,18775,5185
5685,98358,1821
5686,233,1741
5687,7253,2500
5688,19916,1461
5689,94699,1704
5690,94417,4033
5691,76889,2479
5692,76786,3293
5693,16811,3526
5694,99669,1381
5695,78430,3887
5696,14854,1381
5697,64530,1435
5698,3740,1781
5699,46967,1544
5700,70163,2194
5701,12085,2093
5702,15903,1819
5703,94404,2804
5704,41430,1297
5705,3084,2490
5706,68871,2068
5707,48705,3911
5708,3170,1409
5709,14887,1394
5710,56485,1725
5711,96130,1279
5712,51903,2418
5713,8762,1387
5714,17320,2035
5715,62029,1443
5716,24663,2454
5717,95619,1521
5718,42594,1700
5719,29384,2454
5720,93424,1487
5721,77797,2582
5722,49481,3857
5723,44538,1602
5724,55645,1433
5725,74136,2660
5726,57517,1672
5727,61881,1770
5728,28790,3351
5729,75960,1657
5730,946,3176
5731,53700,2241
5732,43469,1503
5733,85856,3324
5734,10857,2521
5735,40948,2724
5736,87648,1277
5737,53336,2233
5738,94130,1612
5739,80940,1789
5740,25640,3165
5741,48940,1327
5742,25413,3529
5743,47143,2070
5744,73291,2121
5745,90140,1476
5746,473,1545
5747,93522,3444
5748,78631,2337
5749,23614,2285
5750,43066,1516
5751,20869,2495
5752,73463,1923
5753,59138,2027
5754,68360,1747
5755,14783,1488
5756,65890,1502
5757,16404,1346
5758,20282,2278
5759,10107,1387
5760,68425,2447
5761,9450,1518
5762,90,3184
5763,99301,2531
5764,18544,2517
5765,69036,1757
5766,64514,1401
5767,26187,2910
5768,63378,1818
5769,24509,4760
5770,48377,2392
5771,3683,1879
5772,65309,1412
5773,98851,1517
5774,1245,1781
5775,62880,1738
5776,31462,2447
5777,88442,2497
5778,67811,2118
5779,7994,2939
5780,94069,1236
5781,64199,1808
5782,54076,1557
5783,81971,2498
5784,17500,1237
5785,45853,1452
5786,77975,1784
5787,59832,1447
5788,80130,3372
5789,61003,3434
5790,92531,2775
5791,40583,2565
5792,28514,1531
5793,40030,1981
5794,56441,1819
5795,89311,2271
5796,57080,1409
5797,48792,1304
5798,50606,2052
5799,79750,1402
5800,87380,1234
5801,38081,2367
5802,67049,2310
5803,74545,2214
5804,99544,3199
5805,4397,1243
5806,37995,2850
5807,80698,1326
5808,5660,1627
5809,29867,3225
5810,2495,1410
5811,49829,1525
5812,76751,1226
5813,64142,3397
5814,72618,2665
5815,10180,1226
5816,6686,1272
5817,42977,2587
5818,83528,1812
5819,11438,4500
5820,64895,1966
5821,15854,1414
5822,74652,1558
5823,64339,2267
5824,76847,1371
5825,91234,1889
5826,98374,3552
5827,52480,1309
5828,17724,3561
5829,24493,1566
5830,77270,1841
5831,2607,1293
5832,25358,3117
5833,97514,2497
5834,95543,1403
5835,64196,1344
5836,49448,1618
5837,31048,3381
5838,77312,2843
5839,7142,1462
5840,34021,1922
5841,77264,8186
5842,46210,1531
5843,91755,1820
5844,90475,2110
5845,8207,2848
5846,64477,3326
5847,82436,1682
5848,26810,2752
5849,27434,2426
5850,74560,2262
5851,85169,1855
5852,99273,2887
5853,86504,3573
5854,77501,2107
5855,21556,2035
5856,77911,4374
5857,12221,2021
5858,43443,6556
5859,91870,3086
5860,77331,1337
5861,53079,1745
5862,61016,4527
5863,25582,4135
5864,66891,1966
5865,73729,5183
5866,29564,1504
5867,21729,2990
5868,60520,1567
5869,62373,2039
5870,55765,2378
5871,21846,1701
5872,68315,1497
5873,25225,1605
5874,47027,1824
5875,63406,1585
5876,45518,2364
5877,73814,3694
5878,88330,1428
5879,5903,3091
5880,3787,7508
5881,94529,2127
5882,94055,1919
5883,59888,1279
5884,70020,2569
5885,76411,1779
5886,51201,1328
5887,96963,1260
5888,63872,6331
5889,62164,2734
5890,9953,1871
5891,42825,1498
5892,7227,3102
5893,94354,1674
5894,62190,2899
5895,15726,1340
5896,13532,1312
5897,41486,6388
5898,31165,2003
5899,49014,3973
5900,88582,2515
5901,42643,1391
5902,59236,11496
5903,66998,5198
5904,76640,1313
5905,39283,1685
5906,63998,1780
5907,93189,1775
5908,97850,1986
5909,12562,1365
5910,74742,2131
5911,35716,3460
5912,34865,2527
5913,68259,2377
5914,35861,2795
5915,80095,2210
5916,78135,2464
5917,83468,1877
5918,85382,1759
5919,18399,1615
5920,4893,2187
5921,6981,3845
5922,91179,1743
5923,53836,1243
5924,13718,1301
5925,71001,4130
5926,30774,2134
5927,90585,2317
5928,44975,1316
5929,58768,1608
5930,48515,1624
5931,66319,1401
5932,44264,3262
5933,90104,3237
5934,85554,1725
5935,22314,2283
5936,91665,2555
5937,51443,3033
5938,10458,2062
5939,71095,1258
5940,44631,1320
5941,50169,2190
5942,81322,2176
5943,63004,1285
5944,31626,2356
5945,21528,1451
5946,85106,3121
5947,91823,1338
5948,47897,1725
5949,47270,1538
5950,49749,1837
5951,45861,1990
5952,67083,1729
5953,72431,1852
5954,70805,1343
5955,33701,2503
5956,41131,2173
5957,35338,2138
5958,38360,2170
5959,57235,5201
5960,62183,2421
5961,30988,1773
5962,69693,2092
5963,21240,2334
5964,55063,2561
5965,8456,1214
5966,22500,2534
5967,91741,1976
5968,7070,2147
5969,37959,1691
5970,97426,1352
5971,89961,1802
5972,27848,2060
5973,80977,3059
5974,94945,2233
5975,61595,2451
5976,50207,2016
5977,76535,1610
5978,87023,2480
5979,78545,2128
5980,11375,3841
5981,66523,2722
5982,78031,3206
5983,1153,1247
5984,13734,1477
5985,28406,1441
5986,39838,2945
5987,88589,2018
5988,45638,3604
5989,71651,1296
5990,80229,1612
5991,6024,1737
5992,38266,1430
5993,34166,1819
5994,83353,2500
5995,7435,2167
5996,54453,3080
5997,65389,2062
5998,21401,3040
5999,32916,1530
6000,311,1407
6001,76379,1377
6002,51944,3279
6003,65034,1861
6004,45962,1859
6005,42546,2090
6006,61331,5513
6007,29485,1553
6008,69547,3000
6009,66428,1444
6010,22703,1618
6011,16215,1200
6012,79011,1586
6013,56458,2779
6014,93510,1324
6015,63368,2243
6016,77745,1569
6017,9810,1315
6018,21876,2109
6019,18623,5109
6020,41957,1692
6021,34850,1535
6022,28298,3026
6023,80853,1485
6024,61474,2768
6025,87049,1967
6026,75572,1371
6027,25463,2312
6028,33742,2736
6029,36135,1481
6030,80026,1265
6031,17802,4262
6032,58219,2823
6033,26984,1976
6034,73263,1737
6035,21187,1424
6036,94988,1340
6037,88568,2141
6038,2475,1906
6039,19744,1399
6040,89575,1462
6041,52316,2364
6042,5770,1983
6043,58867,3848
6044,21457,1554
6045,76468,1269
6046,40596,2225
6047,66999,3254
6048,62479,3531
6049,84087,3912
6050,68175,1675
6051,57822,1436
6052,44627,1946
6053,14407,2468
6054,61559,4777
6055,58801,2071
6056,16743,1479
6057,17887,2801
6058,33145,1733
6059,73343,1203
6060,48087,1417
6061,53558,1662
6062,53086,1499
6063,32007,3434
6064,24329,1211
6065,94069,2393
6066,9016,1368
6067,55498,1633
6068,82873,1886
6069,13190,1513
6070,65660,1312
6071,61408,1641
6072,42951,1728
6073,88075,1544
6074,14421,1412
6075,18881,1607
6076,97004,3226
6077,45737,2749
6078,51722,1472
6079,93322,2663
6080,26065,1831
6081,1304,2718
6082,82322,1691
6083,50053,1967
6084,10113,2746
6085,1174,1670
6086,28799,2183
6087,26053,1708
6088,60683,2093
6089,42157,3418
6090,69366,1357
6091,37300,1337
6092,48660,1824
6093,7292,1937
6094,44352,2691
6095,55994,3734
6096,46591,2122
6097,16428,1237
6098,94816,2632
6099,81787,2514
6100,24060,3520
6101,79915,1325
6102,7317,2206
6103,30881,1281
6104,68215,1674
6105,78919,2362
6106,37826,1957
6107,88584,1368
6108,73431,3516
6109,22847,1273
6110,26308,3569
6111,93821,1508
6112,19326,1234
6113,23368,2592
6114,89514,2125
6115,94176,1973
6116,33359,2314
6117,41743,4002
6118,62371,1733
6119,49568,1841
6120,40903,2045
6121,35210,2029
6122,46070,3483
6123,4215,1353
6124,11124,1681
6125,65123,1649
6126,61031,1936
6127,88656,9965
6128,30083,2690
6129,95033,1394
6130,44131,1873
6131,6758,2649
6132,18338,2316
6133,1640,1452
6134,60368,1415
6135,16032,1614
6136,60883,2977
6137,53989,2108
6138,85271,1472
6139,35140,2925
6140,49458,1244
6141,80988,1657
6142,14150,2325
6143,62371,1531
6144,7446,1349
6145,6012,4138
6146,22805,1403
6147,33214,1540
6148,89008,2198
6149,50587,2235
6150,69065,4391
6151,31099,1352
6152,87910,2105
6153,8379,1524
6154,86315,1492
6155,72145,1249
6156,51529,1637
6157,82822,1688
6158,7840,1242
6159,96028,1916
6160,23980,2152
6161,27939,1966
6162,63858,1437
6163,18574,1733
6164,34315,2194
6165,81931,1553
6166,30382,1503
6167,16630,1447
6168,36723,4463
6169,23299,1452
6170,30867,1276
6171,51785,1569
6172,21791,1313
6173,19778,2693
6174,65974,2195
6175,88009,2827
6176,1922,4330
6177,64477,2182
6178,64730,1987
6179,12930,1765
6180,97469,1589
6181,72619,1211
6182,41551,1596
6183,83497,4874
6184,42536,1737
6185,29905,1618
6186,50945,1276
6187,85340,2328
6188,76195,2523
6189,82331,1267
6190,69326,1263
6191,68010,1282
6192,509,3704
6193,55113,2490
6194,26936,2183
6195,44513,1356
6196,25300,1570
6197,87679,4399
6198,72414,3016
6199,17135,2316
6200,52285,2267
6201,52648,1887
6202,14945,2315
6203,46859,1247
6204,49797,1987
6205,53548,1713
6206,18670,1269
6207,54525,1491
6208,30918,1609
6209,58064,1651
6210,69418,1528
6211,43721,3344
6212,12515,1907
6213,71111,1461
6214,67549,1970
6215,28738,1793
6216,45578,1959
6217,27222,2084
6218,18433,1734
6219,24186,1651
6220,32628,1716
6221,8003,1584
6222,14787,2501
6223,10168,1313
6224,46593,1338
6225,32082,2046
6226,73093,2288
6227,9545,2036
6228,4769,1337
6229,39048,1901
6230,3708,2964
6231,89990,1769
6232,94208,1964
6233,13961,1444
6234,68318,1426
6235,82237,1259
6236,5364,4184
6237,31712,1696
6238,54307,1616
6239,73031,1284
6240,80789,3097
6241,26552,1950
6242,23866,1233
6243,33493,1449
6244,94431,2440
6245,71536,2052
6246,54993,2325
6247,95616,1368
6248,25009,1265
6249,40229,2648
6250,62961,3938
6251,95446,3984
6252,80225,1306
6253,40692,2802
6254,29491,5256
6255,44110,2994
6256,57070,1823
6257,50088,1428
6258,39845,2124
6259,58484,2228
6260,84974,2043
6261,56168,1967
6262,35,2002
6263,63235,1502
6264,31706,2624
6265,54795,1656
6266,42246,1336
6267,58270,1898
6268,14928,1784
6269,65844,2579
6270,75014,2212
6271,61860,1558
6272,80053,1631
6273,49107,2471
6274,93981,2218
6275,61415,1771
6276,29052,1749
6277,15198,1337
6278,71623,1507
6279,27804,2083
6280,81138,1718
6281,90241,2400
6282,23738,3156
6283,5168,1320
6284,48851,1294
6285,80383,1942
6286,5410,2549
6287,10442,2676
6288,68833,1546
6289,42952,1758
6290,45165,1223
6291,85048,1205
6292,28424,1873
6293,73801,2480
6294,69396,2056
6295,81305,2417
6296,2049,1580
6297,39186,4765
6298,97436,1931
6299,32349,1393
6300,97457,2673
6301,22530,2848
6302,3202,1213
6303,57615,2453
6304,88429,2668
6305,47110,1519
6306,59509,1239
6307,69811,2161
6308,18823,2509
6309,24893,1754
6310,1524,2619
6311,58789,1750
6312,95145,1291
6313,22479,1375
6314,39267,1828
6315,99341,2220
6316,46743,1274
6317,17632,2402
6318,92940,1862
6319,89652,3434
6320,64239,2445
6321,12223,4220
6322,83308,2725
6323,66929,2606
6324,70574,1696
6325,56468,4150
6326,43358,1275
6327,12818,2391
6328,78834,1864
6329,26258,2452
6330,1075,1742
6331,94306,3054
6332,13403,1472
6333,86047,3741
6334,48584,1240
6335,27823,3273
6336,99595,1332
6337,78143,2265
6338,21757,2935
6339,72176,1852
6340,22674,1311
6341,68270,2081
6342,41394,2675
6343,1556,2163
6344,97970,1342
6345,17188,2478
6346,60814,1466
6347,27329,2434
6348,65995,1641
6349,73553,3670
6350,97137,1502
6351,83519,2297
6352,89190,1333
6353,97658,1494
6354,70788,1823
6355,4858,1291
6356,70335,1617
6357,75209,2269
6358,7767,1533
6359,93961,1294
6360,90379,3827
6361,32340,1844
6362,23869,1704
6363,67184,2645
6364,2783,1405
6365,67767,1632
6366,16266,5363
6367,98958,2060
6368,19264,4315
6369,77449,1886
6370,15997,3882
6371,36024,2443
6372,344,1503
6373,69660,2737
6374,19296,2311
6375,27641,3299
6376,73577,2536
6377,62715,3477
6378,29556,3302
6379,56637,3276
6380,63772,2500
6381,91417,3524
6382,88931,1750
6383,77151,2564
6384,50406,1268
6385,82613,2781
6386,26962,1254
6387,15977,1507
6388,3007,3514
6389,42467,1218
6390,42264,1654
6391,72079,1412
6392,18649,1869
6393,26672,1648
6394,18672,1617
6395,92303,2569
6396,10545,1698
6397,4089,1868
6398,2423,1884
6399,34069,1349
6400,36455,1506
6401,40948,1964
6402,80281,4586
6403,58086,1530
6404,20465,2698
6405,44276,1263
6406,74216,2094
6407,53565,2551
6408,8351,3241
6409,45488,1932
6410,72238,1822
6411,53983,2330
6412,10138,1347
6413,16445,3418
6414,94741,1760
6415,82072,2899
6416,84523,1552
6417,38129,3206
6418,83496,1617
6419,29785,1755
6420,72189,2004
6421,56893,1445
6422,41396,1643
6423,9957,2095
6424,37395,1870
6425,23934,1843
6426,41113,1365
6427,77718,2168
6428,35744,1535
6429,41031,2026
6430,2659,3207
6431,5905,2061
6432,47589,1849
6433,68532,2608
6434,53255,2007
6435,46780,1649
6436,28446,3438
6437,49720,1285
6438,26920,1571
6439,65633,1594
6440,97677,2605
6441,20740,1216
6442,3341,2678
6443,81581,3015
6444,68449,1548
6445,43775,2569
6446,47071,2144
6447,36525,1694
6448,68471,1440
6449,74143,1407
6450,16716,2437
6451,42766,2673
6452,47761,1415
6453,84611,2212
6454,16437,1419
6455,46883,3829
6456,49946,2653
6457,55904,1333
6458,63105,1773
6459,4659,2483
6460,99218,1289
6461,57046,1507
6462,70257,2311
6463,9841,3001
6464,12319,2251
6465,846,2534
6466,44828,2561
6467,38464,2040
6468,13195,1265
6469,87455,1424
6470,64667,5376
6471,70842,1691
6472,71248,1717
6473,19812,1633
6474,46181,1828
6475,39197,2478
6476,95587,1734
6477,12797,1498
6478,1839,1610
6479,94789,2481
6480,48604,2137
6481,49538,2112
6482,87803,2571
6483,60234,2655
6484,17493,2612
6485,24434,1797
6486,17296,1435
6487,5352,1576
6488,56812,1669
6489,83397,1817
6490,73874,2052
6491,94627,2543
6492,84304,3121
6493,51933,1564
6494,367,2105
6495,14069,2126
6496,47421,2393
6497,16777,1518
6498,83041,3630
6499,8145,8435
6500,7466,2145
6501,99059,2602
6502,36918,1413
6503,90062,1378
6504,53052,3070
6505,63801,3410
6506,3143,3182
6507,84797,1599
6508,91185,6205
6509,29463,1904
6510,38990,2346
6511,48869,1842
6512,82886,2223
6513,19661,3134
6514,58871,1854
6515,66708,3132
6516,10900,1349
6517,13187,1708
6518,8736,2637
6519,83029,1434
6520,16985,1799
6521,60441,1221
6522,84747,4787
6523,86733,2180
6524,63895,1772
6525,28330,2499
6526,7442,2485
6527,41229,2300
6528,8116,1522
6529,34968,1819
6530,11522,1670
6531,81034,1967
6532,88927,2268
6533,54022,2810
6534,34467,1945
6535,57410,2912
6536,53656,1892
6537,52306,2714
6538,58785,5591
6539,84744,1892
6540,69140,1906
6541,2428,3540
6542,89937,2019
6543,1508,1460
6544,55527,2479
6545,64218,3082
6546,39043,1547
6547,11585,1278
6548,88473,2229
6549,49393,2643
6550,6387,1839
6551,10107,2609
6552,79500,1986
6553,27979,1599
6554,54543,4117
6555,7295,2244
6556,27027,1932
6557,1322,1911
6558,41488,2410
6559,77176,2779
6560,82137,3271
6561,68024,2361
6562,17130,2234
6563,99460,2548
6564,54613,1225
6565,76941,2054
6566,6556,3449
6567,41914,1848
6568,90157,2313
6569,22885,2485
6570,66253,1330
6571,27706,2126
6572,29532,1553
6573,45295,1422
6574,13056,3147
6575,28110,1375
6576,36361,1743
6577,26881,1291
6578,52971,3019
6579,80628,2102
6580,80271,3354
6581,16452,1649
6582,29502,1237
6583,66070,1681
6584,12924,2071
6585,7146,1819
6586,22165,3158
6587,31935,2757
6588,63085,2013
6589,83040,1994
6590,74449,1417
6591,24894,1997
6592,67294,1202
6593,25649,1545
6594,93255,1674
6595,38057,1935
6596,9072,1316
6597,69427,2670
6598,22603,3202
6599,1831,2730
6600,37147,1400
6601,9608,2061
6602,49968,1590
6603,11825,1938
6604,27166,5177
6605,1482,1512
6606,45854,3555
6607,85326,2513
6608,59162,2314
6609,16585,1396
6610,53377,1975
6611,18124,3021
6612,67633,1913
6613,46676,2730
6614,36203,3179
6615,3668,2549
6616,62769,2299
6617,43931,1900
6618,6287,1593
6619,11051,1886
6620,15567,2431
6621,23599,2085
6622,75965,1313
6623,30763,2185
6624,67314,1723
6625,98197,3040
6626,45369,3293
6627,43269,4949
6628,98247,2491
6629,34831,1740
6630,71544,2359
6631,87508,2979
6632,62067,1994
6633,55835,6079
6634,16072,3256
6635,30790,2768
6636,16024,2851
6637,85675,2602
6638,46983,2219
6639,96386,1882
6640,327,1408
6641,20925,2182
6642,69792,1545
6643,1973,1998
6644,69331,2395
6645,47387,1995
6646,28842,2019
6647,61135,1776
6648,99895,1469
6649,45780,1962
6650,18171,2928
6651,96445,2100
6652,48183,1864
6653,92979,3059
6654,42564,1351
6655,97652,2094
6656,59512,1509
6657,78544,1937
6658,89282,1432
6659,80016,1382
6660,85821,1721
6661,19892,4390
6662,21930,1554
6663,56343,2052
6664,80032,2731
6665,66937,2223
6666,41933,1225
6667,45930,1825
6668,34688,1740
6669,90522,2130
6670,42385,2159
6671,86880,4991
6672,96591,1296
6673,36454,1480
6674,34559,1322
6675,54479,1607
6676,10328,2824
6677,20990,2502
6678,66271,1424
6679,23818,1930
6680,70275,2062
6681,91446,3064
6682,529,2305
6683,32704,2218
6684,2426,1269
6685,53180,1643
6686,58943,2557
6687,49287,2609
6688,19024,2249
6689,96120,3075
6690,8873,1644
6691,33133,1327
6692,92369,7072
6693,38993,1274
6694,24845,1391
6695,65297,1314
6696,34495,2920
6697,43636,3234
6698,93439,1352
6699,79715,2856
6700,5576,1898
6701,52575,3195
6702,463,1890
6703,60728,2178
6704,63413,1964
6705,33454,2046
6706,99717,2081
6707,43097,1682
6708,76425,2147
6709,44274,1478
6710,54330,2053
6711,90083,1731
6712,98565,1738
6713,48349,2670
6714,65850,1941
6715,9911,2240
6716,44569,2035
6717,21772,1553
6718,46433,2827
6719,31388,2598
6720,50624,2343
6721,23814,1435
6722,48236,2410
6723,85677,2695
6724,30538,2633
6725,89614,2219
6726,18897,2423
6727,70964,1327
6728,67269,2646
6729,74226,1360
6730,82932,2332
6731,65576,1713
6732,4207,1903
6733,65900,1417
6734,33863,1718
6735,38290,1222
6736,23346,1530
6737,33330,3000
6738,56097,2821
6739,62618,2114
6740,50025,4279
6741,70286,3210
6742,57111,1776
6743,95791,3398
6744,49197,1808
6745,39931,3903
6746,98981,2737
6747,21215,1866
6748,86629,2160
6749,50855,1301
6750,51955,1621
6751,74326,1608
6752,89593,1317
6753,46635,1822
6754,58086,2818
6755,14214,2693
6756,95473,2041
6757,43965,2226
6758,91946,1376
6759,65477,1357
6760,58742,2042
6761,90413,2838
6762,91984,4205
6763,87560,1448
6764,10313,1680
6765,27839,2485
6766,77203,3562
6767,7850,2646
6768,58994,1717
6769,52690,1278
6770,87934,2602
6771,31772,1858
6772,2321,2290
6773,41998,2030
6774,8594,1688
6775,60606,1674
6776,24024,2614
6777,41070,1730
6778,80327,1314
6779,8646,4122
6780,71592,1365
6781,72122,2301
6782,93486,2859
6783,30048,1341
6784,86730,1987
6785,76447,1350
6786,84353,1235
6787,8187,2344
6788,86411,2343
6789,24570,1377
6790,56306,2097
6791,99463,1569
6792,45813,3350
6793,90459,1766
6794,10760,2811
6795,12013,1306
6796,58418,2583
6797,73289,1992
6798,37741,1559
6799,19945,1582
6800,2602,2312
6801,19627,1725
6802,81029,2900
6803,97176,1962
6804,77034,1892
6805,4117,2823
6806,32586,2229
6807,18081,2681
6808,5546,2483
6809,61346,1851
6810,6742,1928
6811,298,3424
6812,94346,2220
6813,79397,1738
6814,69265,1516
6815,1918,2021
6816,78072,1579
6817,88737,1248
6818,96466,1548
6819,19182,2109
6820,21781,3554
6821,56726,1347
6822,49569,2437
6823,14428,1879
6824,88313,2146
6825,11797,1229
6826,54901,2118
6827,93238,3068
6828,79723,2708
6829,12659,1729
6830,95399,3576
6831,4990,4455
6832,63311,2052
6833,97939,2011
6834,34053,2656
6835,2678,4062
6836,26830,2128
6837,13674,2044
6838,26638,1879
6839,56187,2583
6840,99734,2895
6841,55101,1859
6842,30298,2865
6843,69223,3344
6844,21905,3091
6845,63855,2314
6846,40890,1469
6847,4529,1882
6848,2576,1677
6849,66092,2365
6850,10476,2743
6851,12763,1343
6852,78793,1816
6853,72108,1938
6854,53529,2361
6855,96341,1625
6856,400,4399
6857,20886,3154
6858,13829,3774
6859,83517,3713
6860,43841,1549
6861,42027,3458
6862,14740,1703
6863,27331,1812
6864,59050,1998
6865,78098,1329
6866,33892,1767
6867,27269,2358
6868,4647,1938
6869,92747,2307
6870,55120,2572
6871,925,2557
6872,74615,2837
6873,64778,2780
6874,50551,2086
6875,64,1950
6876,12426,2867
6877,26607,1464
6878,37730,2427
6879,10061,1747
6880,29609,2231
6881,88100,1547
6882,63486,1473
6883,38004,3192
6884,32310,3527
6885,8507,2556
6886,2297,1694
6887,24614,2017
6888,23058,1914
6889,63826,3300
6890,64183,1892
6891,78533,2428
6892,10185,1263
6893,86900,1795
6894,90230,1488
6895,69805,1244
6896,72885,4301
6897,29612,3050
6898,50307,1497
6899,3603,1841
6900,17203,2300
6901,37822,2198
6902,46374,2318
6903,97741,2170
6904,7585,2986
6905,76991,2552
6906,33666,3839
6907,4814,1486
6908,34543,2274
6909,63408,2075
6910,1684,2324
6911,38206,1697
6912,6155,4931
6913,8011,2588
6914,48456,2314
6915,52600,1325
6916,89877,4089
6917,60533,1347
6918,133,1934
6919,90085,1385
6920,8773,2598
6921,14155,1542
6922,357,1285
6923,98342,2541
6924,25995,2130
6925,73454,4205
6926,31582,2680
6927,15411,2017
6928,59388,1293
6929,71290,1680
6930,35929,3421
6931,88361,2363
6932,7531,1268
6933,51421,1558
6934,96085,1780
6935,26431,1748
6936,53204,1616
6937,30487,1676
6938,21383,1346
6939,61690,1942
6940,90105,1916
6941,79915,1822
6942,6572,5542
6943,22674,1294
6944,25162,2745
6945,56443,3344
6946,1497,2658
6947,48342,3079
6948,89121,1243
6949,35257,2007
6950,73187,2099
6951,78760,1219
6952,52970,1467
6953,20030,1487
6954,31185,2358
6955,95055,1288
6956,29761,1837
6957,84039,1743
6958,23873,1931
6959,42888,1627
6960,88941,2707
6961,28740,2764
6962,6174,1503
6963,25768,2559
6964,82204,2393
6965,75543,7403
6966,34514,4238
6967,67627,1648
6968,30634,1380
6969,71626,1325
6970,17799,1229
6971,96431,1632
6972,82744,2074
6973,50662,3042
6974,77631,1558
6975,58730,2733
6976,32077,1699
6977,47736,2596
6978,50653,1727
6979,50734,1919
6980,73709,3307
6981,73178,1259
6982,55938,1484
6983,36201,2019
6984,20603,2013
6985,16020,1483
6986,41728,2709
6987,7041,1245
6988,67555,3659
6989,24769,3132
6990,98711,2113
6991,6008,1531
6992,68540,1594
6993,81931,1624
6994,95687,2071
6995,66394,1270
6996,91775,1775
6997,71464,1800
6998,90422,6383
6999,13220,2282
7000,3786,2786
7001,82184,4824
7002,48807,1899
7003,54042,2995
7004,29168,1454
7005,3561,1846
7006,12210,5226
7007,42726,1359
7008,65609,3295
7009,87394,2568
7010,9776,3219
7011,31329,1538
7012,54481,2646
7013,98707,3091
7014,16003,3167
7015,44913,3104
7016,10897,2019
7017,8242,3054
7018,52132,3219
7019,38060,1693
7020,98827,2583
7021,12802,1622
7022,2409,1543
7023,50598,1545
7024,95129,2362
7025,6633,1619
7026,64276,1517
7027,33612,1281
7028,24243,1266
7029,48460,2409
7030,20147,3663
7031,5034,3157
7032,10688,5280
7033,43784,1510
7034,41631,1218
7035,69367,3242
7036,99091,1234
7037,10177,2912
7038,47499,1461
7039,83885,1619
7040,38945,2911
7041,16948,3238
7042,18159,5047
7043,48281,1254
7044,90954,2670
7045,77310,4485
7046,62241,1806
7047,26120,2292
7048,57301,1348
7049,67834,3480
7050,13940,2010
7051,27581,1417
7052,68340,2514
7053,83868,1929
7054,57221,3957
7055,68099,2234
7056,56198,3675
7057,23462,1424
7058,27661,1241
7059,33132,1258
7060,79751,2280
7061,48042,2732
7062,42378,1218
7063,64882,4175
7064,17686,1841
7065,75424,1465
7066,42796,1761
7067,57212,1284
7068,23083,1499
7069,85850,3888
7070,95963,1762
7071,4562,3673
7072,65511,1326
7073,10312,1433
7074,24870,2878
7075,30746,4615
7076,43532,3313
7077,46683,1674
7078,81176,1224
7079,18429,3028
7080,15404,1928
7081,96349,2016
7082,29558,1687
7083,37170,3255
7084,97706,4820
7085,9372,1587
7086,22289,2409
7087,79337,3064
7088,56137,1755
7089,67819,2316
7090,44692,2031
7091,78760,1224
7092,5382,1553
7093,55223,2970
7094,85938,2294
7095,31583,1868
7096,7073,1420
7097,88244,1533
7098,63704,1363
7099,35867,1512
7100,50064,2122
7101,21137,2799
7102,15573,1623
7103,3883,2750
7104,3845,1697
7105,25236,1412
7106,61897,1521
7107,55916,3129
7108,94569,1701
7109,18213,1742
7110,51809,2040
7111,96776,3960
7112,74530,2013
7113,79858,2114
7114,11962,3038
7115,27958,2801
7116,18645,1534
7117,86767,6438
7118,38158,2367
7119,6385,2015
7120,15683,3271
7121,49730,1467
7122,46751,3882
7123,6770,1704
7124,69033,1276
7125,94450,2917
7126,82265,1744
7127,88739,2290
7128,14827,3624
7129,15201,1901
7130,82464,2057
7131,91435,2288
7132,90682,3213
7133,72139,1531
7134,51377,1490
7135,89730,1794
7136,27044,3354
7137,6947,1348
7138,52780,2606
7139,6749,3345
7140,90913,1217
7141,13246,3817
7142,65757,1330
7143,92284,2664
7144,49265,2157
7145,27398,3661
7146,83170,3910
7147,38368,1271
7148,14495,3825
7149,91160,3781
7150,32601,1871
7151,45464,2015
7152,47951,1999
7153,605,3041
7154,64979,2984
7155,87215,1261
7156,51463,1995
7157,14619,1470
7158,18041,1833
7159,87437,2046
7160,15379,2747
7161,84783,2916
7162,90112,1310
7163,43931,1714
7164,89606,1706
7165,74269,2058
7166,11477,2145
7167,28783,2804
7168,19490,2469
7169,93922,1594
7170,34462,1999
7171,4838,2453
7172,64038,2031
7173,9156,3767
7174,85709,2460
7175,83126,2129
7176,25898,2186
7177,58383,1575
7178,84263,1440
7179,58283,2782
7180,93308,2524
7181,92880,3101
7182,15991,2629
7183,63383,1229
7184,44145,1572
7185,1279,1638
7186,86114,1227
7187,89127,2214
7188,40979,1837
7189,54451,1786
7190,78608,1891
7191,29045,1418
7192,31796,1264
7193,79386,1463
7194,24512,2015
7195,73597,2657
7196,31619,1500
7197,21133,1634
7198,47110,2103
7199,6925,2464
7200,11127,2148
7201,30780,2703
7202,78794,2756
7203,34285,3035
7204,96600,1952
7205,10545,1210
7206,58407,1292
7207,59309,3708
7208,1097,1321
7209,40464,1908
7210,42519,1231
7211,15762,4561
7212,50878,1292
7213,64633,1883
7214,74892,1378
7215,35127,3376
7216,10780,1639
7217,2967,1475
7218,42067,2536
7219,77098,1407
7220,7615,1780
7221,47903,1475
7222,49722,2536
7223,45056,2135
7224,3758,1518
7225,59319,2462
7226,58028,2694
7227,57355,1460
7228,19516,2023
7229,35403,1609
7230,49964,2935
7231,70218,2730
7232,68902,2234
7233,18500,1930
7234,82575,1400
7235,67476,3274
7236,71811,1332
7237,42220,3655
7238,53179,2564
7239,30432,2722
7240,99756,1216
7241,97723,2378
7242,10537,2504
7243,79407,2527
7244,11609,3010
7245,71454,1352
7246,32700,2266
7247,35221,1301
7248,83947,2398
7249,12835,1482
7250,94612,2301
7251,97460,1861
7252,62366,2834
7253,6153,1740
7254,87873,2495
7255,67546,3519
7256,79833,2333
7257,28682,2971
7258,17287,3631
7259,23492,2293
7260,74565,1973
7261,2437,1368
7262,99554,2076
7263,69154,3134
7264,34256,2742
7265,85537,1895
7266,85009,1992
7267,16824,1404
7268,85435,1294
7269,72716,2975
7270,58757,3036
7271,49077,1314
7272,64659,2516
7273,32280,1315
7274,42458,1944
7275,26081,3091
7276,41075,4512
7277,26732,1615
7278,77550,1442
7279,80017,1416
7280,47162,1424
7281,75228,1845
7282,92025,2032
7283,40369,1538
7284,34637,2682
7285,22646,1605
7286,16007,1250
7287,98644,1770
7288,2375,3313
7289,70507,2351
7290,63001,3416
7291,14441,1954
7292,91955,1619
7293,27674,1479
7294,61756,3235
7295,79026,1224
7296,84667,1877
7297,8589,1284
7298,97820,3704
7299,49889,2532
7300,3153,2749
7301,99806,1249
7302,34942,2407
7303,25842,1303
7304,57866,1894
7305,21621,1532
7306,58717,2543
7307,88718,1478
7308,14989,2873
7309,16804,1476
7310,62263,2231
7311,83161,3488
7312,41427,1430
7313,90667,1341
7314,39256,1366
7315,52120,1328
7316,99549,1640
7317,19462,1753
7318,71240,2561
7319,45266,2970
7320,38627,2230
7321,91148,2035
7322,96838,1381
7323,16352,1699
7324,23745,2044
7325,29688,3971
7326,13192,2951
7327,2651,2011
7328,68165,2045
7329,26256,1520
7330,68187,1724
7331,94281,3487
7332,97402,2402
7333,81962,2689
7334,99605,2654
7335,23570,1696
7336,83552,2886
7337,37762,1968
7338,21063,2212
7339,68969,1815
7340,67776,2651
7341,66989,2719
7342,5750,1798
7343,24488,5671
7344,89380,2444
7345,5978,1395
7346,10148,1584
7347,18724,1721
7348,5885,1231
7349,83780,2993
7350,8440,1664
7351,66887,1837
7352,16296,2070
7353,73828,2145
7354,70661,2414
7355,8625,1366
7356,41489,2291
7357,16585,3550
7358,88499,3805
7359,80376,2592
7360,60465,1790
7361,70146,8416
7362,34957,2756
7363,46735,2442
7364,84597,2652
7365,70619,1991
7366,34755,4147
7367,56877,1506
7368,74050,3295
7369,13339,2161
7370,28571,2652
7371,1505,7929
7372,16664,2315
7373,28856,2222
7374,13682,2798
7375,42182,1451
7376,72203,2871
7377,53674,2997
7378,21663,3218
7379,63801,1813
7380,80910,5163
7381,53902,2820
7382,37300,2107
7383,78209,2487
7384,66975,1402
7385,12784,1580
7386,35101,2264
7387,41797,1929
7388,42233,3680
7389,21522,2210
7390,45987,2486
7391,65672,1835
7392,33447,2948
7393,35133,4088
7394,75391,2207
7395,54261,1917
7396,42819,1979
7397,64874,3546
7398,92996,3660
7399,67444,1501
7400,86370,1499
7401,14193,1827
7402,33772,1988
7403,79688,2863
7404,48376,1849
7405,71519,2738
7406,25863,1918
7407,81980,3479
7408,24605,2208
7409,90308,1590
7410,98957,1331
7411,46325,2372
7412,41323,2534
7413,57259,2588
7414,34851,2549
7415,89109,1247
7416,48307,1508
7417,97465,2043
7418,313,1770
7419,6086,4369
7420,49945,2345
7421,28718,1805
7422,55629,1788
7423,60251,1912
7424,61003,1629
7425,72544,2003
7426,33397,2594
7427,372,1441
7428,95341,2815
7429,62569,1804
7430,97236,1296
7431,20901,1969
7432,96013,2691
7433,39283,1809
7434,20418,1373
7435,99035,2160
7436,73000,5551
7437,86538,4121
7438,99357,1718
7439,98078,1659
7440,32592,2460
7441,32885,1216
7442,67198,1718
7443,31086,2092
7444,87396,1552
7445,74056,2345
7446,10426,7758
7447,33539,3218
7448,91685,2052
7449,64738,2148
7450,60452,1321
7451,36649,2899
7452,28254,3414
7453,65373,3463
7454,43331,1234
7455,59691,2090
7456,9575,2168
7457,66779,2154
7458,15629,1710
7459,52746,2946
7460,56298,2420
7461,16240,2571
7462,39632,3168
7463,56182,1499
7464,94402,2326
7465,44747,1204
7466,6143,1383
7467,27488,1911
7468,12176,4682
7469,10683,1355
7470,52216,1547
7471,28317,2057
7472,84136,3443
7473,35766,1505
7474,80363,1876
7475,97229,1480
7476,96570,2651
7477,97835,1655
7478,93216,1522
7479,41331,1852
7480,20714,3285
7481,88714,2270
7482,43147,2490
7483,53910,1680
7484,2657,1494
7485,76170,1214
7486,19722,1610
7487,3478,1299
7488,79091,1304
7489,1847,2036
7490,86864,2324
7491,71155,3084
7492,53281,2371
7493,19438,1228
7494,56625,1350
7495,71210,7117
7496,64532,1594
7497,63075,1581
7498,20452,2045
7499,14121,1561
7500,95908,1977
7501,30800,1552
7502,56104,1336
7503,79002,3458
7504,63658,2786
7505,23525,2194
7506,79995,2388
7507,14355,1458
7508,17359,1806
7509,22151,1470
7510,86074,1432
7511,31735,1703
7512,34469,1252
7513,86899,2119
7514,47599,1435
7515,67445,3497
7516,41300,2161
7517,49625,1350
7518,2351,1817
7519,52993,1367
7520,19857,1533
7521,83540,2068
7522,13368,1599
7523,754,1498
7524,38169,2760
7525,82619,1485
7526,77013,3867
7527,71271,3090
7528,47120,2146
7529,61792,1475
7530,56486,1545
7531,78614,2072
7532,5955,2820
7533,17767,2482
7534,32422,1746
7535,88114,2135
7536,82371,1860
7537,51416,1289
7538,72582,1844
7539,28868,1410
7540,37972,2643
7541,76161,1263
7542,94888,2773
7543,20039,1525
7544,29059,2531
7545,38662,1372
7546,6323,1910
7547,25829,2035
7548,88993,2487
7549,73694,1308
7550,2577,1619
7551,23320,2496
7552,16554,3776
7553,66472,1834
7554,26038,2506
7555,16716,1541
7556,15870,1294
7557,37382,1444
7558,29970,1245
7559,898,2385
7560,32485,3574
7561,47810,3513
7562,94804,1845
7563,95780,2167
7564,60093,2043
7565,99902,2087
7566,85902,2968
7567,98625,1398
7568,85792,1513
7569,39055,3256
7570,81949,1720
7571,13042,2276
7572,86420,1286
7573,30056,1781
7574,82498,2483
7575,60320,1275
7576,9977,1209
7577,32399,3100
7578,47425,2678
7579,25498,1376
7580,73066,7001
7581,29657,1446
7582,54233,1355
7583,28080,1821
7584,37652,1274
7585,3595,2450
7586,67043,2357
7587,31180,1580
7588,1234,3019
7589,72881,1846
7590,1282,2513
7591,33489,1926
7592,18458,1330
7593,72728,1865
7594,12351,2689
7595,44797,1822
7596,57904,1522
7597,95795,1999
7598,19147,2818
7599,88028,1875
7600,1001,2694
7601,96949,2094
7602,65222,1680
7603,85207,4028
7604,1952,1551
7605,39715,2127
7606,50702,2420
7607,7644,4615
7608,98144,3849
7609,14330,1205
7610,72403,2652
7611,81543,1588
7612,51814,1702
7613,42541,1259
7614,96042,1708
7615,23803,3369
7616,28195,1244
7617,38213,2545
7618,39480,1223
7619,10518,1602
7620,19050,1517
7621,68600,2225
7622,65678,1838
7623,39916,1359
7624,21871,2655
7625,28617,1489
7626,63338,1265
7627,99710,1652
7628,2622,3245
7629,62448,1932
7630,43566,3105
7631,54181,2499
7632,54912,2755
7633,83530,2095
7634,26394,2264
7635,55637,1638
7636,82343,1490
7637,43035,2074
7638,57295,2268
7639,23827,1921
7640,44319,1840
7641,40780,2111
7642,97125,3891
7643,27142,2454
7644,25797,2516
7645,76346,1323
7646,99208,2267
7647,97661,1424
7648,62044,1580
7649,73450,1207
7650,4838,1601
7651,2838,1740
7652,16777,1666
7653,10058,2610
7654,57126,1959
7655,88522,1508
7656,46783,3301
7657,97117,3471
7658,89542,1482
7659,43217,2763
7660,85174,2749
7661,43606,1984
7662,90696,1493
7663,52748,1377
7664,32106,1396
7665,13111,1294
7666,15348,1397
7667,1160,4534
7668,98663,1584
7669,11176,1410
7670,73942,1645
7671,24438,1709
7672,44982,1416
7673,58334,2315
7674,54706,1361
7675,23848,2646
7676,97479,2071
7677,84170,1334
7678,72007,2227
7679,40133,2615
7680,78636,1221
7681,32510,3791
7682,85759,1423
7683,38835,2852
7684,49189,1717
7685,43912,3432
7686,98705,2411
7687,90370,3237
7688,69420,1788
7689,14564,1567
7690,95636,1720
7691,57429,1833
7692,29991,2546
7693,41983,2599
7694,62968,2600
7695,93220,2474
7696,9278,1731
7697,34261,1313
7698,78721,2125
7699,92567,3075
7700,49844,1299
7701,98567,1354
7702,44537,1206
7703,98404,1203
7704,21620,3053
7705,67433,7000
7706,38890,2672
7707,68937,1389
7708,25433,1215
7709,43414,1920
7710,75538,1560
7711,78610,1736
7712,58752,1331
7713,54719,1223
7714,90597,2343
7715,95905,3354
7716,70148,2319
7717,477,1341
7718,98772,3046
7719,38261,2347
7720,75986,3311
7721,61780,1514
7722,75804,1848
7723,2808,1522
7724,16589,1730
7725,85156,1948
7726,72360,1283
7727,53739,2029
7728,28093,2310
7729,47467,3780
7730,22847,4605
7731,4018,1451
7732,60141,1288
7733,99897,2213
7734,18972,2522
7735,75381,2386
7736,73289,1682
7737,44700,1865
7738,87448,2933
7739,8550,1248
7740,46223,3272
7741,67028,1317
7742,61283,2647
7743,12691,1653
7744,53427,2675
7745,12924,1746
7746,98436,1490
7747,26362,1320
7748,9684,1462
7749,81398,2119
7750,51495,1217
7751,65515,2915
7752,70419,3076
7753,83197,2514
7754,22971,3490
7755,42703,2870
7756,25590,2266
7757,30531,1534
7758,64194,1756
7759,76193,1547
7760,85859,2456
7761,98236,2296
7762,1740,2012
7763,62158,2629
7764,94992,2500
7765,39957,1269
7766,63633,2637
7767,76127,2106
7768,9155,3095
7769,51934,1315
7770,99403,1423
7771,11095,2334
7772,52835,1398
7773,65765,1460
7774,12026,3265
7775,44950,1926
7776,59762,1248
7777,89462,1553
7778,83286,2136
7779,93104,1435
7780,54474,2610
7781,91682,2111
7782,13317,1709
7783,21829,2049
7784,50659,2096
7785,91616,2753
7786,36177,2131
7787,83009,3179
7788,44512,2761
7789,50531,1480
7790,21544,1477
7791,47778,2590
7792,48380,1272
7793,27719,1939
7794,28008,3323
7795,71779,2076
7796,24597,2510
7797,76240,2614
7798,7680,1252
7799,13317,2783
7800,71436,1216
7801,69146,2866
7802,73996,2575
7803,48333,1344
7804,69547,1952
7805,70918,1240
7806,9243,2117
7807,54311,2054
7808,63634,4503
7809,3878,1848
7810,5130,1448
7811,10440,1357
7812,30525,1989
7813,16775,2468
7814,51733,1629
7815,38643,2219
7816,10207,2144
7817,75555,1482
7818,89764,1930
7819,53195,1560
7820,89328,2492
7821,41643,1314
7822,61932,2824
7823,56653,1583
7824,63551,1616
7825,32597,3799
7826,38201,1725
7827,97982,1712
7828,81935,1269
7829,14854,2662
7830,11110,2010
7831,97284,2232
7832,88284,2700
7833,56462,2242
7834,11386,2042
7835,87422,2459
7836,52067,1216
7837,44484,1387
7838,43276,3085
7839,44281,2290
7840,58740,1785
7841,42377,1664
7842,70473,1869
7843,41420,2183
7844,33934,1692
7845,74303,4383
7846,56195,2709
7847,60618,2045
7848,41568,2185
7849,72926,1371
7850,17411,1566
7851,50232,1484
7852,20590,3206
7853,60098,1238
7854,32704,2298
7855,98549,1836
7856,94737,2115
7857,4586,2532
7858,72332,1276
7859,60190,2529
7860,30946,1936
7861,23765,2327
7862,4314,2048
7863,79440,4258
7864,80029,2366
7865,99526,1554
7866,94444,1620
7867,80939,1782
7868,49829,2792
7869,89682,1612
7870,7500,3375
7871,7216,1819
7872,34424,2242
7873,14231,1498
7874,24763,1714
7875,7949,2470
7876,85053,2566
7877,46614,2651
7878,74957,3444
7879,19956,3140
7880,62826,2876
7881,10211,1629
7882,30205,1857
7883,23341,1285
7884,81466,3036
7885,12646,3161
7886,87259,1642
7887,79741,2199
7888,23860,3560
7889,27800,3567
7890,26247,1335
7891,36339,2501
7892,71959,1438
7893,55310,1397
7894,69207,1727
7895,65847,3093
7896,64283,1217
7897,73548,2001
7898,89047,2579
7899,77983,1528
7900,65583,1531
7901,82309,2393
7902,42239,2926
7903,90130,2135
7904,33907,2067
7905,25277,4283
7906,1760,1458
7907,31759,6178
7908,70095,2687
7909,60181,1359
7910,19080,5915
7911,22479,2751
7912,63217,2215
7913,71692,2068
7914,33994,1832
7915,63960,1892
7916,42035,2849
7917,25078,2477
7918,3187,2050
7919,20772,2270
7920,49575,1435
7921,85073,2276
7922,45327,2662
7923,52357,2103
7924,67096,1477
7925,47556,1568
7926,76765,1352
7927,87592,2617
7928,37151,2313
7929,24839,2611
7930,15110,1218
7931,29761,2471
7932,33738,4372
7933,756,1359
7934,22690,4087
7935,87973,1527
7936,19508,1358
7937,54711,2607
7938,9032,2517
7939,44328,2301
7940,60116,2671
7941,42793,1791
7942,51279,1420
7943,97986,2008
7944,24951,2917
7945,52356,2204
7946,91971,2046
7947,31435,2456
7948,98551,2268
7949,10756,1972
7950,62338,2608
7951,28389,2383
7952,83603,2465
7953,60546,2475
7954,26720,1248
7955,25525,1708
7956,48984,5778
7957,42425,3288
7958,37313,1288
7959,93843,1556
7960,32803,1326
7961,47243,3046
7962,18787,1510
7963,84814,1276
7964,51216,1474
7965,92380,1793
7966,67844,1875
7967,74345,3045
7968,27797,2425
7969,65775,1711
7970,61353,1521
7971,81591,1295
7972,24046,1571
7973,46474,2274
7974,92604,1674
7975,47105,3489
7976,22257,3266
7977,84948,5333
7978,25283,2254
7979,26671,2302
7980,1693,3191
7981,6851,1314
7982,40137,1702
7983,28672,1885
7984,7976,2118
7985,6941,1909
7986,92253,1969
7987,58867,2116
7988,45242,2036
7989,30168,1754
7990,93509,2720
7991,46805,1426
7992,64456,1509
7993,3692,1379
7994,76964,1486
7995,34142,1834
7996,55926,2011
7997,55941,1466
7998,55093,2606
7999,28884,1575
8000,77116,2176
8001,29804,1428
8002,79205,1610
8003,42134,2630
8004,88431,1396
8005,77440,1422
8006,76236,1547
8007,45083,2494
8008,27176,2999
8009,53547,3882
8010,72337,1895
8011,2391,1215
8012,40223,1271
8013,71412,3473
8014,267,2199
8015,81485,2458
8016,43960,3441
8017,6739,1484
8018,19655,2745
8019,19279,2966
8020,95741,1312
8021,37946,1368
8022,36807,1261
8023,62111,1677
8024,73870,1480
8025,45802,1379
8026,74224,1659
8027,69812,1991
8028,62496,4604
8029,6435,1749
8030,88447,1970
8031,46529,1462
8032,25947,1496
8033,92483,1530
8034,90789,1758
8035,59852,2184
8036,38476,1403
8037,68199,2252
8038,25163,1560
8039,60113,1571
8040,25122,2422
8041,3022,1674
8042,22542,4178
8043,60228,2216
8044,15049,3658
8045,50611,1360
8046,41453,3000
8047,46273,1768
8048,32132,1735
8049,97574,1447
8050,25302,1371
8051,68695,2106
8052,95021,1439
8053,55277,2351
8054,6347,1813
8055,92022,1792
8056,26883,2238
8057,35115,2776
8058,49964,3365
8059,72553,1533
8060,78292,2209
8061,73317,1801
8062,15938,2480
8063,78329,1377
8064,79182,4744
8065,37461,1508
8066,78336,2004
8067,36343,1310
8068,94347,3726
8069,55861,1536
8070,84533,2216
8071,67760,2226
8072,22847,11263
8073,68507,3164
8074,2290,2724
8075,73522,1551
8076,27740,1490
8077,5552,1961
8078,13999,1577
8079,20784,1825
8080,27544,2063
8081,97758,5053
8082,99765,1482
8083,40444,1446
8084,12016,3691
8085,80050,2644
8086,4646,1620
8087,32653,2714
8088,20204,1448
8089,1240,4647
8090,91130,1494
8091,13734,1250
8092,63314,3324
8093,71330,1255
8094,82447,2322
8095,7610,1373
8096,71604,1770
8097,67521,1743
8098,34542,1705
8099,64011,2082
8100,4136,2937
8101,62308,1502
8102,2974,2130
8103,29363,2233
8104,23131,1672
8105,40483,2236
8106,7772,4466
8107,85011,2079
8108,45406,1728
8109,69214,1773
8110,70911,2569
8111,70415,2459
8112,52549,1426
8113,13271,1391
8114,99817,2359
8115,83079,3049
8116,89777,2246
8117,53655,3424
8118,35088,2363
8119,58054,4371
8120,80048,5631
8121,6411,3148
8122,59396,1898
8123,13144,1327
8124,66275,1604
8125,42798,2496
8126,19135,1668
8127,97722,2252
8128,47167,2036
8129,86579,1995
8130,18078,3043
8131,86795,1808
8132,89117,1450
8133,39594,1764
8134,7158,1269
8135,375,1208
8136,79538,2525
8137,80054,1672
8138,79804,2186
8139,40876,1328
8140,73561,2810
8141,79368,1511
8142,58019,1764
8143,26571,1211
8144,10353,1490
8145,12860,1517
8146,78948,2044
8147,37272,1556
8148,91546,2321
8149,91781,2092
8150,75999,3813
8151,4582,1974
8152,11972,1585
8153,56022,2997
8154,38887,1786
8155,74295,1576
8156,96750,1557
8157,48670,3076
8158,61150,2543
8159,11577,1326
8160,41593,1500
8161,36517,1650
8162,16408,2267
8163,11697,2067
8164,79049,1389
8165,97466,3205
8166,22656,2215
8167,28570,1862
8168,19131,3356
8169,11554,3362
8170,31767,1431
8171,15441,2324
8172,58218,2270
8173,62714,2486
8174,34330,3552
8175,45860,1246
8176,14495,3374
8177,65936,3203
8178,8404,1593
8179,32567,2675
8180,87979,3261
8181,13094,1404
8182,65663,2909
8183,65572,1625
8184,45772,1440
8185,74923,2004
8186,29765,2113
8187,22669,3510
8188,18297,10262
8189,24633,2194
8190,64033,3281
8191,28324,1372
8192,87023,4886
8193,89547,1566
8194,92997,2191
8195,6943,1614
8196,82497,1681
8197,30104,1884
8198,38706,2967
8199,67010,1281
8200,49575,1245
8201,20903,4373
8202,74990,2533
8203,94660,2387
8204,65745,1271
8205,59169,1557
8206,43809,1681
8207,2334,2524
8208,30482,2232
8209,92734,3065
8210,16262,1400
8211,92851,1533
8212,77408,3433
8213,36341,2812
8214,35059,3883
8215,69264,1672
8216,47478,1232
8217,65947,4535
8218,845,2209
8219,4363,2003
8220,11120,1359
8221,62962,2681
8222,50745,2928
8223,24191,3210
8224,27247,1374
8225,53438,3121
8226,74635,1392
8227,54408,1584
8228,37574,2237
8229,99466,1608
8230,98980,1832
8231,80577,2111
8232,60057,1282
8233,65829,1413
8234,28298,2001
8235,2801,2102
8236,82898,1554
8237,77914,2416
8238,75086,2736
8239,90911,1634
8240,91091,2160
8241,53021,2021
8242,91782,1608
8243,61216,3090
8244,42298,2829
8245,87855,1773
8246,19541,1731
8247,33563,1300
8248,62860,3181
8249,27480,1324
8250,32945,2048
8251,10656,1295
8252,46334,1623
8253,53037,1817
8254,61990,3032
8255,7812,2049
8256,83593,1574
8257,90491,1472
8258,50785,1853
8259,36956,2731
8260,86423,2095
8261,18231,1219
8262,74583,2492
8263,87394,2456
8264,81444,1897
8265,16447,1654
8266,86573,2555
8267,46849,2793
8268,29433,3920
8269,62425,1560
8270,42387,2528
8271,81121,2658
8272,80113,1613
8273,48585,1548
8274,17393,1389
8275,43885,1286
8276,98710,1263
8277,57336,2511
8278,80901,2154
8279,25837,1272
8280,4245,1446
8281,11123,2154
8282,5194,1403
8283,21209,2203
8284,45206,2083
8285,37670,1538
8286,74174,2071
8287,63851,3117
8288,96371,1560
8289,83234,1318
8290,17787,1920
8291,23853,1690
8292,22829,1428
8293,47823,3206
8294,72232,2403
8295,13157,1635
8296,24113,3223
8297,90002,2517
8298,88706,2927
8299,51044,1969
8300,4518,1889
8301,91308,2774
8302,78878,3072
8303,66912,1977
8304,73750,1487
8305,784,2859
8306,22845,1519
8307,66198,1533
8308,1655,1263
8309,2056,1460
8310,22144,1610
8311,98167,2998
8312,3359,2025
8313,21610,2599
8314,2986,1286
8315,28664,2037
8316,88006,1987
8317,4596,1980
8318,82321,2009
8319,2193,1868
8320,87482,1722
8321,17037,2576
8322,50649,4589
8323,78831,4230
8324,52842,1925
8325,55246,2507
8326,26993,2527
8327,78163,1792
8328,90018,2740
8329,279,1755
8330,32903,4156
8331,26047,1426
8332,36952,3066
8333,43082,1885
8334,54774,1727
8335,41383,1524
8336,59337,1894
8337,77765,1902
8338,41596,1564
8339,9121,1486
8340,565,2614
8341,22701,1825
8342,28840,2926
8343,78291,2746
8344,52209,1564
8345,88339,2601
8346,98080,1426
8347,79769,2248
8348,79822,2218
8349,27266,2974
8350,34897,2257
8351,76222,1210
8352,2052,1335
8353,4906,1709
8354,24157,3180
8355,66492,1217
8356,86725,1572
8357,55072,1263
8358,71016,1393
8359,37662,1550
8360,35411,1625
8361,66452,2519
8362,24032,2596
8363,74623,2385
8364,80604,1891
8365,86230,1656
8366,7234,3074
8367,78859,2852
8368,64938,1625
8369,64018,2752
8370,25320,1371
8371,12734,2820
8372,28437,2460
8373,81376,1502
8374,83767,1779
8375,3274,1751
8376,50864,1858
8377,23060,1901
8378,33946,1799
8379,15864,1822
8380,68354,1433
8381,28682,1225
8382,44476,1878
8383,41472,2238
8384,28026,1650
8385,42637,2817
8386,33536,4084
8387,1506,4315
8388,21665,1211
8389,92638,1845
8390,18163,3027
8391,74412,1800
8392,80004,1442
8393,66914,3011
8394,66543,2453
8395,52691,1865
8396,82872,2101
8397,22615,1277
8398,62899,3673
8399,19980,2982
8400,27672,1294
8401,22542,2003
8402,51631,1839
8403,57821,1491
8404,51276,2884
8405,66169,1322
8406,23034,1469
8407,78745,2018
8408,69467,1258
8409,33789,2815
8410,62345,1272
8411,55434,1536
8412,9354,1602
8413,79350,1618
8414,3100,1249
8415,28481,2436
8416,98386,1488
8417,13965,3252
8418,13247,1996
8419,8283,1373
8420,88755,1886
8421,31926,2452
8422,99376,2133
8423,10261,1687
8424,84305,2042
8425,13211,2582
8426,41629,1775
8427,75878,1451
8428,76224,1898
8429,30846,2318
8430,70113,2497
8431,89072,1323
8432,5061,2586
8433,95019,1633
8434,50316,1465
8435,67046,2188
8436,93626,1635
8437,98570,1798
8438,23406,1900
8439,54514,2051
8440,17620,1643
8441,31241,2031
8442,28686,2415
8443,86094,2708
8444,83361,2644
8445,8703,1726
8446,74007,1236
8447,79985,1296
8448,59177,1932
8449,52892,1771
8450,17552,1960
8451,33949,1683
8452,48819,1618
8453,35985,1334
8454,94637,2322
8455,83219,3036
8456,50153,1285
8457,13158,2801
8458,53722,2865
8459,47349,3608
8460,42712,1338
8461,23326,1765
8462,71410,3056
8463,25465,1504
8464,57076,1798
8465,62156,1315
8466,62002,1584
8467,52682,1495
8468,65635,1233
8469,90030,2527
8470,52089,2431
8471,86672,1251
8472,86779,2552
8473,35960,1639
8474,6805,1480
8475,25668,2303
8476,60884,1626
8477,20849,2144
8478,64699,1208
8479,88801,1479
8480,43264,2803
8481,20187,1430
8482,41339,3235
8483,36233,1799
8484,58271,2130
8485,47872,2439
8486,51922,2431
8487,91696,1675
8488,99584,1653
8489,21401,1805
8490,52903,1448
8491,78775,2085
8492,98047,2733
8493,62225,15307
8494,54281,2119
8495,89276,2161
8496,50061,2378
8497,67911,1502
8498,3716,2379
8499,10659,2637
8500,63667,5818
8501,31458,1600
8502,57483,1498
8503,15984,1219
8504,56303,3307
8505,93607,1787
8506,21883,1384
8507,67284,1673
8508,19205,1385
8509,95314,2461
8510,28597,2048
8511,26360,1833
8512,70386,2773
8513,61632,1941
8514,54123,1316
8515,9836,1644
8516,75397,3771
8517,44899,1768
8518,47502,1611
8519,14865,3760
8520,38002,2509
8521,96703,1687
8522,20144,2344
8523,80107,3206
8524,34845,1361
8525,81298,2434
8526,33378,4080
8527,4753,1987
8528,56049,1480
8529,14206,2245
8530,21435,1473
8531,56269,2524
8532,80422,1323
8533,86261,3018
8534,42665,3008
8535,13738,1468
8536,82281,5128
8537,64009,2455
8538,67808,1496
8539,64801,2154
8540,49380,1557
8541,63154,2251
8542,56409,1305
8543,12089,1273
8544,24658,1611
8545,57354,2663
8546,4122,2515
8547,3231,2056
8548,59237,1284
8549,85308,3132
8550,71570,2629
8551,50609,1723
8552,12545,1290
8553,18636,1758
8554,63337,1692
8555,95633,2312
8556,70366,1415
8557,43168,1685
8558,27777,2274
8559,43904,3345
8560,46587,4111
8561,13698,1488
8562,47406,2060
8563,27516,2503
8564,83278,1631
8565,33028,3514
8566,79860,1256
8567,25163,2056
8568,75176,4170
8569,97934,1723
8570,32039,1468
8571,86488,1294
8572,74982,1625
8573,90260,2871
8574,89784,2398
8575,46234,1223
8576,65780,2599
8577,52019,2497
8578,11379,2316
8579,86627,1277
8580,18148,2062
8581,76966,6469
8582,37612,1975
8583,54888,2792
8584,70378,2093
8585,82311,2520
8586,38193,1853
8587,78717,1356
8588,45645,1648
8589,30359,2927
8590,41879,1288
8591,82938,3563
8592,59916,2239
8593,88418,1211
8594,71379,1826
8595,15474,1230
8596,68337,1557
8597,57652,2331
8598,23706,2038
8599,91646,1493
8600,36719,1376
8601,98782,1270
8602,74656,1219
8603,94997,3440
8604,96547,3304
8605,96197,1343
8606,2988,3507
8607,91161,1239
8608,26299,1455
8609,86531,2683
8610,76851,1517
8611,74142,1526
8612,39927,2256
8613,23361,2508
8614,42532,2368
8615,12627,2938
8616,37965,1683
8617,96318,1960
8618,11079,1779
8619,9021,2905
8620,90771,2137
8621,46477,2467
8622,7991,1343
8623,40436,2355
8624,8447,1828
8625,69735,2194
8626,7290,3686
8627,53749,4270
8628,73406,2150
8629,43093,2379
8630,96913,2882
8631,38048,1288
8632,57228,2208
8633,21071,1305
8634,36182,2102
8635,7792,2341
8636,8996,3519
8637,93471,1223
8638,43316,2315
8639,17825,2447
8640,67669,1416
8641,67916,7411
8642,4377,2002
8643,57256,2099
8644,55022,2541
8645,36022,1903
8646,86694,4529
8647,57219,2768
8648,63114,1773
8649,76270,1223
8650,66945,1351
8651,82362,1925
8652,45923,1232
8653,88856,1628
8654,78381,1310
8655,8475,1721
8656,36504,1795
8657,89878,2470
8658,96132,1717
8659,77363,2700
8660,89266,3100
8661,79333,1896
8662,9695,2224
8663,24946,1359
8664,10630,1529
8665,92134,1446
8666,49373,2411
8667,46182,1236
8668,52667,2540
8669,67084,2545
8670,96690,2567
8671,94932,1364
8672,36741,3304
8673,11552,1253
8674,53831,3226
8675,78396,1281
8676,120,2277
8677,20158,2719
8678,75213,2893
8679,9853,2229
8680,26195,1238
8681,95115,1671
8682,71634,1761
8683,85269,2708
8684,58612,1283
8685,77549,1959
8686,44992,2875
8687,20635,4653
8688,8888,2026
8689,38573,1480
8690,90075,1798
8691,88675,2319
8692,86421,2207
8693,76521,1596
8694,90397,2820
8695,3886,1359
8696,11632,1998
8697,63604,2347
8698,63687,1387
8699,37362,4155
8700,73425,2108
8701,35839,2186
8702,50787,4664
8703,49151,2053
8704,55931,2418
8705,60977,2392
8706,32692,3795
8707,20936,1204
8708,66395,1566
8709,36023,1680
8710,82855,2211
8711,71484,1900
8712,66019,2539
8713,67879,1685
8714,80999,1972
8715,88318,1577
8716,66729,1836
8717,93195,1240
8718,19507,1838
8719,16531,1272
8720,20973,1286
8721,95478,1350
8722,2680,1958
8723,75485,2219
8724,19209,2618
8725,1328,2891
8726,31055,1517
8727,18658,4762
8728,67884,2618
8729,35483,1385
8730,20744,2371
8731,97993,2336
8732,19395,5531
8733,94747,1497
8734,57737,2329
8735,31877,1223
8736,53905,1487
8737,45706,2072
8738,33577,1610
8739,55205,1669
8740,95823,1523
8741,98522,2291
8742,28984,1653
8743,47981,1760
8744,22458,1911
8745,90271,1649
8746,30575,2562
8747,31612,2055
8748,29586,3350
8749,75022,1693
8750,54535,1735
8751,50803,2644
8752,84206,2528
8753,87376,1450
8754,19424,1840
8755,68545,1270
8756,14192,1449
8757,24988,1582
8758,97728,2240
8759,13835,1774
8760,86500,1616
8761,99019,2811
8762,64412,2393
8763,72289,2520
8764,20921,3622
8765,12168,6706
8766,39523,3094
8767,80001,3550
8768,58951,1354
8769,44486,3516
8770,58890,1690
8771,19205,2951
8772,68149,1810
8773,48875,3435
8774,14428,1641
8775,60680,2606
8776,60292,2987
8777,62270,1254
8778,29577,3163
8779,48655,1789
8780,97910,1472
8781,89286,2945
8782,85414,1458
8783,95128,4367
8784,50976,2616
8785,42341,2110
8786,85631,2376
8787,44434,2700
8788,84998,2593
8789,96293,1432
8790,80555,1450
8791,34262,2255
8792,75215,2784
8793,62622,1329
8794,43053,1631
8795,40622,1320
8796,44238,1810
8797,94993,1294
8798,37737,3091
8799,5684,1329
8800,34374,2243
8801,77667,1620
8802,14871,1371
8803,52500,2562
8804,523,1646
8805,88280,2574
8806,51996,1381
8807,12770,2432
8808,33862,5865
8809,31190,1215
8810,63079,2174
8811,98085,1547
8812,42741,1993
8813,20959,1914
8814,80025,1367
8815,8736,2248
8816,33372,1422
8817,12486,1393
8818,97934,1391
8819,79875,3528
8820,26185,2035
8821,33442,2066
8822,4844,2398
8823,97791,2058
8824,96167,1275
8825,23021,4705
8826,72084,2836
8827,74458,2415
8828,97514,1841
8829,83612,1466
8830,95803,1558
8831,85725,1310
8832,39182,1409
8833,96411,2789
8834,33061,1645
8835,62646,1612
8836,33600,2659
8837,22447,3673
8838,86975,2329
8839,94741,1936
8840,91727,3207
8841,26190,3202
8842,84446,2036
8843,3385,3259
8844,5759,2553
8845,47018,3383
8846,4668,1918
8847,29770,2375
8848,3358,1687
8849,87679,2967
8850,42997,1910
8851,47825,2037
8852,14038,4498
8853,60764,1551
8854,38999,2083
8855,47448,2124
8856,74475,1576
8857,93572,1746
8858,9122,1287
8859,18643,1868
8860,80944,2632
8861,19367,1526
8862,1399,2832
8863,16495,3060
8864,87796,3121
8865,37220,1503
8866,82853,3062
8867,57035,1354
8868,62315,1956
8869,27825,1232
8870,78440,1479
8871,80446,2425
8872,41420,1278
8873,15423,2129
8874,87758,2904
8875,52418,1462
8876,91119,2005
8877,86969,1744
8878,24753,1389
8879,30599,1630
8880,85866,3298
8881,5104,2702
8882,158,1224
8883,31344,2262
8884,43650,2624
8885,59159,1253
8886,77114,2192
8887,3706,1712
8888,38596,1607
8889,77033,2351
8890,93100,2126
8891,86108,1538
8892,72334,2765
8893,36309,2693
8894,4525,1464
8895,24973,1261
8896,79673,2427
8897,92644,1561
8898,30602,2153
8899,72613,1456
8900,26460,2399
8901,86392,3475
8902,6261,2424
8903,84747,1561
8904,32878,2440
8905,25763,1833
8906,86634,6864
8907,44156,2331
8908,51203,2703
8909,20628,1943
8910,70496,2457
8911,74921,2374
8912,43838,1915
8913,82923,1603
8914,48060,3804
8915,16256,2959
8916,52473,1342
8917,12152,2436
8918,6871,1249
8919,30162,1295
8920,39023,1414
8921,91817,1980
8922,58798,2126
8923,24129,1643
8924,10374,3235
8925,31932,1866
8926,51820,1354
8927,45861,2859
8928,16262,1611
8929,9216,2765
8930,97210,1914
8931,78270,1618
8932,96040,1577
8933,74001,2263
8934,6933,2845
8935,93475,2420
8936,83989,1351
8937,48814,1320
8938,15043,2023
8939,12721,3140
8940,98141,1676
8941,13384,2070
8942,49967,4097
8943,29685,1203
8944,72102,3887
8945,28347,1957
8946,8632,1340
8947,8307,1383
8948,15757,1789
8949,425,2641
8950,24651,1611
8951,870,2116
8952,80892,1902
8953,46325,1617
8954,69134,3050
8955,13102,1819
8956,21545,2204
8957,29309,2316
8958,51581,1450
8959,88416,2142
8960,83606,2264
8961,56429,2095
8962,44073,2890
8963,58934,1811
8964,65068,2089
8965,29705,1877
8966,17384,1231
8967,53844,1890
8968,95599,3423
8969,70198,1276
8970,92009,2928
8971,87182,2307
8972,52428,1367
8973,26026,1656
8974,14769,2088
8975,67966,2106
8976,13746,1471
8977,45726,2875
8978,1041,1366
8979,29234,2708
8980,64733,1686
8981,23489,4042
8982,33271,2035
8983,15796,1769
8984,68150,1281
8985,36604,3110
8986,12516,1606
8987,66824,2681
8988,80036,2663
8989,77700,1216
8990,28028,1740
8991,59958,2005
8992,11820,2033
8993,33472,1377
8994,46207,5521
8995,2125,2355
8996,89224,1601
8997,61854,8177
8998,51061,1313
8999,91838,1223
9000,20944,1604
9001,61750,3014
9002,38717,1705
9003,27214,1507
9004,36810,3496
9005,38172,2112
9006,38444,1303
9007,64908,8856
9008,73722,1342
9009,80334,1700
9010,37134,5253
9011,71810,1422
9012,9072,1789
9013,57981,3051
9014,6712,3304
9015,12,1713
9016,4163,1460
9017,45524,1850
9018,98117,1611
9019,5065,1954
9020,30694,4498
9021,49660,1610
9022,47295,1592
9023,20411,2165
9024,91102,2108
9025,34778,3307
9026,78928,3299
9027,46342,1816
9028,55139,2839
9029,36927,12273
9030,21950,3257
9031,44689,3832
9032,43157,2787
9033,74514,2182
9034,68844,1270
9035,62885,2713
9036,67347,2977
9037,41842,3424
9038,35108,1719
9039,69750,1433
9040,13908,2321
9041,59855,2545
9042,51159,1225
9043,57020,3355
9044,48083,2699
9045,35317,2450
9046,50665,2761
9047,69577,1920
9048,68177,2004
9049,85412,1564
9050,38028,2380
9051,50399,5501
9052,34171,2021
9053,92462,2609
9054,61319,4239
9055,46327,2132
9056,21361,1743
9057,29143,2348
9058,65737,2030
9059,57556,2407
9060,42850,2571
9061,80974,1327
9062,52451,1409
9063,15479,1589
9064,16055,1467
9065,52744,2348
9066,91597,1212
9067,62256,3193
9068,53792,3841
9069,86232,1941
9070,2929,4385
9071,38671,1591
9072,84654,1870
9073,9358,1614
9074,87223,3032
9075,57618,1612
9076,19121,2020
9077,97350,1292
9078,95581,3881
9079,9287,1245
9080,19917,2737
9081,65429,1581
9082,47916,1900
9083,77783,1967
9084,63352,4295
9085,21476,4195
9086,90497,2503
9087,73355,1274
9088,72756,2003
9089,12372,2001
9090,37212,2470
9091,22311,1948
9092,88224,2134
9093,26379,1391
9094,3373,1553
9095,48073,1210
9096,40087,2631
9097,44313,2355
9098,47857,2488
9099,25021,2098
9100,45772,2275
9101,99724,1227
9102,94981,1545
9103,42752,1770
9104,36948,2978
9105,46154,2449
9106,70189,1639
9107,9806,1991
9108,43017,2146
9109,69255,1624
9110,96366,3897
9111,54581,2714
9112,95089,1375
9113,45727,1495
9114,32427,1729
9115,30543,2282
9116,87613,4716
9117,86103,2020
9118,46638,3470
9119,15844,2824
9120,81373,1282
9121,92060,2197
9122,64926,1460
9123,36168,1672
9124,64086,3661
9125,26242,1625
9126,71050,4724
9127,1115,1474
9128,77773,1205
9129,42446,1903
9130,17794,2067
9131,14346,1601
9132,54466,2122
9133,16701,2027
9134,26134,1595
9135,62285,1686
9136,46886,2875
9137,51034,2500
9138,54547,1244
9139,44738,1668
9140,12905,2691
9141,41219,1430
9142,60003,1763
9143,21382,1454
9144,72839,1892
9145,34898,1887
9146,22190,3717
9147,17699,2437
9148,81504,1572
9149,44978,2336
9150,43307,2337
9151,48263,2014
9152,28383,2712
9153,79137,5988
9154,30865,1730
9155,97645,2482
9156,67922,1940
9157,45100,1934
9158,84604,2282
9159,87192,1530
9160,91567,1902
9161,21689,1622
9162,63858,1606
9163,69088,1537
9164,86121,3398
9165,36310,2186
9166,71817,2661
9167,75347,1989
9168,66573,3960
9169,25903,2314
9170,1206,1681
9171,21922,2256
9172,59922,2556
9173,49811,1534
9174,38324,2225
9175,14475,1620
9176,70903,4482
9177,53950,1525
9178,59483,2032
9179,85715,3375
9180,82388,1964
9181,63909,1926
9182,38993,2152
9183,16931,3138
9184,16492,2650
9185,22141,1717
9186,96451,2122
9187,95507,1654
9188,34864,1467
9189,57584,1223
9190,8885,2104
9191,17417,2037
9192,68536,1554
9193,40102,1491
9194,4402,2138
9195,72235,1954
9196,89657,1923
9197,2268,2219
9198,68852,2683
9199,52585,1835
9200,23144,1362
9201,31766,1960
9202,18960,1302
9203,64087,1204
9204,82180,3198
9205,88458,2560
9206,7765,2973
9207,59955,1641
9208,7432,2956
9209,52308,1544
9210,7013,3737
9211,24606,1593
9212,24485,1515
9213,8442,1651
9214,58147,1856
9215,75894,1436
9216,15233,2390
9217,63326,1214
9218,81425,1848
9219,15605,1358
9220,3613,2446
9221,55514,1508
9222,58143,3753
9223,76403,2500
9224,79314,1736
9225,95669,1721
9226,46381,1559
9227,72608,2368
9228,25493,1216
9229,45735,2969
9230,35127,1402
9231,37138,1285
9232,12406,2639
9233,49535,1337
9234,65158,1511
9235,57036,2437
9236,87263,1951
9237,63309,1302
9238,62928,2001
9239,41715,1773
9240,57781,1602
9241,52666,2294
9242,88789,1551
9243,26278,2178
9244,61987,1471
9245,67470,1688
9246,41623,1988
9247,46552,1607
9248,22275,1382
9249,71789,1376
9250,54704,1462
9251,7975,2338
9252,4416,1251
9253,69656,1252
9254,78249,1291
9255,83241,1647
9256,30778,2957
9257,94775,1992
9258,694,1421
9259,57716,1941
9260,48383,2176
9261,17627,3308
9262,64681,1611
9263,62721,3506
9264,18310,3076
9265,48560,1891
9266,36902,3113
9267,4053,2781
9268,67182,9466
9269,63528,1788
9270,28585,2548
9271,60904,2763
9272,29473,2039
9273,67863,2265
9274,39155,2601
9275,57238,1881
9276,57871,4786
9277,24670,1311
9278,64311,1207
9279,26920,1257
9280,78277,1746
9281,47330,1488
9282,53520,1845
9283,93085,1507
9284,97964,2192
9285,94806,2692
9286,56537,2145
9287,72712,2017
9288,78627,2230
9289,60438,2183
9290,25960,1857
9291,98889,2134
9292,13177,4850
9293,8625,2507
9294,75952,1999
9295,26328,1885
9296,61994,2658
9297,21332,1278
9298,94643,1474
9299,99529,1839
9300,40208,3069
9301,67864,1353
9302,12156,1221
9303,39920,2499
9304,51441,1738
9305,82705,1372
9306,93338,3010
9307,29564,2791
9308,50025,2729
9309,98806,1841
9310,91694,2725
9311,1169,1328
9312,75902,1600
9313,69447,1897
9314,68158,2870
9315,41931,1822
9316,12091,2813
9317,96471,1876
9318,23644,1297
9319,59024,2295
9320,78029,1654
9321,36783,2950
9322,60453,1433
9323,82454,1460
9324,93776,2612
9325,90369,2109
9326,42565,1579
9327,69587,2368
9328,34510,1256
9329,92646,1698
9330,68292,1223
9331,74881,4504
9332,80295,1759
9333,68429,1792
9334,32589,1426
9335,95812,1790
9336,49072,1553
9337,86865,1391
9338,22680,3410
9339,82684,1297
9340,13143,1332
9341,12147,1405
9342,28952,2816
9343,64105,3104
9344,2594,1921
9345,33265,2811
9346,36745,1229
9347,89623,1943
9348,3885,1660
9349,5627,2174
9350,43802,1691
9351,12060,1999
9352,266,1215
9353,82661,3047
9354,17510,2590
9355,57118,2268
9356,80388,2744
9357,94451,2021
9358,80131,2321
9359,12977,1896
9360,47583,1290
9361,96074,1545
9362,36109,1568
9363,56728,1926
9364,42014,2949
9365,25316,1969
9366,97066,1363
9367,77852,1826
9368,41412,1406
9369,61507,1943
9370,31461,1680
9371,53799,2853
9372,97005,3938
9373,27103,3997
9374,99199,3400
9375,67764,2040
9376,33085,4014
9377,84211,1216
9378,80149,1455
9379,74344,2632
9380,80280,3439
9381,75096,1346
9382,69362,1410
9383,33397,2511
9384,15976,1493
9385,45872,2679
9386,93057,1473
9387,2832,1529
9388,7265,1768
9389,15165,1592
9390,67645,3218
9391,30410,1275
9392,83056,2106
9393,47110,2446
9394,43882,1534
9395,27545,1903
9396,88563,1242
9397,56010,1796
9398,53576,4445
9399,31305,2727
9400,45861,4045
9401,47717,2287
9402,33431,1270
9403,56790,2162
9404,28857,1435
9405,56410,2405
9406,30280,2050
9407,94102,2051
9408,23129,2910
9409,29084,1454
9410,62493,2751
9411,99426,2269
9412,97658,1848
9413,7980,2611
9414,3620,1921
9415,29822,1965
9416,93091,2518
9417,91965,1239
9418,9667,1412
9419,63030,1544
9420,8367,1323
9421,71684,1323
9422,13760,3086
9423,91463,3308
9424,25683,1247
9425,87494,2956
9426,17878,2703
9427,39500,1213
9428,51574,1569
9429,96228,2515
9430,68772,4310
9431,47678,3817
9432,86971,1712
9433,89197,1277
9434,21070,2382
9435,91636,1362
9436,21011,1329
9437,9843,1368
9438,19578,2305
9439,75672,2652
9440,79818,1479
9441,98639,1210
9442,2939,1856
9443,19021,1619
9444,22255,1937
9445,62571,1247
9446,45376,1443
9447,95414,1789
9448,93352,1904
9449,95193,3125
9450,97524,2655
9451,51494,1891
9452,31626,2855
9453,83270,1278
9454,98919,2106
9455,97338,2871
9456,8707,1951
9457,70866,1233
9458,77866,2222
9459,17464,1202
9460,65730,1204
9461,22895,2391
9462,99343,1975
9463,88783,2241
9464,46660,2943
9465,26041,4104
9466,12545,1521
9467,32517,3283
9468,66330,2797
9469,5282,2650
9470,70019,1449
9471,17110,2211
9472,97032,1959
9473,20238,2433
9474,47250,2684
9475,9027,3999
9476,20808,1912
9477,70034,1264
9478,20412,2377
9479,57852,1787
9480,18995,1810
9481,58009,1841
9482,13739,1249
9483,72616,2350
9484,87531,1432
9485,14412,1285
9486,87182,2546
9487,57458,1498
9488,84500,2152
9489,99698,1968
9490,77442,2859
9491,31494,2854
9492,16006,1912
9493,77922,1428
9494,64491,1441
9495,54173,3754
9496,85385,1702
9497,46136,2255
9498,24498,1520
9499,95782,1655
9500,93848,2391
9501,24095,3778
9502,63793,6637
9503,76872,2151
9504,47575,1717
9505,63667,1759
9506,45703,1430
9507,12139,3376
9508,73864,1539
9509,25629,4954
9510,27323,2448
9511,51132,2413
9512,5037,1271
9513,96038,1270
9514,80727,1295
9515,85610,1211
9516,27414,1283
9517,85346,1740
9518,35206,1813
9519,25208,2684
9520,41512,2390
9521,28350,3066
9522,91177,2773
9523,50826,1893
9524,83916,1390
9525,25712,1608
9526,57792,1421
9527,87059,2357
9528,43091,2039
9529,68196,2601
9530,7177,1530
9531,54985,1753
9532,69455,7691
9533,14986,3102
9534,20338,3127
9535,38783,1713
9536,75495,2370
9537,56654,1836
9538,33863,3014
9539,75515,1369
9540,97385,1256
9541,47010,1340
9542,42286,1361
9543,67493,1809
9544,64619,1227
9545,34850,1608
9546,90373,1509
9547,44096,2107
9548,88505,1304
9549,55748,1785
9550,96488,2634
9551,46209,1265
9552,85775,4122
9553,45818,2183
9554,47813,3092
9555,7953,1381
9556,99827,1708
9557,3795,1448
9558,84981,1990
9559,93769,1785
9560,27555,1570
9561,73947,1395
9562,48136,1365
9563,78017,2694
9564,92740,1872
9565,50365,4259
9566,62954,1899
9567,856,1798
9568,99920,2049
9569,22824,1379
9570,36626,5299
9571,41122,3162
9572,31239,1408
9573,52104,1977
9574,42833,1636
9575,45739,1524
9576,14886,2118
9577,82849,2917
9578,67139,1544
9579,7666,1499
9580,10680,2692
9581,13556,1298
9582,74340,2230
9583,94705,1979
9584,39315,1710
9585,12160,1809
9586,98338,1442
9587,16099,11292
9588,82511,1596
9589,10660,1767
9590,2950,2906
9591,16271,4741
9592,26017,1457
9593,89130,3046
9594,38299,1671
9595,89394,3187
9596,83416,2344
9597,42507,1655
9598,62146,4745
9599,1840,1529
9600,19071,1659
9601,39122,1612
9602,42779,2718
9603,26338,1830
9604,55373,2115
9605,43864,3356
9606,43867,4003
9607,64799,1512
9608,65019,1950
9609,18093,2918
9610,19647,1792
9611,73766,1675
9612,69259,2176
9613,7421,2068
9614,66596,2391
9615,89572,3229
9616,73123,4546
9617,47557,1516
9618,98307,2772
9619,99374,1297
9620,99051,1480
9621,29029,2418
9622,18465,1799
9623,57192,1293
9624,81401,1941
9625,43370,1287
9626,51504,3524
9627,41553,2156
9628,34511,1562
9629,45233,2113
9630,73464,1897
9631,18953,2025
9632,20426,2229
9633,63699,1619
9634,16045,1621
9635,18551,2219
9636,87404,1454
9637,54913,1905
9638,59525,1311
9639,23069,3211
9640,69486,2009
9641,7497,2070
9642,29663,1330
9643,85799,3871
9644,47469,2178
9645,50013,2352
9646,98773,1883
9647,68262,2492
9648,76939,2059
9649,38194,1608
9650,85202,1718
9651,48322,1222
9652,24356,3032
9653,87603,1797
9654,10294,1393
9655,59776,2053
9656,14958,2454
9657,75994,1379
9658,35379,1218
9659,64688,3073
9660,27902,2628
9661,6096,1372
9662,9339,2251
9663,98505,2572
9664,39121,1650
9665,82080,2340
9666,91612,1384
9667,64541,4602
9668,91928,2771
9669,62925,1805
9670,42835,1394
9671,15067,3046
9672,186,3820
9673,86839,1401
9674,12498,2576
9675,22795,1562
9676,93770,2890
9677,9459,1751
9678,90811,3145
9679,90978,2796
9680,47071,1725
9681,93412,2819
9682,17891,1379
9683,88231,1261
9684,51682,2073
9685,6543,2632
9686,42637,1373
9687,79830,4556
9688,59643,1868
9689,37753,3287
9690,29422,1669
9691,93849,2171
9692,39196,1752
9693,76776,1325
9694,52484,1291
9695,25317,2247
9696,27916,1534
9697,20584,3530
9698,71699,1816
9699,76096,1678
9700,1160,1333
9701,70225,1207
9702,98806,1585
9703,71203,2146
9704,50150,2129
9705,68115,2081
9706,67011,1735
9707,8431,2160
9708,23389,1612
9709,10621,1270
9710,54961,2016
9711,57867,4631
9712,99287,1923
9713,78465,6736
9714,13126,2489
9715,46130,3460
9716,85878,1343
9717,59540,1482
9718,53422,2476
9719,32804,2119
9720,24096,1281
9721,49528,3478
9722,12520,7189
9723,53414,1447
9724,31207,3430
9725,37605,2876
9726,17813,1592
9727,80575,2199
9728,75097,1363
9729,54111,1553
9730,18054,1451
9731,93825,2604
9732,65710,1612
9733,24308,2691
9734,12194,1493
9735,57413,2275
9736,43760,5910
9737,40149,2188
9738,9951,2116
9739,81206,1202
9740,74397,2340
9741,82028,1486
9742,63651,3176
9743,58270,2145
9744,53383,2168
9745,15910,1805
9746,18729,1972
9747,16874,2492
9748,95052,2532
9749,89235,1444
9750,86509,3824
9751,17232,3122
9752,59802,1298
9753,42012,1673
9754,60631,2049
9755,95208,1853
9756,50897,1779
9757,71714,3117
9758,74760,3504
9759,1419,1985
9760,82550,1322
9761,46549,1992
9762,69147,1847
9763,34992,5286
9764,97802,3246
9765,62311,1482
9766,38007,1859
9767,30144,2138
9768,63236,3572
9769,44657,1849
9770,83547,1834
9771,13117,1450
9772,40742,1474
9773,78326,2662
9774,52118,2517
9775,2563,2808
9776,93735,2507
9777,67012,1400
9778,25349,3210
9779,79383,1540
9780,11870,4940
9781,38511,2093
9782,74141,2567
9783,5959,2158
9784,11172,1553
9785,177,1630
9786,78530,5028
9787,36787,1613
9788,14477,1243
9789,70482,2194
9790,91626,1821
9791,94638,1912
9792,79950,1282
9793,94130,2428
9794,56119,2478
9795,48730,1278
9796,71553,2112
9797,59147,2961
9798,31905,2882
9799,8093,1279
9800,67912,2403
9801,72466,1845
9802,82565,1568
9803,83230,2559
9804,47275,1311
9805,28663,4184
9806,70317,2011
9807,82468,5268
9808,54975,2694
9809,8333,1260
9810,87769,8335
9811,37994,1395
9812,93579,2860
9813,75072,1694
9814,66500,2623
9815,92160,1571
9816,44939,1519
9817,65435,2519
9818,96962,2232
9819,68246,2652
9820,20073,1255
9821,93789,2622
9822,79919,1714
9823,39973,1514
9824,31616,1662
9825,92775,4706
9826,77834,2335
9827,40316,1980
9828,78273,5387
9829,70812,1252
9830,11743,2033
9831,31695,1354
9832,53706,1357
9833,40780,1352
9834,51577,1788
9835,23497,1695
9836,9556,1615
9837,32243,3259
9838,23696,1832
9839,92801,1255
9840,41728,1957
9841,11295,1593
9842,94679,1251
9843,31576,1569
9844,53167,1546
9845,73380,1426
9846,74111,1723
9847,75911,1690
9848,70391,2369
9849,3773,2221
9850,78773,1886
9851,12278,2189
9852,3490,3678
9853,18500,2003
9854,8627,1872
9855,44109,2394
9856,70576,5048
9857,10457,2170
9858,18332,3929
9859,97346,1355
9860,96682,4048
9861,12505,2533
9862,32642,2740
9863,38019,1811
9864,6253,2393
9865,61033,2866
9866,35184,1396
9867,88773,1836
9868,9179,2981
9869,95331,2865
9870,10535,1882
9871,42754,1584
9872,27286,2229
9873,19220,2550
9874,96695,3807
9875,93964,2788
9876,77912,1663
9877,67776,1550
9878,47582,3716
9879,31968,1844
9880,55473,2743
9881,48374,2720
9882,95034,1417
9883,50630,1417
9884,95281,1507
9885,95092,1845
9886,60122,1332
9887,65764,1421
9888,5181,2744
9889,7424,2012
9890,54005,2478
9891,49638,1872
9892,46012,1505
9893,36828,2159
9894,35409,2014
9895,13960,1510
9896,44302,1444
9897,47257,2628
9898,55637,2806
9899,40156,2390
9900,89122,3344
9901,34096,1390
9902,23013,2010
9903,4501,1996
9904,85024,2025
9905,48848,2807
9906,62015,1208
9907,62219,1377
9908,11414,2823
9909,78976,1460
9910,343,1259
9911,92598,1212
9912,35494,2653
9913,1390,2650
9914,80286,2525
9915,2202,1375
9916,65499,1235
9917,38025,1797
9918,77990,1204
9919,18251,1817
9920,94531,1526
9921,24855,1322
9922,78674,1429
9923,33268,1789
9924,99980,1349
9925,95967,1357
9926,30041,2291
9927,52002,1343
9928,5945,1696
9929,43266,3078
9930,20977,2303
9931,16784,2866
9932,82121,2341
9933,53493,3101
9934,27270,2047
9935,75730,1799
9936,16827,7709
9937,27510,5033
9938,74071,1244
9939,1979,1830
9940,68149,1452
9941,85629,1248
9942,10220,1387
9943,58137,1898
9944,33229,1237
9945,97784,3114
9946,73215,5168
9947,91113,1492
9948,65508,1322
9949,5667,1626
9950,36735,1569
9951,46983,1231
9952,113,2344
9953,25095,2403
9954,26918,1211
9955,3958,2811
9956,47039,2112
9957,66541,1876
9958,48547,3673
9959,95268,2196
9960,87073,1452
9961,84389,1205
9962,62623,1596
9963,46117,4109
9964,51419,1507
9965,66736,2418
9966,41630,2748
9967,19878,2239
9968,54695,7022
9969,84354,1604
9970,24325,2037
9971,49743,1974
9972,46621,2680
9973,12564,3189
9974,84139,1789
9975,53699,3235
9976,81937,1354
9977,34542,1592
9978,12267,1763
9979,11354,1222
9980,49885,1368
9981,29193,2304
9982,54896,1763
9983,53538,5434
9984,25201,2260
9985,84048,1926
9986,75474,2274
9987,64031,1525
9988,58564,3569
9989,5946,1353
9990,15307,2881
9991,9856,1703
9992,35321,4497
9993,29450,1389
9994,90768,2520
9995,58118,2452
9996,24692,2455
9997,64711,1340
9998,39924,2223
9999,11887,2340
10000,82886,1757
10001,28310,1393
10002,66947,1743
10003,35668,2631
10004,24538,1727
10005,34929,1305
10006,10055,2211
10007,42359,2250
10008,60891,1961
10009,89475,2332
10010,87164,1889
10011,27978,1866
10012,61136,1500
10013,13428,1656
10014,19250,1242
10015,42748,2748
10016,93835,1612
10017,4409,2065
10018,17029,1339
10019,41124,1924
10020,14565,1230
10021,73164,1856
10022,62842,3838
10023,60321,2889
10024,98084,1902
10025,65715,1856
10026,26437,1264
10027,37637,2445
10028,2380,3237
10029,66779,3668
10030,60627,2046
10031,17368,1585
10032,45362,2348
10033,52018,2299
10034,93111,1593
10035,59883,2529
10036,7243,2903
10037,71244,1452
10038,4128,1352
10039,31430,2064
10040,16278,1795
10041,67926,1715
10042,91218,1615
10043,23392,2929
10044,52237,1544
10045,17478,2453
10046,33499,2694
10047,17766,1231
10048,99416,1212
10049,92858,1613
10050,41006,1620
10051,11006,2127
10052,34414,2238
10053,32027,2427
10054,24748,1505
10055,12660,3373
10056,80709,4806
10057,73667,3130
10058,9679,8326
10059,28083,1825
10060,76805,4619
10061,86819,4033
10062,88195,2800
10063,3831,1626
10064,31180,6564
10065,36911,1316
10066,29639,2544
10067,63639,2402
10068,48740,1690
10069,90511,1675
10070,34487,3260
10071,62379,1406
10072,25528,1288
10073,54012,4057
10074,11651,1284
10075,7706,3178
10076,89910,1472
10077,57606,1207
10078,2752,1623
10079,21314,1613
10080,47798,2057
10081,12153,1614
10082,47365,1299
10083,37960,4637
10084,31832,2348
10085,86931,1632
10086,79633,1414
10087,37669,3461
10088,96531,4517
10089,62141,2806
10090,42390,1943
10091,55795,3135
10092,76224,2815
10093,70393,2427
10094,5783,8563
10095,15683,2617
10096,9774,1366
10097,40182,1410
10098,24289,1215
10099,51068,2230
10100,79330,3425
10101,68072,2873
10102,82535,2005
10103,82860,1899
10104,11702,1443
10105,64581,1435
10106,70534,1886
10107,81229,1768
10108,38105,1967
10109,15551,1552
10110,60394,1629
10111,61998,1922
10112,75531,2026
10113,52555,1227
10114,18728,2067
10115,49421,4680
10116,11879,2845
10117,24389,2473
10118,36162,1293
10119,60421,1483
10120,60231,2955
10121,70335,2445
10122,82593,3975
10123,9310,2633
10124,43974,1589
10125,19986,2047
10126,91362,2210
10127,45330,2646
10128,26284,2107
10129,7235,1459
10130,13671,2923
10131,58138,1824
10132,12545,2124
10133,68981,2107
10134,80165,2959
10135,62691,1782
10136,16981,3159
10137,26005,2054
10138,71517,1443
10139,18100,1362
10140,23159,1603
10141,37196,1399
10142,13899,1930
10143,72194,1299
10144,35112,2578
10145,4746,1734
10146,27713,1962
10147,14514,1934
10148,40648,1218
10149,79679,1218
10150,57354,1501
10151,13174,2549
10152,42062,2874
10153,76012,2722
10154,5501,1805
10155,91761,1808
10156,62198,1769
10157,48537,3907
10158,69938,2583
10159,7068,1982
10160,72572,1603
10161,38114,5098
10162,27232,2880
10163,3287,1446
10164,51810,1810
10165,69734,1548
10166,38772,1739
10167,2341,2629
10168,34450,1320
10169,72376,1311
10170,99809,1870
10171,20291,2419
10172,11592,2331
10173,70906,2025
10174,3045,2194
10175,60790,1676
10176,42112,1465
10177,13749,1484
10178,19136,2212
10179,70840,2464
10180,29110,2092
10181,72985,2116
10182,80789,2820
10183,84081,1951
10184,43884,2160
10185,87017,1307
10186,63212,2542
10187,13830,1624
10188,19021,1539
10189,28240,1319
10190,83284,2374
10191,69759,2200
10192,35171,3784
10193,38552,1860
10194,18354,2146
10195,82172,1697
10196,1184,2340
10197,71625,1213
10198,6466,1338
10199,11238,1285
10200,29158,1625
10201,96173,1671
10202,95574,1617
10203,30550,1985
10204,83903,3589
10205,59466,1411
10206,7436,1876
10207,16468,2551
10208,50351,1309
10209,46678,1278
10210,1358,3176
10211,13380,1251
10212,88785,1354
10213,40646,2563
10214,37676,3200
10215,4183,3629
10216,71179,1516
10217,82664,1974
10218,64274,1227
10219,75867,2118
10220,83277,2324
10221,99491,2033
10222,36808,2073
10223,50852,3160
10224,763,2570
10225,81227,1390
10226,95065,1373
10227,11741,3145
10228,38732,2011
10229,99467,2272
10230,61442,1909
10231,58892,1283
10232,52,1395
10233,31459,1336
10234,98048,1742
10235,16782,2962
10236,23709,1912
10237,45610,2627
10238,79396,1563
10239,6656,2923
10240,62918,2954
10241,90872,1523
10242,15891,2982
10243,48343,1283
10244,91186,2033
10245,44516,3422
10246,86569,1599
10247,38436,2755
10248,38729,1963
10249,43265,1605
10250,88802,3516
10251,5310,2806
10252,72169,1399
10253,47293,2600
10254,22454,1424
10255,5015,2154
10256,16216,2632
10257,5130,1657
10258,25904,2332
10259,52811,1332
10260,90994,1444
10261,26342,1882
10262,52443,2512
10263,17170,2638
10264,81942,1369
10265,82319,2164
10266,11157,2262
10267,52733,2196
10268,22278,2325
10269,97395,1885
10270,57890,1701
10271,16696,1370
10272,59600,1208
10273,43927,2285
10274,6341,3859
10275,82225,1858
10276,72690,3726
10277,44394,2308
10278,11094,3406
10279,37040,2831
10280,35089,1775
10281,25133,2281
10282,90956,1219
10283,97616,1233
10284,40875,1994
10285,12691,1220
10286,62126,3098
10287,94634,1327
10288,97698,2973
10289,41393,2009
10290,33275,2629
10291,76856,2054
10292,41963,4888
10293,98005,3422
10294,38458,3028
10295,84928,2342
10296,71507,1203
10297,96277,1814
10298,35255,2072
10299,91570,1470
10300,24974,1654
10301,86321,2858
10302,28398,1878
10303,91595,1210
10304,83122,4240
10305,71619,3473
10306,54718,2533
10307,47291,1326
10308,44552,1379
10309,28428,2828
10310,37639,1576
10311,79621,3864
10312,33954,2060
10313,24174,1959
10314,82526,1867
10315,38551,1711
10316,15864,3226
10317,21313,2010
10318,39640,1994
10319,33219,1446
10320,81261,4167
10321,90701,4004
10322,84415,1533
10323,93696,1970
10324,68995,1601
10325,89111,1723
10326,48185,2317
10327,30576,2547
10328,26559,3079
10329,12545,3380
10330,60505,2885
10331,7836,2977
10332,34885,2221
10333,3620,1681
10334,11668,3048
10335,71835,2229
10336,93805,2117
10337,80278,1676
10338,70413,1562
10339,40116,1886
10340,56612,1934
10341,58937,1660
10342,70975,3115
10343,58360,2334
10344,62483,1257
10345,40249,1497
10346,10153,1588
10347,95147,2723
10348,9595,3614
10349,5298,2487
10350,81671,2795
10351,83638,2082
10352,79250,1459
10353,31827,1845
10354,98823,1496
10355,38301,2246
10356,59377,1786
10357,57261,1796
10358,2681,2654
10359,4316,1799
10360,26970,3433
10361,36259,1544
10362,70926,1856
10363,60726,2492
10364,87783,1294
10365,14238,1433
10366,71155,2040
10367,36419,1230
10368,1078,2826
10369,12540,3228
10370,24438,2803
10371,45897,2626
10372,20106,4564
10373,24532,1242
10374,49409,1340
10375,1323,4008
10376,68765,2916
10377,96371,2117
10378,12885,1420
10379,34513,1481
10380,72156,4279
10381,60159,1377
10382,35740,2585
10383,68355,1560
10384,70841,1425
10385,77879,1595
10386,95240,1939
10387,20403,2917
10388,22815,1739
10389,80708,1238
10390,45116,1438
10391,18715,1605
10392,68032,1440
10393,71930,2187
10394,88616,1284
10395,31677,2189
10396,63408,3407
10397,30207,11927
10398,68382,3194
10399,70210,1278
10400,86562,2968
10401,99028,2508
10402,27760,1503
10403,52442,1279
10404,75085,1461
10405,69725,1612
10406,61143,1287
10407,69093,1809
10408,30950,4261
10409,19278,1465
10410,52370,1594
10411,91286,1998
10412,12371,2227
10413,14201,2028
10414,51390,1853
10415,66553,1787
10416,65764,1458
10417,97299,2103
10418,5744,1377
10419,70718,6310
10420,66026,1412
10421,74600,1362
10422,93550,2681
10423,11815,2198
10424,44789,3566
10425,87709,1618
10426,61974,1738
10427,97330,1675
10428,41462,1477
10429,98690,1663
10430,88335,2171
10431,64237,1676
10432,11622,4001
10433,77019,1649
10434,33278,1547
10435,41168,1226
10436,52592,1365
10437,4068,1888
10438,64576,1975
10439,81623,1889
10440,98034,1709
10441,32953,2781
10442,71081,2337
10443,39370,3078
10444,57433,1458
10445,15141,2372
10446,32328,2527
10447,80792,1672
10448,85594,2484
10449,4516,3070
10450,31779,2612
10451,69043,1679
10452,10921,1522
10453,80535,1821
10454,28513,2587
10455,98827,1338
10456,27671,1548
10457,52803,1592
10458,89591,2809
10459,68074,3697
10460,97996,3498
10461,75565,3939
10462,31432,1840
10463,6596,1297
10464,57667,2040
10465,58525,1289
10466,62416,1840
10467,92090,1700
10468,80683,1551
10469,29741,2625
10470,42926,4164
10471,76493,2469
10472,84413,2942
10473,52823,1893
10474,87183,1270
10475,15648,4835
10476,18922,1219
10477,13096,1552
10478,66946,1647
10479,93962,3103
10480,21434,3554
10481,31712,1676
10482,28290,2770
10483,6241,3149
10484,55409,1789
10485,81133,1733
10486,13733,2581
10487,14420,4339
10488,3365,3184
10489,41019,1584
10490,84987,3671
10491,67743,1470
10492,35716,1276
10493,43169,2385
10494,18550,1435
10495,95808,3721
10496,88183,1211
10497,47560,1845
10498,54209,2605
10499,86748,2120
10500,82265,1252
10501,94746,1257
10502,75766,2141
10503,178,2182
10504,51524,1709
10505,60701,3320
10506,55076,1800
10507,52857,1282
10508,27891,2135
10509,48821,2630
10510,9634,1948
10511,96925,2071
10512,70725,3316
10513,86830,2363
10514,84623,4680
10515,66854,1988
10516,91956,1299
10517,58888,1275
10518,9092,1903
10519,59259,1279
10520,74735,1967
10521,89572,1747
10522,55540,1275
10523,78242,1364
10524,96864,2608
10525,94740,1340
10526,67087,1832
10527,24883,1628
10528,9334,2903
10529,10985,2617
10530,50805,2914
10531,2453,2244
10532,93807,7585
10533,84105,2557
10534,71805,3671
10535,65314,2054
10536,14756,1255
10537,81156,1714
10538,67318,2772
10539,90163,2273
10540,13464,2119
10541,6759,2162
10542,46382,1941
10543,55829,3915
10544,4889,2653
10545,41451,1546
10546,77102,2054
10547,56881,1409
10548,74740,1298
10549,34901,2678
10550,75346,1531
10551,19523,2644
10552,56171,1773
10553,31842,1495
10554,88999,3316
10555,62492,1335
10556,20887,1695
10557,31547,1958
10558,96816,1457
10559,97653,2983
10560,49387,3019
10561,54538,1442
10562,78174,2074
10563,40676,1464
10564,19600,2091
10565,43264,1384
10566,97791,6506
10567,5346,3797
10568,60999,2539
10569,1189,1317
10570,57644,1295
10571,22585,1797
10572,88550,3062
10573,36089,2349
10574,2119,1459
10575,43814,2160
10576,93077,4087
10577,25357,1810
10578,84232,1917
10579,18657,2007
10580,87423,2265
10581,21947,2329
10582,10713,1869
10583,98030,1353
10584,20820,1822
10585,12277,1203
10586,6069,1891
10587,40786,2443
10588,34812,1310
10589,10412,1369
10590,49700,3209
10591,97290,2249
10592,3693,1709
10593,94988,1613
10594,3110,2200
10595,38949,1211
10596,87853,2737
10597,3423,2190
10598,81456,3646
10599,81507,2634
10600,52362,1436
10601,73616,1557
10602,73582,1695
10603,19513,1867
10604,21251,3722
10605,73425,2196
10606,2005,2381
10607,62690,1976
10608,54843,2559
10609,915,1939
10610,92127,1367
10611,25903,2495
10612,79562,2781
10613,18878,1351
10614,62456,1268
10615,79669,6598
10616,17834,1701
10617,8735,1311
10618,6648,1575
10619,11109,3091
10620,87650,2010
10621,56994,1994
10622,57289,3142
10623,84188,2743
10624,29382,3123
10625,93151,1222
10626,88346,3297
10627,28184,3039
10628,34174,4731
10629,61730,4044
10630,97549,4287
10631,78188,1312
10632,33386,2610
10633,174,2115
10634,16879,3358
10635,96595,2890
10636,82999,2028
10637,36659,1728
10638,56324,1282
10639,51091,2281
10640,12803,3723
10641,34497,3665
10642,50720,1346
10643,98618,2061
10644,42113,2360
10645,96875,1231
10646,22196,1684
10647,13229,1287
10648,85063,2618
10649,37703,2596
10650,44450,1322
10651,34278,1324
10652,91436,2956
10653,60051,3483
10654,18410,2310
10655,82741,2441
10656,32368,2455
10657,67651,1381
10658,18159,2557
10659,49338,1706
10660,99556,4069
10661,69661,1541
10662,48365,2098
10663,6591,5458
10664,74783,2440
10665,88530,3115
10666,83910,1249
10667,84308,1410
10668,3617,1856
10669,31046,1496
10670,89361,1797
10671,25252,1951
10672,93533,2327
10673,32603,1684
10674,14793,1399
10675,14758,1486
10676,4509,1637
10677,53692,1237
10678,73181,1313
10679,24650,1203
10680,963,2176
10681,67898,2522
10682,25689,1474
10683,97484,3495
10684,7710,2863
10685,71240,2611
10686,37317,4518
10687,66472,1230
10688,96853,1692
10689,91745,1503
10690,40735,1286
10691,74435,2126
10692,15482,2764
10693,4464,3759
10694,21585,2432
10695,13726,1262
10696,58638,3816
10697,57656,1288
10698,32674,1451
10699,80,1659
10700,82801,1592
10701,51606,1871
10702,63407,1347
10703,22305,2927
10704,98262,4968
10705,69315,1683
10706,6576,2696
10707,75756,2955
10708,34072,1386
10709,55682,1402
10710,13573,1433
10711,73675,1497
10712,29106,2384
10713,64996,1352
10714,84860,2812
10715,18388,5639
10716,27012,2300
10717,84228,1420
10718,28832,3091
10719,7013,1481
10720,55130,1231
10721,6906,1930
10722,6576,1266
10723,8945,2502
10724,23678,1314
10725,1141,1369
10726,48414,1509
10727,17690,2178
10728,25068,2372
10729,34178,1317
10730,19996,2013
10731,59202,1582
10732,49204,1476
10733,70690,3615
10734,87819,1954
10735,35855,2242
10736,12143,1880
10737,71754,1577
10738,39736,2203
10739,12263,2223
10740,78514,6744
10741,39363,1684
10742,65304,3386
10743,33531,1489
10744,87083,1880
10745,21256,1851
10746,83609,2959
10747,46842,1883
10748,67299,1877
10749,68215,2030
10750,49973,1338
10751,58823,3743
10752,23570,2675
10753,66568,3224
10754,31329,1830
10755,9121,1569
10756,28307,1984
10757,78475,1833
10758,61517,1295
10759,3232,2061
10760,48323,1961
10761,37080,1579
10762,88532,2925
10763,23555,2249
10764,39271,1743
10765,41000,3821
10766,32142,1347
10767,7097,3518
10768,11935,1690
10769,28670,1875
10770,60732,1852
10771,33734,2132
10772,43470,1802
10773,48207,1515
10774,72646,1716
10775,66312,2079
10776,32611,3243
10777,6006,1203
10778,13558,3362
10779,34055,4502
10780,35327,2523
10781,14642,1205
10782,38568,2468
10783,96781,2407
10784,84700,4460
10785,97663,1932
10786,20524,3106
10787,4032,3560
10788,56637,1920
10789,14331,5846
10790,59749,2523
10791,73978,2668
10792,78806,1629
10793,10454,2098
10794,98298,3618
10795,29664,1527
10796,96538,1340
10797,48289,1311
10798,10879,1331
10799,39988,1691
10800,6964,2447
10801,13791,1524
10802,61691,2654
10803,78372,1939
10804,4960,2707
10805,41063,1382
10806,78717,3908
10807,73357,2445
10808,49302,1932
10809,36018,1427
10810,9976,2123
10811,39186,1953
10812,41224,3292
10813,26559,2071
10814,34189,2282
10815,38516,3065
10816,18412,1484
10817,40098,2305
10818,85788,2572
10819,22080,3415
10820,84506,3016
10821,60617,2796
10822,69753,3223
10823,48857,2714
10824,35794,1775
10825,65770,2335
10826,9954,1282
10827,39340,1482
10828,51899,2485
10829,85975,1289
10830,29193,1684
10831,88079,3591
10832,55372,2444
10833,19703,2089
10834,61022,1970
10835,48555,1512
10836,58554,2290
10837,14636,1725
10838,65547,2252
10839,7540,2781
10840,62972,1439
10841,90357,1461
10842,57839,1709
10843,41307,1207
10844,32045,1799
10845,68086,2536
10846,60562,2281
10847,47592,2125
10848,81772,1843
10849,62672,1510
10850,11977,5657
10851,25917,5128
10852,17962,1709
10853,50016,2415
10854,54358,1719
10855,16127,1593
10856,21552,2072
10857,16226,2294
10858,11517,1654
10859,16718,1849
10860,36377,2423
10861,1454,2561
10862,90211,1688
10863,73774,2561
10864,27158,3720
10865,90419,1381
10866,39159,2035
10867,29509,2501
10868,78623,3507
10869,87745,1913
10870,92420,2860
10871,75626,2453
10872,57578,1999
10873,48470,1764
10874,15876,3612
10875,98011,1686
10876,54495,2178
10877,47184,2280
10878,98991,1306
10879,35591,2739
10880,77773,2328
10881,94127,3465
10882,79999,2198
10883,11474,1377
10884,49460,2999
10885,87731,1507
10886,39352,1259
10887,94816,1987
10888,54763,1759
10889,87160,2847
10890,21978,1268
10891,55437,2962
10892,16940,2307
10893,35901,1926
10894,45404,2326
10895,18120,1682
10896,72836,1677
10897,14930,2537
10898,3863,1620
10899,91704,1250
10900,38413,1282
10901,43674,1701
10902,80764,1484
10903,10705,1534
10904,58392,1270
10905,8516,1463
10906,46972,3400
10907,45006,1519
10908,66261,1979
10909,82456,2358
10910,76865,2235
10911,59525,2496
10912,15483,2642
10913,43186,2551
10914,33176,1397
10915,59690,2543
10916,6605,2357
10917,74779,1203
10918,80012,1996
10919,92784,1605
10920,54085,1338
10921,4277,1222
10922,48350,1676
10923,68135,1528
10924,8181,2232
10925,15113,1895
10926,28860,3062
10927,26581,2181
10928,22919,1299
10929,87806,4354
10930,37679,1592
10931,3316,5527
10932,57909,1654
10933,76968,1594
10934,60946,4453
10935,38757,2587
10936,82900,2031
10937,12052,1213
10938,69773,3557
10939,83763,2206
10940,2011,2506
10941,99359,3989
10942,6708,1799
10943,6608,2016
10944,70901,2121
10945,51066,2251
10946,87675,1402
10947,26361,2878
10948,63994,1307
10949,37144,1574
10950,43262,2620
10951,20270,1396
10952,5185,1921
10953,66245,1247
10954,73888,1877
10955,83968,2473
10956,61441,4144
10957,46441,2740
10958,54124,3035
10959,12019,1819
10960,40290,1403
10961,42053,2121
10962,93728,1900
10963,31162,2128
10964,54849,1873
10965,60717,2581
10966,81071,1485
10967,88500,1392
10968,31698,2114
10969,71314,4507
10970,96524,1259
10971,61615,3263
10972,80311,1363
10973,13686,2459
10974,1821,2749
10975,6110,1501
10976,60194,2183
10977,38662,2362
10978,46166,1320
10979,86489,1864
10980,27534,2155
10981,36158,1952
10982,29547,1439
10983,62942,1396
10984,79825,2256
10985,72478,1378
10986,42424,1726
10987,13935,4674
10988,81880,2717
10989,89984,1693
10990,26246,2067
10991,48195,1222
10992,55209,3532
10993,70962,2789
10994,15523,1445
10995,55687,2813
10996,81289,3766
10997,1439,3233
10998,9346,1529
10999,76544,3007
11000,23892,2982
11001,39222,1412
11002,71698,1278
11003,21862,1479
11004,85332,3262
11005,17699,1522
11006,16684,2635
11007,68040,2815
11008,24789,2073
11009,72106,2379
11010,29494,2322
11011,19866,1445
11012,99317,1890
11013,35071,2131
11014,58246,2627
11015,88536,1598
11016,84102,2239
11017,52474,1623
11018,22830,3220
11019,44805,2485
11020,47279,1735
11021,34962,2703
11022,34455,1600
11023,3743,2221
11024,6647,1219
11025,27138,1252
11026,23249,1335
11027,2188,2191
11028,81914,1788
11029,98210,1503
11030,81028,5148
11031,6774,1981
11032,91600,1615
11033,59172,1761
11034,65084,2690
11035,72378,2395
11036,38405,1548
11037,19430,3086
11038,64074,1554
11039,86551,1561
11040,53583,3849
11041,80021,3131
11042,93707,2509
11043,65511,1276
11044,21397,1988
11045,6625,1667
11046,23417,2407
11047,44923,2952
11048,230,3660
11049,11611,2613
11050,35440,1395
11051,78624,1568
11052,36347,2328
11053,55004,2354
11054,42234,2683
11055,61834,1461
11056,71879,1412
11057,59298,2125
11058,82441,5524
11059,89672,2369
11060,96940,2950
11061,23292,2477
11062,56546,2972
11063,93618,1268
11064,8063,1945
11065,87342,2913
11066,15170,2677
11067,2886,1328
11068,19924,1500
11069,95988,1640
11070,41241,1636
11071,80363,2047
11072,43757,2130
11073,31357,2138
11074,35932,1997
11075,45660,1206
11076,65615,1801
11077,45701,1261
11078,53015,2988
11079,29498,3857
11080,5326,1884
11081,23738,2055
11082,94319,2801
11083,25420,2508
11084,16027,6088
11085,61847,1339
11086,97757,2801
11087,8462,1941
11088,26084,2556
11089,44798,2512
11090,1647,1210
11091,26052,1496
11092,34910,2171
11093,49285,1774
11094,73390,1440
11095,77416,2583
11096,19947,1857
11097,54019,1413
11098,40509,1349
11099,38924,2941
11100,76476,5436
11101,72873,1282
11102,6810,1561
11103,52692,1582
11104,7225,2086
11105,73816,2678
11106,21457,1301
11107,92587,2597
11108,51998,1467
11109,55261,2018
11110,50492,2620
11111,84205,2278
11112,76623,2242
11113,43867,5083
11114,38615,1215
11115,54184,3920
11116,27398,1321
11117,51117,2868
11118,66210,1711
11119,61013,1452
11120,17702,1821
11121,79298,1564
11122,45148,5332
11123,96096,1348
11124,29947,1872
11125,58932,1313
11126,52637,3807
11127,63020,2468
11128,44480,1746
11129,10183,2092
11130,75277,2171
11131,8408,1783
11132,66238,2456
11133,47379,2185
11134,10836,1585
11135,74541,1760
11136,92061,1322
11137,21393,2277
11138,15182,2419
11139,88170,2349
11140,18212,1715
11141,79004,2857
11142,31205,1800
11143,28440,1242
11144,81534,2431
11145,7028,1946
11146,68837,2643
11147,29358,1283
11148,54485,2127
11149,37154,1430
11150,41107,3514
11151,29288,1537
11152,33352,1885
11153,11490,1807
11154,83337,1262
11155,33214,2518
11156,79016,2352
11157,54141,2778
11158,30922,2724
11159,8299,2294
11160,15770,1458
11161,26319,1477
11162,85245,1203
11163,55578,2168
11164,55800,1744
11165,10828,2895
11166,17930,2498
11167,22825,1714
11168,62259,2811
11169,70738,2417
11170,34842,5986
11171,81904,4448
11172,69996,2648
11173,19954,1695
11174,98847,2564
11175,82416,1932
11176,1017,2010
11177,71530,2327
11178,62805,2667
11179,55533,1309
11180,29008,2371
11181,73973,1943
11182,62320,1476
11183,14473,1257
11184,32292,3143
11185,7125,2278
11186,14593,1622
11187,21085,1956
11188,76277,1755
11189,23452,4547
11190,4532,3120
11191,31358,1727
11192,24492,2566
11193,20186,2913
11194,87707,1246
11195,92883,1525
11196,73935,1242
11197,40684,1453
11198,62664,2984
11199,33715,2352
11200,27566,1341
11201,29669,2592
11202,66120,2028
11203,76031,2020
11204,31119,3762
11205,99976,1987
11206,48451,2886
11207,1628,1785
11208,46392,1916
11209,63924,1880
11210,29056,1738
11211,50555,3321
11212,60021,1539
11213,9932,1422
11214,67110,2828
11215,13220,3561
11216,77831,2470
11217,60431,1701
11218,15904,1929
11219,27883,2534
11220,55958,1242
11221,83711,3005
11222,63938,1210
11223,70256,2495
11224,24204,1348
11225,30135,1953
11226,7608,2070
11227,20392,1609
11228,5511,2631
11229,1268,2751
11230,84902,2066
11231,51869,1933
11232,11680,2766
11233,27780,3246
11234,61215,2018
11235,24097,2045
11236,86694,3185
11237,89860,1817
11238,49072,2517
11239,54179,1753
11240,52387,1561
11241,89729,1854
11242,59869,1402
11243,36907,3831
11244,93793,1850
11245,89028,1458
11246,1208,5093
11247,91925,1812
11248,55411,1643
11249,70743,1821
11250,35530,3157
11251,1140,1567
11252,59889,1791
11253,14932,2507
11254,13711,2895
11255,88423,1875
11256,89792,3422
11257,52611,3171
11258,32866,1694
11259,36416,2907
11260,13621,1701
11261,49564,2784
11262,85517,1417
11263,49033,1512
11264,54379,3249
11265,52760,1392
11266,5061,9604
11267,56986,1594
11268,69198,1371
11269,51818,2265
11270,92133,1581
11271,36933,1495
11272,17376,1563
11273,62809,1573
11274,70369,1903
11275,32715,1867
11276,22751,2870
11277,17235,1866
11278,50133,1263
11279,51654,1266
11280,4738,1999
11281,51406,1974
11282,43340,2045
11283,19850,1242
11284,57083,2159
11285,67852,2391
11286,36410,1814
11287,44434,1663
11288,78013,1751
11289,65456,1258
11290,83659,2465
11291,97581,2755
11292,27091,1487
11293,14878,1603
11294,43110,2035
11295,17564,1256
11296,89591,2857
11297,18409,3437
11298,91384,1314
11299,74390,2324
11300,23271,2265
11301,89028,4765
11302,32923,1217
11303,89643,2159
11304,23596,2250
11305,23814,2512
11306,70916,2160
11307,70651,2590
11308,67433,4326
11309,55456,2206
11310,75074,6189
11311,20259,1917
11312,36510,2079
11313,66403,1571
11314,7237,1875
11315,8405,2086
11316,49091,1868
11317,1025,1353
11318,78029,2081
11319,85339,1492
11320,95036,2174
11321,60662,2478
11322,42565,2989
11323,25819,3300
11324,47186,2473
11325,57852,1414
11326,20471,2908
11327,49856,1333
11328,4488,2145
11329,70585,1673
11330,36753,1662
11331,36594,1610
11332,62517,3952
11333,16706,1318
11334,36315,1442
11335,32316,4647
11336,27017,1362
11337,71860,1764
11338,95775,2267
11339,26517,1785
11340,97113,1253
11341,34701,2949
11342,75473,2131
11343,61361,1451
11344,27193,1912
11345,95180,2997
11346,7349,1417
11347,93154,2066
11348,68545,1875
11349,96514,1728
11350,29398,1372
11351,78199,2700
11352,37330,1267
11353,83567,1270
11354,15459,1440
11355,1682,3130
11356,56905,1796
11357,74118,1888
11358,2968,2779
11359,33705,2060
11360,1069,1263
11361,4813,1823
11362,91189,2926
11363,40655,2603
11364,47789,2000
11365,94936,2788
11366,66793,2776
11367,56084,1471
11368,21666,1599
11369,39347,1378
11370,55423,1840
11371,67404,1445
11372,22930,1338
11373,34749,1286
11374,85596,3366
11375,30621,2998
11376,30959,1576
11377,73532,2036
11378,60347,1876
11379,16028,1315
11380,24419,1800
11381,32076,1287
11382,46721,1650
11383,65720,1549
11384,77251,2947
11385,97386,1888
11386,26249,3878
11387,38029,1965
11388,68472,1680
11389,47737,1329
11390,53216,3063
11391,49675,1439
11392,69749,2489
11393,50777,1355
11394,14193,2580
11395,24320,1481
11396,78732,2012
11397,10107,2330
11398,15345,2271
11399,4073,2456
11400,84144,2808
11401,48668,1714
11402,12672,1820
11403,67590,2077
11404,36968,1237
11405,59120,1344
11406,5096,1445
11407,71907,2413
11408,72848,1568
11409,37106,1513
11410,48933,1712
11411,84167,2128
11412,21703,1900
11413,11496,1227
11414,44815,2956
11415,43947,1653
11416,56221,1547
11417,43702,1328
11418,94659,2421
11419,38168,2075
11420,11557,1728
11421,9805,1854
11422,40518,3374
11423,29961,2779
11424,51465,1977
11425,44012,2068
11426,63402,1497
11427,54877,2426
11428,51923,1885
11429,3990,1973
11430,45361,1928
11431,82576,2094
11432,89184,2403
11433,25744,1395
11434,44922,2622
11435,28422,2077
11436,70048,2968
11437,22950,1528
11438,20077,1520
11439,11434,3097
11440,22144,1741
11441,1510,2380
11442,13858,1714
11443,88597,1283
11444,39243,5230
11445,19854,1488
11446,48518,1461
11447,1123,2341
11448,6440,2244
11449,71158,1912
11450,69721,2043
11451,47224,2004
11452,20270,1750
11453,14203,4025
11454,86707,1960
11455,34459,3994
11456,34265,1841
11457,47449,1704
11458,76210,5281
11459,24501,1430
11460,15982,2753
11461,34717,2250
11462,20546,1536
11463,27595,3942
11464,10069,1330
11465,52615,1986
11466,7675,1926
11467,1763,1903
11468,48895,5747
11469,73502,1358
11470,2661,1827
11471,6065,1525
11472,7428,1276
11473,21915,1592
11474,4791,1911
11475,12725,2550
11476,67740,3277
11477,86229,3055
11478,94592,2170
11479,28584,2759
11480,29147,1241
11481,89945,1636
11482,38450,1770
11483,73735,1491
11484,8172,1645
11485,72876,1455
11486,63891,1345
11487,75453,2187
11488,65100,1938
11489,79948,2552
11490,1615,2566
11491,81271,1814
11492,12201,1342
11493,4842,1673
11494,50016,1622
11495,82791,1587
11496,93395,2531
11497,37362,2137
11498,87854,1555
11499,3363,2706
11500,38355,2350
11501,13189,1525
11502,39819,2188
11503,2401,1642
11504,92345,2185
11505,16276,2073
11506,90035,1393
11507,48454,3583
11508,51679,1394
11509,70297,1964
11510,62570,1582
11511,56533,2280
11512,66523,1786
11513,22572,1235
11514,30940,1443
11515,13845,2485
11516,32777,1230
11517,60539,4455
11518,48547,2191
11519,82740,1725
11520,19273,1270
11521,91486,1345
11522,63367,2027
11523,4744,1425
11524,74914,1616
11525,42442,1735
11526,32319,2310
11527,67031,1474
11528,28333,2462
11529,89560,1234
11530,10914,2728
11531,15201,3748
11532,54934,1715
11533,15627,1200
11534,38784,2386
11535,68181,2685
11536,9406,2264
11537,19676,2639
11538,19363,1476
11539,57111,1266
11540,8765,1996
11541,44209,2052
11542,211,2089
11543,2106,2026
11544,96786,3052
11545,21013,2987
11546,46286,2625
11547,43735,2859
11548,32150,2329
11549,27884,2306
11550,70135,3614
11551,24701,2385
11552,98336,2786
11553,96220,1791
11554,95513,1339
11555,60205,1463
11556,89395,2817
11557,27280,3298
11558,65444,1602
11559,92374,2525
11560,35260,3549
11561,43410,1364
11562,12203,1489
11563,66494,2074
11564,41155,1251
11565,97402,1873
11566,2471,2612
11567,68651,2131
11568,23925,1943
11569,52124,2154
11570,70051,2101
11571,31117,2028
11572,15850,1550
11573,46252,1539
11574,27225,4778
11575,64936,2103
11576,37588,1252
11577,31380,1587
11578,94819,1456
11579,32049,2499
11580,13868,2019
11581,71241,2427
11582,21633,1649
11583,70288,2065
11584,7309,2499
11585,84859,2112
11586,87195,1579
11587,99111,1442
11588,7095,1761
11589,35278,3391
11590,38867,2282
11591,20237,2617
11592,25843,2955
11593,87619,2893
11594,2002,1288
11595,27987,1906
11596,2934,1368
11597,34568,1469
11598,51007,1739
11599,68635,2014
11600,80260,1722
11601,57371,2462
11602,58369,1287
11603,92136,2125
11604,27295,1966
11605,13238,1406
11606,74607,4056
11607,14516,1767
11608,38154,2079
11609,47546,1603
11610,38645,1337
11611,84017,2398
11612,74644,1909
11613,62753,1515
11614,21184,2190
11615,97337,1248
11616,57277,2035
11617,20447,2697
11618,70070,1529
11619,70716,1316
11620,83724,1551
11621,76549,1495
11622,78857,2271
11623,88806,2158
11624,92428,3696
11625,84484,3326
11626,67879,1611
11627,24417,1689
11628,59257,1577
11629,25267,1793
11630,41581,2439
11631,51843,1669
11632,54538,2829
11633,41480,2912
11634,67581,2107
11635,96089,10238
11636,46959,1775
11637,56328,1455
11638,30743,2189
11639,61120,2364
11640,21600,2178
11641,69702,5475
11642,23968,1296
11643,73341,1210
11644,86392,2611
11645,44662,1766
11646,43290,1661
11647,62126,1986
11648,33897,2030
11649,19641,1817
11650,36213,3752
11651,648,1558
11652,24202,1286
11653,42727,1501
11654,26884,1361
11655,37166,2268
11656,48703,2389
11657,60329,1590
11658,962,1796
11659,12584,1975
11660,20923,1722
11661,92521,2569
11662,37138,1293
11663,26968,2546
11664,32295,1569
11665,88963,1462
11666,97704,4740
11667,64483,3177
11668,89313,3136
11669,32222,1517
11670,42055,1275
11671,36250,4411
11672,56331,1434
11673,36831,2373
11674,56165,1225
11675,93169,3945
11676,29545,1743
11677,99730,2286
11678,91049,4048
11679,46463,2578
11680,30483,1987
11681,71747,2498
11682,15038,3022
11683,35967,2162
11684,60184,1456
11685,32166,2324
11686,19706,2540
11687,83260,1454
11688,88639,1766
11689,41354,1957
11690,20745,1288
11691,12264,4007
11692,75440,5509
11693,3532,5474
11694,31302,3341
11695,42638,1928
11696,12673,1228
11697,43479,18501
11698,9267,2498
11699,70843,1345
11700,52335,2882
11701,59837,2194
11702,68663,2327
11703,33979,2689
11704,92851,1909
11705,97723,2011
11706,77756,1543
11707,11307,1509
11708,28793,4640
11709,45073,1644
11710,54586,3572
11711,72266,2515
11712,79977,1390
11713,2616,4794
11714,47530,2020
11715,84743,5019
11716,55890,1465
11717,96705,1925
11718,95127,1233
11719,58904,1309
11720,21511,1730
11721,81109,2035
11722,14469,2531
11723,44802,1719
11724,72620,2417
11725,38074,1928
11726,17415,1507
11727,74304,1787
11728,52980,2384
11729,96831,1739
11730,4791,1861
11731,76781,1914
11732,24623,2547
11733,90691,1217
11734,99412,1396
11735,59095,1479
11736,72529,2202
11737,16003,2463
11738,54291,1286
11739,65134,4666
11740,93695,4082
11741,40171,1944
11742,65992,4879
11743,13218,1487
11744,28998,1445
11745,82666,1472
11746,9325,1215
11747,27059,1818
11748,57402,2700
11749,3500,3298
11750,4201,1315
11751,45015,2646
11752,61490,1211
11753,38814,1439
11754,55359,1645
11755,3174,1684
11756,47523,2504
11757,48357,1761
11758,29046,2282
11759,18069,4214
11760,32023,2255
11761,15221,1608
11762,59642,2428
11763,34967,1533
11764,96643,2862
11765,81205,1227
11766,22504,2002
11767,39371,1578
11768,67783,2425
11769,47634,2402
11770,7415,1538
11771,20768,1810
11772,245,2540
11773,34915,2640
11774,15591,2940
11775,23545,1810
11776,92945,1840
11777,10011,2861
11778,58073,1777
11779,63138,2379
11780,19874,2171
11781,49217,1456
11782,77025,1577
11783,66088,1975
11784,99997,1745
11785,63996,3224
11786,16785,1446
11787,53014,1604
11788,87462,1320
11789,84545,2275
11790,93794,1371
11791,72122,1807
11792,79012,2081
11793,51628,2147
11794,47761,2212
11795,26003,1340
11796,4783,2436
11797,24341,1888
11798,18779,3576
11799,66096,2224
11800,11263,1851
11801,64528,1466
11802,68224,2830
11803,20060,2486
11804,36995,3548
11805,28759,2006
11806,21591,2049
11807,57176,2120
11808,49117,1216
11809,89235,1680
11810,3794,1320
11811,11656,1695
11812,46630,1661
11813,88357,2527
11814,37442,1286
11815,97126,1557
11816,80608,2611
11817,14973,1411
11818,25374,2879
11819,95704,2210
11820,510,1504
11821,70336,2841
11822,72712,1423
11823,94271,1634
11824,65813,1383
11825,28622,1447
11826,2457,2137
11827,90522,1745
11828,87865,1704
11829,36137,2148
11830,19937,2820
11831,8921,2052
11832,25434,1469
11833,41202,1626
11834,84715,2459
11835,2034,2604
11836,25358,3042
11837,81383,1238
11838,49592,2402
11839,6943,4245
11840,96926,2948
11841,92623,1423
11842,42469,1846
11843,62102,1502
11844,6974,1957
11845,45282,1741
11846,90904,2638
11847,22099,2124
11848,35128,1356
11849,80343,1992
11850,50895,1481
11851,67273,1477
11852,13448,1661
11853,17191,2267
11854,73393,2319
11855,15157,2385
11856,8510,4810
11857,77875,3267
11858,75018,1313
11859,51623,2495
11860,4964,4032
11861,70300,2582
11862,30379,1815
11863,98581,2898
11864,83579,2625
11865,22092,1896
11866,70206,3596
11867,30977,2332
11868,96881,2996
11869,17177,2775
11870,38601,1997
11871,72350,6938
11872,28467,1285
11873,11011,3078
11874,6655,2105
11875,69980,3226
11876,71946,2172
11877,69498,1275
11878,67699,2445
11879,99924,2398
11880,20585,2540
11881,59796,1736
11882,7586,1549
11883,63061,2605
11884,72177,1599
11885,19026,1839
11886,67508,3026
11887,70190,1716
11888,70796,2155
11889,65846,1457
11890,56359,2379
11891,33273,3543
11892,87335,1453
11893,5516,2347
11894,49484,3872
11895,24694,1930
11896,75120,2507
11897,24559,2050
11898,93859,1497
11899,50316,1388
11900,5953,3665
11901,81302,3530
11902,96483,2703
11903,46728,2461
11904,86811,3691
11905,31770,2124
11906,34483,1641
11907,35756,2042
11908,75426,3751
11909,10230,2493
11910,45708,4338
11911,39886,2774
11912,80730,1472
11913,47226,2711
11914,7059,1930
11915,63483,2072
11916,24858,1466
11917,73696,1886
11918,73555,4315
11919,80684,1908
11920,9743,2456
11921,29577,2390
11922,30132,1363
11923,4226,1410
11924,5541,1509
11925,21987,1314
11926,22886,2033
11927,83342,1270
11928,22393,2269
11929,16722,2974
11930,15326,2566
11931,37627,1307
11932,65357,1905
11933,51743,2551
11934,46609,2573
11935,59217,1253
11936,19393,3345
11937,10539,2357
11938,24052,1937
11939,59809,1352
11940,95615,1499
11941,33041,1320
11942,21576,1599
11943,4318,2101
11944,50712,2700
11945,42887,1632
11946,84093,1623
11947,77727,1640
11948,49633,1552
11949,95291,2394
11950,95289,1531
11951,6884,1794
11952,38066,1360
11953,78913,2916
11954,66970,1304
11955,80821,4991
11956,84700,1499
11957,77827,2916
11958,67456,5733
11959,24106,3306
11960,90495,6845
11961,82126,2007
11962,82962,2880
11963,13449,1225
11964,91085,1400
11965,2151,1600
11966,17334,2072
11967,42223,1827
11968,51433,1320
11969,66407,2164
11970,27963,1538
11971,79659,2927
11972,85361,1366
11973,11594,2707
11974,97674,1599
11975,97342,1427
11976,96832,2761
11977,26758,1661
11978,40380,2396
11979,13934,2129
11980,68410,1307
11981,37817,1496
11982,43403,1582
11983,8489,1869
11984,4185,3402
11985,42021,2431
11986,48995,1934
11987,33609,1476
11988,92020,1240
11989,92481,1617
11990,84473,2940
11991,38700,1298
11992,63649,3828
11993,87751,1833
11994,62904,3381
11995,68372,2554
11996,14074,3026
11997,99784,1965
11998,92739,2066
11999,17872,2714
12000,83079,1618
12001,35682,5342
12002,22658,1470
12003,23076,2875
12004,56364,1704
12005,70366,1219
12006,55246,1517
12007,39805,1274
12008,10432,1391
12009,60556,1708
12010,95252,1684
12011,2373,1398
12012,30386,4512
12013,6613,1599
12014,26172,1671
12015,64627,2408
12016,33180,3610
12017,19580,1944
12018,40210,2396
12019,66472,2996
12020,84875,1493
12021,35103,1487
12022,56149,4501
12023,33967,4918
12024,56673,2948
12025,73633,1591
12026,5467,1981
12027,15245,3401
12028,46821,2666
12029,26330,3714
12030,77842,3312
12031,25279,2171
12032,99020,1742
12033,52960,1692
12034,54312,1257
12035,82110,1352
12036,34962,5455
12037,82965,3285
12038,33140,2719
12039,71770,3881
12040,15776,1690
12041,448,2349
12042,58867,2882
12043,35151,1393
12044,84300,1617
12045,77369,1472
12046,49205,1820
12047,50829,1976
12048,59596,3609
12049,84624,1564
12050,94056,2930
12051,61488,2225
12052,8723,2324
12053,42416,1674
12054,10736,4525
12055,10325,2245
12056,95881,1216
12057,26765,1405
12058,95426,1750
12059,42682,1968
12060,39930,2040
12061,25084,1524
12062,34621,2254
12063,4382,3145
12064,3043,1520
12065,75174,1726
12066,4566,2010
12067,50958,2079
12068,6603,2214
12069,93441,5602
12070,16023,2945
12071,16882,1971
12072,76859,1602
12073,84365,3474
12074,38915,3480
12075,91813,1923
12076,92403,2856
12077,33845,3043
12078,10201,1435
12079,6999,1307
12080,67096,1797
12081,32247,1511
12082,25859,2091
12083,93910,1250
12084,62483,4384
12085,97130,1814
12086,25114,1349
12087,80808,2723
12088,25506,5230
12089,56157,1261
12090,57011,4189
12091,66753,1395
12092,54150,1301
12093,24322,3222
12094,6541,1930
12095,78227,1843
12096,39378,2708
12097,67563,2721
12098,88332,5148
12099,8234,2318
12100,34670,2925
12101,61938,1992
12102,14060,1738
12103,20035,1399
12104,40036,1343
12105,48004,1281
12106,61841,3052
12107,60463,2016
12108,57510,1752
12109,73863,1708
12110,54196,1673
12111,1066,2406
12112,79328,3084
12113,63884,1681
12114,92985,2829
12115,64714,1504
12116,57780,2044
12117,87676,2731
12118,18244,7514
12119,9853,1499
12120,97951,1720
12121,77586,2401
12122,65399,2650
12123,52993,1789
12124,17134,2554
12125,70118,3237
12126,38749,1811
12127,1384,2702
12128,6417,3213
12129,16309,3139
12130,36652,2738
12131,50631,1534
12132,44031,1491
12133,28556,1270
12134,11922,1866
12135,35037,1434
12136,6345,4477
12137,90737,1883
12138,87271,1703
12139,97493,1232
12140,31736,1315
12141,28184,1478
12142,12586,2659
12143,56010,4382
12144,36156,1625
12145,11936,2288
12146,81803,1989
12147,33356,1454
12148,58484,1211
12149,81987,1347
12150,97479,1408
12151,68068,1711
12152,55779,2651
12153,82783,7537
12154,311,1416
12155,20202,2597
12156,80201,4103
12157,80659,1868
12158,10901,1842
12159,248,1322
12160,85348,4637
12161,71387,4041
12162,11366,3346
12163,35000,1971
12164,49004,1246
12165,55926,2153
12166,87527,1424
12167,15150,2576
12168,56900,2620
12169,10328,2336
12170,33936,1627
12171,59776,2399
12172,67321,3956
12173,77350,1519
12174,63017,2143
12175,76851,2622
12176,53986,1981
12177,26197,1320
12178,78409,1552
12179,70842,1678
12180,6343,1309
12181,52869,1496
12182,22551,2041
12183,39956,1423
12184,80315,1513
12185,64106,2542
12186,93378,2083
12187,157,1746
12188,36978,1212
12189,24218,1402
12190,41107,1595
12191,37535,2747
12192,98984,1495
12193,82077,2069
12194,73828,2442
12195,66378,1571
12196,9517,1926
12197,35389,3739
12198,99441,3180
12199,52529,1278
12200,66590,1364
12201,12170,1605
12202,77455,1686
12203,67641,1404
12204,83174,1464
12205,27376,1466
12206,77307,4677
12207,64384,2882
12208,37977,1971
12209,47489,2183
12210,39758,1983
12211,3518,1779
12212,88650,2474
12213,67458,1313
12214,22938,2896
12215,65571,2455
12216,79690,1360
12217,85997,2126
12218,85599,2396
12219,44602,2617
12220,1358,1251
12221,89637,1574
12222,64131,2605
12223,83613,1805
12224,89118,1953
12225,9263,1675
12226,2385,3556
12227,4847,1822
12228,21300,1732
12229,92148,1273
12230,76115,3713
12231,39640,1765
12232,75200,2334
12233,50489,1777
12234,5883,1810
12235,53456,2955
12236,11009,1306
12237,42749,2188
12238,31938,1652
12239,14298,1434
12240,2037,1742
12241,92230,1703
12242,94288,1398
12243,41365,1636
12244,76140,2755
12245,1048,1605
12246,98139,2846
12247,53067,3247
12248,11851,2832
12249,88629,1748
12250,4232,2051
12251,10276,1319
12252,87038,1313
12253,47988,2260
12254,78065,2807
12255,46318,3390
12256,19474,1402
12257,2462,1766
12258,79554,1272
12259,68534,3115
12260,54216,1959
12261,9403,2294
12262,1413,2004
12263,20771,2540
12264,61177,2815
12265,31927,1372
12266,87438,3483
12267,21026,1652
12268,21058,2450
12269,25233,2418
12270,78755,1788
12271,51543,1668
12272,89779,3719
12273,13727,1266
12274,33800,4060
12275,6290,2265
12276,19158,2453
12277,88509,2019
12278,19373,2989
12279,8153,1298
12280,19946,1216
12281,45768,1365
12282,17822,2847
12283,2086,3178
12284,69214,2288
12285,22300,1425
12286,26652,1598
12287,90328,1439
12288,83027,1301
12289,28093,2366
12290,4724,1944
12291,50970,2592
12292,99851,2485
12293,12540,3308
12294,47112,2283
12295,98790,5353
12296,87837,2178
12297,123,1390
12298,55705,1806
12299,46000,1524
12300,50207,1920
12301,93329,1651
12302,88576,3306
12303,2144,1521
12304,99301,3212
12305,89513,2721
12306,75569,2478
12307,293,2266
12308,78062,1476
12309,8663,1466
12310,31567,1466
12311,3453,2524
12312,15736,2970
12313,35087,1685
12314,53156,1395
12315,54928,1230
12316,3737,1924
12317,22216,2600
12318,32017,3219
12319,88461,2129
12320,22482,2650
12321,44850,2415
12322,59003,1200
12323,18907,1438
12324,65304,2483
12325,74940,2831
12326,98282,1978
12327,78543,12766
12328,72551,1279
12329,9840,1896
12330,83150,1235
12331,99716,2008
12332,99778,1895
12333,99400,1743
12334,67314,3103
12335,78767,1877
12336,21984,1716
12337,58072,1415
12338,34804,1213
12339,92632,2105
12340,13110,1972
12341,16394,1905
12342,21907,1299
12343,53680,2228
12344,12861,2172
12345,10438,5049
12346,22836,1414
12347,18879,2666
12348,74012,2182
12349,26542,1795
12350,1021,2771
12351,75257,2449
12352,94045,2275
12353,79399,2309
12354,14434,2467
12355,41777,2891
12356,56666,1337
12357,6490,1441
12358,33512,3463
12359,46014,2111
12360,14119,1850
12361,44713,1492
12362,19647,6032
12363,25012,3989
12364,31170,2939
12365,99531,1904
12366,29228,1295
12367,48143,2230
12368,72139,1832
12369,55378,2978
12370,20543,3142
12371,31461,2239
12372,5661,2102
12373,89340,2389
12374,635,1311
12375,13197,3426
12376,33982,4261
12377,27301,2047
12378,72975,1943
12379,12510,1268
12380,31355,1835
12381,53350,2421
12382,97330,3004
12383,43388,2701
12384,99016,4014
12385,26160,3085
12386,86351,1698
12387,5257,1455
12388,71522,3012
12389,46019,2052
12390,87355,4089
12391,58625,4179
12392,53426,2282
12393,29182,1362
12394,15087,3432
12395,29649,1232
12396,67982,4032
12397,23858,2195
12398,89302,1304
12399,26376,2906
12400,51417,1731
12401,49869,2254
12402,86409,2738
12403,12030,2457
12404,82511,1535
12405,15138,1400
12406,61076,3039
12407,91176,2759
12408,44702,2734
12409,77249,1804
12410,86320,1420
12411,6724,2039
12412,14919,2411
12413,21779,5327
12414,98189,2764
12415,27815,1585
12416,16709,1571
12417,48238,2310
12418,58201,2483
12419,43060,1230
12420,46207,3040
12421,33566,1905
12422,82603,3276
12423,15133,3243
12424,23914,1591
12425,14037,1273
12426,71725,2302
12427,18533,1376
12428,26587,2071
12429,64567,1528
12430,16759,1313
12431,32891,1525
12432,1972,1966
12433,82255,3357
12434,72642,2230
12435,38955,4874
12436,3724,1406
12437,62970,2589
12438,44530,2065
12439,39174,1277
12440,34289,1750
12441,27511,3799
12442,15468,1382
12443,18717,8510
12444,76272,1383
12445,71467,2213
12446,54427,2034
12447,47359,2167
12448,56643,1363
12449,53076,1657
12450,9031,1245
12451,92447,3214
12452,2748,2332
12453,14074,3591
12454,6238,1643
12455,85643,2253
12456,76736,2974
12457,21778,2573
12458,97871,1407
12459,86148,1240
12460,87545,1963
12461,30564,4250
12462,85421,1936
12463,50505,3231
12464,87726,2189
12465,95924,2403
12466,69077,3102
12467,52661,2168
12468,68568,2737
12469,52320,1890
12470,62937,2921
12471,75337,1963
12472,56382,2805
12473,38261,2123
12474,89368,1535
12475,39360,4243
12476,61520,2312
12477,84794,1944
12478,95985,1274
12479,29200,1590
12480,33869,2449
12481,66869,1395
12482,95410,1475
12483,99134,1459
12484,29157,1362
12485,24351,2458
12486,1644,2332
12487,36781,2841
12488,8392,1252
12489,39822,2635
12490,75735,1433
12491,51776,4984
12492,2412,6398
12493,81433,2124
12494,86371,2264
12495,76327,1678
12496,70748,3064
12497,72078,2275
12498,65858,1863
12499,13733,1377
12500,27586,2764
12501,39935,2381
12502,16709,3942
12503,94151,2249
12504,3653,3289
12505,90811,1858
12506,26284,1858
12507,82965,2725
12508,39040,3164
12509,47257,1556
12510,95529,2212
12511,78275,3702
12512,17812,1398
12513,33116,5081
12514,72532,2170
12515,43964,2075
12516,86206,2375
12517,22663,7902
12518,55614,2260
12519,93448,2069
12520,74964,2886
12521,92714,2175
12522,55879,2139
12523,55356,1791
12524,41411,2879
12525,16912,1263
12526,16727,1846
12527,89621,1526
12528,28571,3757
12529,6908,1570
12530,80959,2175
12531,31240,1653
12532,45338,1701
12533,5705,1715
12534,79119,1333
12535,47303,2780
12536,65990,3259
12537,94164,1669
12538,33746,3152
12539,75908,1742
12540,65296,2985
12541,90403,2762
12542,87289,2014
12543,96544,2357
12544,51942,2622
12545,63079,1219
12546,55048,3174
12547,13886,1749
12548,45149,1363
12549,46913,1419
12550,79133,1429
12551,50185,2654
12552,79198,1392
12553,18682,1390
12554,14215,1723
12555,49791,5335
12556,12745,2104
12557,57710,1630
12558,41489,2528
12559,1163,1551
12560,35802,1231
12561,63324,2106
12562,38746,1443
12563,74522,1986
12564,43546,1232
12565,26443,2225
12566,78756,2216
12567,49869,3346
12568,47925,1844
12569,10970,2260
12570,89341,2251
12571,88053,1978
12572,80549,2035
12573,96040,2064
12574,50824,2175
12575,11123,2632
12576,26513,2809
12577,53415,2285
12578,62147,1388
12579,50950,2853
12580,39568,3140
12581,83609,2736
12582,56642,2224
12583,60695,1207
12584,67088,1993
12585,237,2150
12586,41430,2646
12587,60625,1530
12588,69261,2185
12589,65898,1804
12590,84083,1503
12591,56641,2418
12592,97230,1773
12593,24130,2686
12594,51214,1696
12595,86498,2790
12596,48379,2153
12597,79460,3000
12598,2694,2005
12599,42168,3095
12600,92353,2423
12601,69484,2039
12602,55670,3472
12603,83397,2324
12604,23344,1364
12605,18111,1233
12606,3915,5580
12607,62722,1305
12608,15640,3079
12609,76090,2169
12610,82941,1816
12611,40900,6386
12612,51677,3472
12613,61537,1565
12614,90847,2773
12615,55365,1338
12616,11546,2334
12617,74186,2190
12618,78245,1300
12619,84678,1293
12620,71760,1780
12621,79431,2176
12622,47758,1677
12623,5020,2298
12624,41978,1967
12625,10897,1902
12626,57391,2752
12627,35670,1829
12628,3837,2823
12629,53257,2002
12630,12356,2380
12631,97193,4281
12632,3908,1966
12633,26711,3689
12634,55298,2510
12635,68716,1672
12636,78271,3419
12637,57215,1342
12638,48434,2137
12639,28559,1417
12640,53544,2096
12641,82072,1411
12642,57663,1686
12643,3190,3040
12644,49255,1748
12645,37543,1246
12646,21227,2152
12647,62382,1304
12648,77737,2826
12649,35332,1524
12650,96710,1625
12651,90255,1599
12652,54816,2892
12653,71323,2002
12654,63245,2228
12655,57316,2307
12656,85190,3354
12657,58691,1244
12658,41702,1605
12659,41780,1599
12660,22130,1577
12661,34995,1280
12662,55295,1856
12663,7620,2490
12664,87007,1378
12665,47619,2231
12666,32241,2081
12667,93024,1514
12668,2985,3739
12669,44414,3633
12670,71451,2687
12671,34356,1356
12672,66005,1472
12673,77703,1931
12674,17520,1875
12675,81286,1417
12676,16867,2314
12677,20369,1488
12678,92589,2992
12679,8354,1817
12680,57606,1410
12681,79457,2332
12682,35163,1237
12683,11566,1466
12684,83833,2399
12685,8957,2475
12686,3224,1996
12687,74004,1680
12688,9203,1351
12689,79605,1257
12690,74305,2428
12691,25454,1699
12692,43599,2355
12693,20541,2429
12694,99737,1688
12695,86705,1214
12696,17244,1533
12697,5745,1441
12698,2885,1702
12699,49971,2227
12700,71977,3383
12701,4216,2703
12702,34864,3436
12703,42587,1447
12704,11093,2833
12705,5584,1763
12706,77328,2378
12707,53900,2492
12708,98507,2970
12709,38950,1547
12710,34172,2280
12711,83118,2056
12712,80389,1725
12713,71561,2933
12714,99877,2738
12715,70940,2335
12716,21121,2437
12717,73057,1783
12718,63124,1965
12719,50576,2601
12720,18733,2038
12721,83584,1379
12722,79353,2220
12723,66715,1253
12724,38766,1504
12725,28243,2031
12726,95329,2126
12727,60047,1501
12728,27765,1518
12729,10857,2532
12730,92609,1619
12731,88626,3062
12732,80597,1494
12733,46830,2131
12734,77956,2020
12735,91691,2246
12736,87899,1434
12737,63258,2862
12738,23487,2867
12739,66775,1618
12740,72257,2229
12741,69698,1390
12742,80625,1293
12743,57603,1653
12744,90199,1251
12745,96798,2704
12746,49919,2093
12747,25887,1431
12748,18046,1992
12749,7729,1804
12750,84620,2376
12751,92880,2475
12752,33349,2627
12753,23445,1610
12754,90389,2401
12755,26771,3002
12756,73578,1769
12757,32027,1353
12758,67048,3340
12759,12193,2498
12760,56335,2376
12761,2680,2321
12762,65834,1815
12763,98759,1714
12764,6049,2016
12765,51166,1955
12766,65718,1296
12767,37776,2135
12768,64861,2287
12769,59774,2566
12770,26751,1434
12771,4344,1489
12772,7511,1958
12773,68826,2656
12774,83381,1803
12775,81740,2756
12776,50730,1265
12777,48956,2408
12778,97388,1657
12779,36845,2096
12780,1096,1332
12781,33843,2849
12782,46070,1327
12783,80193,2325
12784,51084,2623
12785,31675,1224
12786,88168,2609
12787,86918,2707
12788,21559,1494
12789,79761,2163
12790,29485,1574
12791,88339,1395
12792,84358,1976
12793,9428,1339
12794,81474,1896
12795,87470,2593
12796,96369,1420
12797,25936,1315
12798,92942,2915
12799,15744,2527
12800,56768,1554
12801,53965,1244
12802,53499,1389
12803,75343,1345
12804,78901,1328
12805,84024,1999
12806,87788,2212
12807,27184,2200
12808,86007,1493
12809,13790,2176
12810,60494,1200
12811,30668,1224
12812,9451,1974
12813,1770,1808
12814,12426,1287
12815,26384,1493
12816,35473,2679
12817,95372,2818
12818,49199,2992
12819,52229,1322
12820,1940,1658
12821,31112,1780
12822,21608,2230
12823,93410,2462
12824,20835,2892
12825,69901,1725
12826,16540,4025
12827,76146,2519
12828,55504,1251
12829,35055,3032
12830,24813,2888
12831,61243,1625
12832,65162,1210
12833,52740,1728
12834,80075,3311
12835,16865,1407
12836,9957,2058
12837,78872,3553
12838,46653,3213
12839,41379,3058
12840,54494,1346
12841,61850,1728
12842,78723,2572
12843,64648,2695
12844,17630,2481
12845,50600,2860
12846,54644,1313
12847,72333,1913
12848,87609,4060
12849,7893,2373
12850,67597,2682
12851,93200,2900
12852,14783,1222
12853,56707,1454
12854,99006,2358
12855,24075,4294
12856,40764,1430
12857,61136,1755
12858,64723,2771
12859,74918,1284
12860,21676,1902
12861,44174,4014
12862,60256,2827
12863,46588,2431
12864,60574,1362
12865,73260,1566
12866,50462,1333
12867,43042,2067
12868,65672,1323
12869,53054,3014
12870,88360,2631
12871,60034,2885
12872,63162,2203
12873,3188,2071
12874,36697,1601
12875,95218,3966
12876,45582,2311
12877,39351,2194
12878,27199,2120
12879,88529,2003
12880,220,1396
12881,77440,1558
12882,15781,1375
12883,71400,1490
12884,11955,2879
12885,85787,1908
12886,69048,2135
12887,30678,1693
12888,84554,1733
12889,38062,1487
12890,72436,2937
12891,63287,1570
12892,45558,2246
12893,50782,4846
12894,51423,3321
12895,95319,2173
12896,11695,2810
12897,17285,2427
12898,99010,2640
12899,43727,2490
12900,84948,3965
12901,37503,4870
12902,72810,1980
12903,77302,3011
12904,91267,3850
12905,89684,2818
12906,13558,1636
12907,38542,1991
12908,50670,2496
12909,87228,2065
12910,24409,1794
12911,15280,2578
12912,1570,4733
12913,22737,2866
12914,60426,1499
12915,97359,1548
12916,99677,2477
12917,82437,2231
12918,4475,1727
12919,82108,1426
12920,36118,1305
12921,46735,5256
12922,5399,2633
12923,33207,2079
12924,99945,1380
12925,25212,2880
12926,92450,1289
12927,11430,1761
12928,65133,1204
12929,67049,1582
12930,83363,1410
12931,44288,1748
12932,23008,2084
12933,36161,2901
12934,57081,1458
12935,47021,2854
12936,1530,2540
12937,56321,2499
12938,83434,4030
12939,87773,6333
12940,64468,2264
12941,95858,1588
12942,10480,1540
12943,60881,1448
12944,63671,3509
12945,18313,2337
12946,28863,1543
12947,92557,1947
12948,31476,1812
12949,77339,6006
12950,18325,2630
12951,85903,3171
12952,77183,2734
12953,40224,2619
12954,67191,1504
12955,62390,1921
12956,2756,2593
12957,11278,3410
12958,59617,2925
12959,83826,3750
12960,22230,1367
12961,28535,4080
12962,79542,3642
12963,42727,1774
12964,18395,1520
12965,43365,2259
12966,36589,1661
12967,46430,2870
12968,73303,1661
12969,17789,1537
12970,59625,2555
12971,2068,1878
12972,43155,1307
12973,59309,1274
12974,84663,1295
12975,88130,1615
12976,34786,1803
12977,87693,1211
12978,32727,2287
12979,19541,2032
12980,3874,2384
12981,87083,2467
12982,62968,2308
12983,76877,2637
12984,90548,2477
12985,12252,1515
12986,79408,2399
12987,76617,1750
12988,62108,2508
12989,62706,1565
12990,8953,3482
12991,75456,2726
12992,40427,1242
12993,53243,1587
12994,70263,2628
12995,45050,1221
12996,11489,2153
12997,19710,2076
12998,47509,1766
12999,25854,2763
13000,44092,1830
13001,35278,2674
13002,11970,1593
13003,4281,1614
13004,97970,2619
13005,75998,3052
13006,99567,1505
13007,15562,3298
13008,60972,2071
13009,15954,1554
13010,46335,2989
13011,30231,1667
13012,35446,1303
13013,99271,1391
13014,40580,1598
13015,51137,1470
13016,1514,1345
13017,2281,3479
13018,22083,1283
13019,80305,2498
13020,14708,2378
13021,43389,3627
13022,28404,1347
13023,82578,1487
13024,74615,1508
13025,13983,2241
