",""num_police"",""cout_sin"""
1,20414,1654
2,81516,1828
3,95200,1365
4,62451,2696
5,82757,1934
6,69399,2603
7,11021,2158
8,96173,2775
9,93717,1997
10,68768,2510
11,9658,1236
12,50775,1363
13,729,3291
14,52565,1536
15,13335,6073
16,42560,1491
17,80549,1603
18,14279,2814
19,87161,2612
20,89078,1526
21,68573,2019
22,48188,1950
23,49967,1637
24,77734,2646
25,99390,1295
26,97529,1343
27,63261,2309
28,40445,1514
29,42077,2134
30,41188,2271
31,3891,1843
32,99081,1537
33,82239,2852
34,63412,1851
35,96913,1913
36,37500,1435
37,2662,2831
38,86230,1996
39,62924,1331
40,82197,1327
41,3566,2870
42,70561,1856
43,48800,1570
44,84762,1624
45,94577,1595
46,74657,1203
47,54940,1822
48,68292,3094
49,64872,1820
50,62754,1267
51,59464,1348
52,42181,1692
53,4686,1338
54,65398,1458
55,39193,1299
56,36781,1999
57,598,1470
58,78111,3622
59,73306,1298
60,39852,2002
61,15577,1352
62,54342,2684
63,43405,1949
64,43096,1274
65,88201,1704
66,88209,1556
67,85052,2156
68,73171,4444
69,50934,3035
70,97250,1203
71,35276,2704
72,88483,2677
73,84860,3145
74,57120,1460
75,57476,1410
76,43120,3319
77,7850,2473
78,70764,2347
79,72623,3114
80,213,2195
81,30117,2008
82,35594,4818
83,88263,1988
84,37290,1480
85,96558,2225
86,32052,1268
87,95809,2438
88,19804,1610
89,37762,1443
90,63725,4032
91,15627,2004
92,38092,2952
93,5728,1898
94,67184,1317
95,18162,1355
96,61050,1905
97,11536,2891
98,63906,2304
99,98661,5004
100,5370,2494
101,77717,1676
102,98691,1988
103,8811,2890
104,89563,7485
105,16271,1832
106,63949,1817
107,3100,1760
108,12081,2335
109,61466,1291
110,75943,3129
111,54163,1319
112,46786,2381
113,27628,1356
114,58439,2282
115,72678,1973
116,45672,1481
117,60110,2728
118,10772,1997
119,66324,2267
120,69918,1266
121,3478,2726
122,61483,1960
123,93399,1661
124,82215,1290
125,39952,4264
126,43470,1545
127,94105,1566
128,1444,2762
129,36390,1968
130,52939,1243
131,82413,2207
132,17061,1927
133,32957,2072
134,58774,1704
135,53147,1270
136,14872,1805
137,63987,1475
138,27134,1596
139,1101,2367
140,70836,1435
141,48974,1352
142,47475,1352
143,81179,1763
144,43793,1791
145,58862,1446
146,71773,3249
147,71507,2715
148,65954,3263
149,77294,1519
150,86484,2533
151,36752,1664
152,48578,2148
153,80611,1746
154,43566,1307
155,90142,1802
156,66165,1420
157,992,1586
158,50034,1988
159,9084,1205
160,71105,1563
161,26094,1999
162,92142,1988
163,23279,2035
164,60589,1400
165,17045,1343
166,87582,1397
167,17507,1288
168,88464,1647
169,7819,2271
170,83073,1986
171,83025,1381
172,23391,1423
173,50432,1573
174,14055,1460
175,91696,2486
176,33684,2052
177,41985,2290
178,9357,1643
179,66278,1631
180,72258,1803
181,20,1703
182,90199,1432
183,50585,3427
184,23814,2230
185,87571,1861
186,26515,3502
187,32764,2599
188,79862,2558
189,30351,2594
190,16543,3212
191,37004,1219
192,99266,2103
193,82235,2629
194,7258,2702
195,4934,2163
196,5548,2262
197,14413,1768
198,29304,1577
199,43853,2685
200,67645,1562
201,795,1828
202,53096,2609
203,47959,3958
204,52579,1771
205,19795,3506
206,20140,2022
207,42975,1453
208,23751,3120
209,33006,1319
210,20527,2429
211,85576,1770
212,15021,2812
213,410,1458
214,13570,2335
215,13829,1861
216,55128,1214
217,27295,2789
218,42861,1276
219,55857,4497
220,72941,2973
221,95030,2202
222,11698,2242
223,4647,1791
224,50248,1511
225,79210,3679
226,97356,1470
227,91653,1787
228,52454,1380
229,78792,2084
230,53029,1894
231,82467,1214
232,11816,1396
233,7074,1600
234,56225,2449
235,26464,1210
236,67685,2757
237,43393,2793
238,26686,1878
239,88247,1938
240,16481,2958
241,44785,1675
242,63708,4224
243,80088,2082
244,96734,1847
245,3684,1939
246,45534,2378
247,49086,1437
248,80217,3384
249,44590,2733
250,58912,2930
251,90342,1752
252,81124,2514
253,89520,2382
254,83792,1235
255,71002,1669
256,71635,2594
257,89391,1314
258,43323,1463
259,88547,1361
260,58800,1833
261,2148,2278
262,95632,2020
263,67275,3032
264,61228,2321
265,84189,1827
266,80350,2255
267,60793,1203
268,78065,1775
269,14447,1219
270,80170,1238
271,77183,1803
272,60069,1843
273,53559,4570
274,92648,1631
275,22662,1247
276,76825,4510
277,88123,6680
278,8416,2014
279,84579,1306
280,86392,2328
281,87532,3405
282,69006,1991
283,31582,2225
284,5352,1586
285,44969,2619
286,78156,1281
287,42985,1236
288,43986,1700
289,5132,2510
290,82949,2174
291,31280,1782
292,5116,1770
293,52210,2017
294,32850,2720
295,94849,2293
296,51174,2019
297,5048,3263
298,45735,1547
299,21694,1691
300,73656,1598
301,27936,1514
302,49270,2306
303,51016,1281
304,24348,2270
305,44320,1546
306,94019,2300
307,19001,1586
308,34853,3431
309,65231,1671
310,30539,2034
311,29726,1625
312,30172,1416
313,40916,1977
314,69498,1785
315,73446,1490
316,15682,1902
317,74669,1387
318,29289,2704
319,45075,1922
320,18867,1879
321,29173,2269
322,16529,2506
323,9139,1547
324,83870,1429
325,95610,1994
326,4124,1613
327,29191,2278
328,24518,2680
329,14053,2315
330,8008,2971
331,47323,2017
332,76216,1793
333,59870,2218
334,7416,4118
335,33731,2300
336,53477,1805
337,98168,2304
338,62137,2048
339,24070,1713
340,30047,3593
341,70917,2368
342,12740,1833
343,77244,2153
344,81593,2161
345,82632,1403
346,19395,3716
347,79952,1584
348,27812,1408
349,95569,3111
350,15103,1880
351,87881,1772
352,44396,2768
353,27659,2458
354,41722,1545
355,73444,1599
356,63655,1640
357,10356,1567
358,22861,1625
359,41195,2986
360,18976,2717
361,92117,3368
362,89096,1239
363,62887,1584
364,4184,1271
365,93082,2986
366,30693,1383
367,93820,1674
368,27943,1388
369,36629,1469
370,6526,2249
371,54275,1385
372,38393,2825
373,32086,1348
374,35852,2624
375,81087,1266
376,92593,1882
377,89841,2632
378,19355,2124
379,39675,1725
380,62247,3411
381,59822,3281
382,37604,1507
383,98324,2165
384,4406,1580
385,63761,2023
386,89359,2541
387,49000,1247
388,42345,2684
389,12725,1371
390,90760,1881
391,62496,2156
392,41443,2553
393,29307,1846
394,96880,1211
395,68204,1637
396,79458,2337
397,61105,1537
398,49654,1255
399,4358,1473
400,51615,2041
401,24643,1290
402,57222,1357
403,16730,2561
404,86783,1219
405,22566,1786
406,77642,2387
407,84669,3417
408,43232,1258
409,8274,1355
410,76795,2190
411,17068,1721
412,46523,2591
413,34019,1705
414,8112,2777
415,39740,2232
416,48468,1475
417,94382,1263
418,50650,2939
419,90737,1205
420,60538,2694
421,47075,2381
422,67319,1933
423,59522,2427
424,8475,2155
425,85136,1722
426,21062,2642
427,43776,1980
428,67699,1872
429,95200,1501
430,61910,3075
431,22750,1375
432,17781,2281
433,4721,1692
434,86757,3190
435,89728,2440
436,48599,1787
437,87049,3572
438,98421,1604
439,37141,2600
440,95108,1464
441,40240,1255
442,37831,1248
443,3353,2036
444,1876,3492
445,94553,2694
446,69943,1380
447,24585,2169
448,93569,1857
449,58152,1802
450,91015,5791
451,3928,2966
452,27424,2036
453,64124,2120
454,21605,1829
455,64098,3024
456,4195,2716
457,82410,1826
458,45727,1411
459,33406,3211
460,43639,1570
461,20598,2272
462,63178,5324
463,78619,2763
464,72434,6182
465,68251,2494
466,49228,2452
467,83467,1605
468,42485,1809
469,34193,2639
470,10508,2279
471,16843,3312
472,74129,1716
473,59647,2027
474,65754,1704
475,12570,3457
476,64243,2034
477,57334,1430
478,3566,2429
479,69699,1527
480,52998,2544
481,14223,2254
482,65365,1567
483,86148,3710
484,5614,2072
485,18769,2612
486,55305,2587
487,21804,5202
488,63327,2843
489,81563,5492
490,10066,2190
491,24130,4439
492,387,2044
493,94911,4328
494,35912,1405
495,9273,1563
496,9817,1658
497,81891,1893
498,48159,2070
499,3821,2212
500,20443,1222
501,54762,2718
502,68695,2472
503,73550,1305
504,27740,1207
505,26331,2816
506,71288,2719
507,15656,1467
508,46309,1371
509,46222,3837
510,19454,1946
511,11603,1564
512,78884,1696
513,1121,2734
514,19711,1683
515,48790,1643
516,5620,1766
517,95726,1287
518,40477,1520
519,3475,1773
520,51180,1764
521,7275,1233
522,71829,1404
523,17853,3452
524,50520,2236
525,78083,1340
526,37091,2720
527,63176,1699
528,67324,1626
529,30488,2275
530,20904,1494
531,41076,3202
532,6238,1429
533,93308,2265
534,15480,2961
535,48240,3463
536,84645,3038
537,11554,1539
538,69296,2939
539,75659,1700
540,92035,1550
541,60416,2931
542,47785,1514
543,98708,2155
544,80229,1732
545,40484,3233
546,17156,1853
547,5861,2435
548,69870,1535
549,19898,2723
550,58128,1334
551,3400,2849
552,51919,1782
553,9779,2180
554,51501,2367
555,58150,2797
556,76002,1337
557,30327,1538
558,84252,1453
559,11782,2097
560,33410,3937
561,84730,2344
562,68800,2699
563,31536,2869
564,39068,4320
565,740,1636
566,75759,1351
567,67057,2414
568,22747,1875
569,15853,1392
570,98898,2165
571,58615,1204
572,93407,2377
573,85591,1837
574,51959,2066
575,24699,2388
576,96264,2685
577,59444,1369
578,93642,2699
579,38644,1632
580,17314,1599
581,73396,1552
582,7927,2045
583,65145,2763
584,47153,3440
585,8025,1338
586,75060,2455
587,60201,1234
588,32170,1408
589,35371,1615
590,63024,1790
591,49759,4598
592,22710,2094
593,84088,2533
594,87963,2917
595,74157,1288
596,84913,1929
597,74914,1765
598,94118,1894
599,33339,1447
600,4010,1616
601,98843,1415
602,51078,2407
603,98650,1336
604,83208,1726
605,81713,1407
606,46260,1285
607,77186,1583
608,6766,2744
609,60706,1809
610,82432,1490
611,63602,2761
612,68698,2197
613,46956,1893
614,19637,1734
615,10636,2071
616,70582,1583
617,55565,1595
618,13446,1524
619,57042,2687
620,23404,1483
621,26714,1509
622,91513,3013
623,65504,1605
624,20798,2970
625,47033,3342
626,66528,2194
627,70634,1769
628,69249,1565
629,24588,2710
630,70370,2884
631,6489,1789
632,29874,1991
633,32419,2455
634,84675,1700
635,94091,2086
636,4506,1843
637,28388,1725
638,79947,3604
639,52132,5886
640,90985,1229
641,55729,1540
642,43004,1798
643,90763,2368
644,24102,2026
645,27907,1833
646,92718,2751
647,65767,2431
648,60146,2070
649,48250,3494
650,43871,2740
651,29852,2915
652,47924,1280
653,7505,2228
654,33270,1289
655,17524,1321
656,73125,1444
657,21184,2597
658,71042,3479
659,14595,6182
660,73698,2571
661,3134,1838
662,47776,1485
663,49605,3777
664,89970,1298
665,30694,1337
666,79675,2473
667,85730,2399
668,34755,3540
669,61445,1643
670,54793,1877
671,10473,1678
672,2765,1649
673,99682,2379
674,63824,1743
675,45907,1743
676,83519,2009
677,40077,2633
678,57475,1530
679,81715,2013
680,14909,3855
681,5430,2287
682,47827,1367
683,83127,1773
684,92951,1996
685,61478,2156
686,83802,2040
687,5436,3716
688,73391,2044
689,3565,1234
690,63672,2413
691,98000,3053
692,41436,2522
693,82832,1617
694,69716,1429
695,2884,1631
696,68276,1725
697,68903,1343
698,36577,1355
699,21128,1422
700,39459,1315
701,52097,2373
702,20103,1353
703,49125,2398
704,70188,2058
705,65137,3576
706,21120,10097
707,65529,1789
708,70951,2202
709,79276,1485
710,65110,3249
711,76663,1474
712,71389,1284
713,41647,1206
714,78862,2186
715,28033,1203
716,25935,5960
717,48300,3471
718,84082,2782
719,57001,3764
720,41621,1366
721,31580,2734
722,48114,2361
723,75521,3080
724,65846,2617
725,42511,1577
726,65648,1367
727,1340,1419
728,96867,2093
729,76611,2189
730,48086,4393
731,42123,2168
732,37502,2373
733,18783,1686
734,55987,3793
735,98144,1211
736,70843,2165
737,40754,1985
738,77858,1981
739,31951,1750
740,98188,1236
741,35503,2513
742,93352,2031
743,61605,2247
744,68878,2595
745,21056,1448
746,48312,3036
747,96571,4685
748,40097,1571
749,61913,1580
750,76051,1383
751,94885,3961
752,30687,1753
753,21141,2051
754,58657,1326
755,53217,2005
756,80414,2903
757,65332,2050
758,19147,1871
759,72700,2218
760,78111,1204
761,72542,1845
762,50791,2681
763,314,1278
764,99804,2194
765,8180,1879
766,89567,1418
767,3299,1373
768,10182,1805
769,41339,1402
770,93700,1546
771,97044,1211
772,25346,1910
773,88601,1913
774,38107,1692
775,3659,2878
776,89962,1852
777,70341,2150
778,91933,3006
779,43675,2516
780,80288,2394
781,57946,2774
782,27180,2030
783,10169,3075
784,53160,3701
785,3014,1242
786,31577,3840
787,61428,2137
788,59534,2524
789,34180,1527
790,5251,2658
791,47768,2405
792,77183,2629
793,63068,2494
794,1882,1217
795,41885,1807
796,77198,1242
797,3714,3563
798,41198,2742
799,1421,2939
800,66063,2545
801,63891,1446
802,52739,2483
803,68703,1487
804,71753,1227
805,51368,3269
806,53076,1356
807,13118,1486
808,87902,1739
809,41014,2447
810,75521,2935
811,2853,4308
812,78025,3534
813,880,1629
814,56308,2800
815,31246,1556
816,93984,1785
817,80582,3388
818,85419,1324
819,94434,2443
820,69971,1259
821,95959,2923
822,81363,1414
823,23364,1366
824,82784,1528
825,17493,5041
826,24088,1380
827,40920,1349
828,91323,1208
829,34764,3728
830,33736,1354
831,74952,1642
832,7541,2423
833,35522,2226
834,39326,1973
835,48925,2653
836,36686,1661
837,22727,1319
838,64735,1667
839,3211,1394
840,57786,2705
841,39001,2667
842,49209,2131
843,82989,2117
844,82738,2811
845,91417,1490
846,47681,2195
847,36782,2339
848,59930,1206
849,22867,1260
850,87183,1964
851,56418,2315
852,53803,1553
853,11892,1477
854,88241,2648
855,85930,1615
856,95786,1201
857,99385,2998
858,88912,2760
859,15907,1960
860,94779,1650
861,8536,1238
862,21442,1273
863,51963,2352
864,78733,1831
865,16748,1878
866,36850,3215
867,4629,5787
868,51618,2474
869,71149,1366
870,61953,1525
871,61679,1522
872,62608,2010
873,39516,1877
874,33648,1653
875,54186,2582
876,83093,3047
877,15854,1263
878,32407,3220
879,47991,1477
880,51196,3594
881,81068,1468
882,23329,3692
883,60690,1506
884,96117,1220
885,17243,1201
886,65035,1780
887,97375,1904
888,27515,2143
889,92585,1677
890,23095,1984
891,39104,3693
892,15401,1668
893,69163,2527
894,63077,1715
895,78917,1558
896,84680,3879
897,66669,3132
898,46193,1395
899,83231,1423
900,2819,3248
901,80962,1426
902,7375,1581
903,11607,2512
904,95363,1767
905,89252,1610
906,27500,1657
907,62305,2237
908,18923,4011
909,78852,1326
910,16558,1342
911,36249,3853
912,6421,1830
913,57701,2437
914,43230,1433
915,16463,1629
916,58997,1873
917,82080,1664
918,96545,2007
919,68204,2184
920,95630,4137
921,46010,1375
922,41146,2806
923,24094,2639
924,81869,2726
925,36899,2490
926,42697,2740
927,6478,1931
928,11966,2494
929,94877,1793
930,4288,1295
931,77008,1295
932,79834,1386
933,64912,1938
934,45936,1637
935,33600,1496
936,88387,2418
937,51881,1301
938,67351,1718
939,59019,7909
940,15905,2302
941,42363,1621
942,14125,1205
943,33435,1961
944,1585,6750
945,46259,1326
946,21752,1650
947,50001,3293
948,7014,2312
949,79949,1383
950,69714,1759
951,64848,1336
952,58815,3038
953,46103,2271
954,42147,1346
955,62212,4401
956,91650,1454
957,8853,3259
958,55996,1557
959,8475,2582
960,79369,5603
961,39238,2190
962,84096,1270
963,9178,3319
964,31568,2445
965,57014,1870
966,95471,7010
967,48357,2539
968,56620,2205
969,20146,1258
970,15100,2084
971,15044,2082
972,37063,1603
973,5347,1749
974,85059,1398
975,51461,2615
976,80614,2100
977,49957,1214
978,57574,1485
979,68300,2747
980,26237,2074
981,59690,2032
982,30954,1404
983,92908,1389
984,25365,3437
985,75613,3045
986,48423,1768
987,13075,1305
988,41309,2601
989,24654,1704
990,25422,3342
991,64118,2868
992,74665,2880
993,87660,2721
994,16937,1547
995,52593,2700
996,88569,1443
997,25011,2143
998,67853,1996
999,39406,1257
1000,82149,1209
1001,28023,2628
1002,16184,2780
1003,7565,2653
1004,5187,2910
1005,45783,2083
1006,97163,2080
1007,83666,2049
1008,92382,2224
1009,57988,1719
1010,11957,3834
1011,3956,1450
1012,18070,1355
1013,15235,1291
1014,48261,1786
1015,60860,1704
1016,57620,2331
1017,89097,1217
1018,80372,2011
1019,62668,1739
1020,81384,2464
1021,69936,1209
1022,94892,2995
1023,20570,1859
1024,63158,3306
1025,23055,2214
1026,83771,2606
1027,36311,3258
1028,72101,1438
1029,40941,2103
1030,98291,1739
1031,75231,1714
1032,26061,4454
1033,605,1933
1034,20019,3217
1035,93636,2494
1036,14657,2625
1037,62157,2266
1038,24472,2317
1039,34685,2099
1040,49347,1830
1041,42520,2253
1042,81234,4831
1043,4467,1843
1044,39039,2296
1045,8,1225
1046,7746,2508
1047,47776,1978
1048,48714,1734
1049,89500,2117
1050,85334,2348
1051,34928,3825
1052,33315,3696
1053,19932,1453
1054,88596,2307
1055,18760,4042
1056,55,2144
1057,37268,1435
1058,46958,3958
1059,77365,1847
1060,32486,4386
1061,17665,2616
1062,41091,2940
1063,88584,1387
1064,95104,2498
1065,19978,1749
1066,79694,2050
1067,52886,4047
1068,24391,2802
1069,87505,1464
1070,66688,1420
1071,87657,1745
1072,97433,1469
1073,94952,2732
1074,74252,1642
1075,76028,2963
1076,70675,1964
1077,18038,2360
1078,14164,3231
1079,8211,1493
1080,3519,1626
1081,32855,1607
1082,90316,2352
1083,75905,1316
1084,11719,3307
1085,14395,1577
1086,59442,1391
1087,46899,1257
1088,35210,2488
1089,58548,2744
1090,60807,1237
1091,92442,2469
1092,50099,1798
1093,49142,2759
1094,41285,2562
1095,44669,2216
1096,69435,1918
1097,92604,2517
1098,92090,1286
1099,13516,1370
1100,29236,1871
1101,5015,1321
1102,58672,3045
1103,4646,2666
1104,76010,1539
1105,31199,3638
1106,60492,2125
1107,25214,1935
1108,34801,1553
1109,53795,3117
1110,63547,2415
1111,95963,1353
1112,54807,2868
1113,5213,3194
1114,76146,3060
1115,20117,2501
1116,7506,1376
1117,91664,2369
1118,68838,1379
1119,29844,1742
1120,89426,2904
1121,80312,2038
1122,98940,2908
1123,87910,2248
1124,23330,3223
1125,48761,1398
1126,96799,3794
1127,5093,2526
1128,95050,1700
1129,43797,1658
1130,938,1357
1131,8661,1698
1132,9007,1339
1133,86009,2288
1134,3366,4278
1135,49400,2613
1136,23990,1297
1137,17306,3380
1138,89318,2194
1139,10802,2432
1140,18128,1263
1141,76683,1314
1142,79863,1979
1143,99923,2930
1144,797,2559
1145,63433,1939
1146,1137,2111
1147,19965,2309
1148,29649,1629
1149,52089,1634
1150,24132,1442
1151,96348,1554
1152,85744,2331
1153,59245,3663
1154,11471,3112
1155,93577,1248
1156,10999,2570
1157,51258,1485
1158,91054,1477
1159,98650,1486
1160,1530,2551
1161,66109,3701
1162,55849,3427
1163,2019,4719
1164,57771,1676
1165,78454,1301
1166,67371,1487
1167,54136,2271
1168,51992,2843
1169,92028,1260
1170,74095,3230
1171,62281,1305
1172,13639,1881
1173,58253,1607
1174,32818,2437
1175,81463,2900
1176,75558,2798
1177,55444,1446
1178,39026,1247
1179,78868,3357
1180,14996,1560
1181,20763,1550
1182,92369,1898
1183,56818,2165
1184,39427,1386
1185,94414,3804
1186,94066,2648
1187,14506,1451
1188,26722,2634
1189,68313,1336
1190,55134,1765
1191,30830,1768
1192,19655,4203
1193,46821,1636
1194,5248,3591
1195,94899,2176
1196,84150,1746
1197,4664,1732
1198,67642,1661
1199,98149,1232
1200,61016,1767
1201,1101,2452
1202,19419,2063
1203,80829,2857
1204,99366,2077
1205,36412,1650
1206,14620,1818
1207,45768,1261
1208,72153,2678
1209,92491,2307
1210,73844,1265
1211,62474,1890
1212,73222,2376
1213,80326,4091
1214,27766,3458
1215,86489,1367
1216,32478,2057
1217,68992,2150
1218,44009,2123
1219,38842,2920
1220,2713,2411
1221,11412,2414
1222,99659,1581
1223,57595,2804
1224,73002,3004
1225,18567,3415
1226,94300,1862
1227,88498,1703
1228,2078,4690
1229,67194,2505
1230,3706,1480
1231,47772,1410
1232,50047,2667
1233,93003,2294
1234,22736,1416
1235,67224,2084
1236,14396,1773
1237,84225,3345
1238,72983,4109
1239,57899,4896
1240,90518,1717
1241,27593,1604
1242,92965,1358
1243,16175,1972
1244,62868,3104
1245,26696,1484
1246,43772,1367
1247,84691,3429
1248,28984,1299
1249,88266,1811
1250,1102,1249
1251,95134,1262
1252,32521,2571
1253,99523,1532
1254,1114,3752
1255,35268,2113
1256,94624,1934
1257,71936,1217
1258,35122,3553
1259,14210,1402
1260,53909,1273
1261,318,3919
1262,20660,2431
1263,9529,3138
1264,10255,1429
1265,41826,2617
1266,79045,3033
1267,57608,2288
1268,93641,1893
1269,11558,1211
1270,73033,2792
1271,29128,2071
1272,59661,1337
1273,16997,1600
1274,33368,2778
1275,4666,3113
1276,30981,1421
1277,47534,2859
1278,76650,1465
1279,79365,3045
1280,75896,1812
1281,94350,1264
1282,57670,3616
1283,12828,1749
1284,48405,1615
1285,22107,1494
1286,85348,3141
1287,28377,1946
1288,70924,1306
1289,81444,1229
1290,4808,1200
1291,68226,3604
1292,99095,1411
1293,85372,2737
1294,34337,1410
1295,10032,2763
1296,23187,2683
1297,10382,1500
1298,37361,1340
1299,99345,1718
1300,45357,3028
1301,39865,2392
1302,82235,2278
1303,32153,1248
1304,15077,4062
1305,86508,2482
1306,33173,1972
1307,15754,1284
1308,82217,2645
1309,64251,1772
1310,37619,3692
1311,18131,2714
1312,51388,2022
1313,90413,2045
1314,27632,4653
1315,74453,2482
1316,61636,1207
1317,78503,1670
1318,84217,1792
1319,83374,1513
1320,33968,2130
1321,40177,3140
1322,254,4077
1323,85215,2063
1324,16256,2024
1325,77068,2280
1326,18146,2500
1327,19054,1290
1328,71221,3648
1329,12120,1794
1330,84803,1227
1331,22992,1684
1332,57551,1597
1333,97710,2032
1334,19610,2056
1335,28784,1490
1336,51928,1768
1337,32086,2119
1338,5912,2966
1339,65640,1831
1340,56154,2231
1341,19656,2529
1342,22648,2443
1343,57032,1378
1344,9133,2109
1345,4170,2639
1346,86380,1500
1347,44519,1488
1348,2996,2671
1349,3623,1222
1350,94870,1246
1351,54242,2275
1352,1963,1286
1353,22478,2446
1354,51572,1959
1355,79236,5013
1356,55895,1292
1357,7055,5067
1358,44448,1885
1359,82384,1696
1360,78720,2941
1361,31036,1690
1362,62003,2044
1363,14883,3277
1364,21789,1666
1365,635,1313
1366,27233,5002
1367,97304,1585
1368,59007,2684
1369,69904,5069
1370,50777,1554
1371,66783,2024
1372,38405,3449
1373,45913,2325
1374,70061,1653
1375,3461,2547
1376,79531,2077
1377,86081,1469
1378,33031,1708
1379,76760,2644
1380,14949,1979
1381,58941,1205
1382,34411,1994
1383,17611,1672
1384,60462,1600
1385,48903,3348
1386,56770,2245
1387,84622,1235
1388,55153,1328
1389,55367,1790
1390,6125,2622
1391,26429,1555
1392,98242,1745
1393,61716,2014
1394,92733,1240
1395,61315,6755
1396,18139,1997
1397,81830,3121
1398,11432,1232
1399,96379,2217
1400,73151,3024
1401,51836,2827
1402,6638,1626
1403,55756,2074
1404,88744,1760
1405,2519,3268
1406,30942,2358
1407,99737,1759
1408,12739,2022
1409,54158,2840
1410,23229,12536
1411,76438,1451
1412,52025,2097
1413,36053,2064
1414,57307,1488
1415,31458,2994
1416,95836,1701
1417,42185,1912
1418,4319,1385
1419,61854,2041
1420,53762,1412
1421,1480,1676
1422,13593,3243
1423,56943,3036
1424,31241,3088
1425,21572,2597
1426,98252,4585
1427,72674,1841
1428,40696,1747
1429,83245,2120
1430,19987,3287
1431,77109,1701
1432,65572,1933
1433,54926,1595
1434,38335,2052
1435,31939,1563
1436,31667,1411
1437,77285,1538
1438,38355,2499
1439,1437,1325
1440,57026,1755
1441,10333,2050
1442,13182,2037
1443,92731,2194
1444,93817,2382
1445,51530,2391
1446,58034,4039
1447,17585,1440
1448,88506,2485
1449,38704,1901
1450,17658,2307
1451,7720,3082
1452,1295,1617
1453,35148,1267
1454,94241,1688
1455,83458,1494
1456,96849,2920
1457,62981,1531
1458,38097,1551
1459,86335,1701
1460,79369,2316
1461,1974,1916
1462,81821,2214
1463,58201,1815
1464,61030,1829
1465,9355,2093
1466,99217,3786
1467,94382,3303
1468,24467,1951
1469,92758,2244
1470,3739,1945
1471,44526,1979
1472,39524,1222
1473,551,1568
1474,4451,1745
1475,4052,3087
1476,58157,2185
1477,43948,2089
1478,89864,1918
1479,82342,3316
1480,77911,1590
1481,14196,1605
1482,13754,2008
1483,50823,1271
1484,10906,1555
1485,92767,2332
1486,67680,3206
1487,39009,2811
1488,13930,2105
1489,61468,5098
1490,12722,1648
1491,37668,2176
1492,11041,1373
1493,1830,2846
1494,65324,2150
1495,64671,2161
1496,31661,1223
1497,21707,10642
1498,47848,1309
1499,9411,1516
1500,56668,1857
1501,26352,2912
1502,97432,1278
1503,90754,1923
1504,40016,1808
1505,86807,2731
1506,94338,2452
1507,72927,3154
1508,82518,2683
1509,9189,1233
1510,78723,2397
1511,49065,1321
1512,27547,1954
1513,77050,2252
1514,45609,3540
1515,1783,1204
1516,37473,2260
1517,67495,2543
1518,77005,2479
1519,79098,1609
1520,57734,1359
1521,79691,3845
1522,67323,1392
1523,40595,1230
1524,94516,2106
1525,48154,1531
1526,45839,1870
1527,19061,2002
1528,45149,3559
1529,23776,1357
1530,45515,3561
1531,94586,2999
1532,62054,1886
1533,86205,1823
1534,8099,1660
1535,68591,1939
1536,10765,2329
1537,83156,1328
1538,13958,1669
1539,11515,2506
1540,86882,4295
1541,92685,2212
1542,16474,2580
1543,16423,2199
1544,52652,2127
1545,53014,1804
1546,52490,1479
1547,39679,1573
1548,31190,1705
1549,47660,1276
1550,19738,2038
1551,33226,1644
1552,54472,2090
1553,5934,1585
1554,83474,2580
1555,98790,1237
1556,3910,2172
1557,5032,1701
1558,20691,2333
1559,31867,2325
1560,30747,1523
1561,79031,1247
1562,77885,2513
1563,68078,1397
1564,45833,4473
1565,44147,2858
1566,3643,3149
1567,38675,2130
1568,52927,1442
1569,88233,1280
1570,13126,7082
1571,23926,1588
1572,4211,1480
1573,32396,3447
1574,53445,1801
1575,47933,1996
1576,35163,1674
1577,8651,5076
1578,7465,2324
1579,56828,2350
1580,12031,2805
1581,41689,1479
1582,88639,2936
1583,33132,2357
1584,80510,1466
1585,89240,1901
1586,23847,1589
1587,40133,2100
1588,16204,3009
1589,57178,1629
1590,92160,1248
1591,90427,1675
1592,24997,1351
1593,95344,2601
1594,26999,1856
1595,8388,3139
1596,69888,3301
1597,5286,3851
1598,67617,1437
1599,13310,1482
1600,62999,2992
1601,99043,1503
1602,69739,2090
1603,74300,1954
1604,91809,1222
1605,31484,2022
1606,93043,2470
1607,73874,1616
1608,69519,2572
1609,37550,1227
1610,93452,1920
1611,54221,1870
1612,22987,1259
1613,32452,2120
1614,11459,4167
1615,60654,1317
1616,40617,1740
1617,52645,3502
1618,24193,3825
1619,7648,1646
1620,84790,2227
1621,40442,1294
1622,84140,1457
1623,62346,1478
1624,24619,2239
1625,5471,1566
1626,97054,2161
1627,77512,3361
1628,13042,2297
1629,49873,3319
1630,96763,1997
1631,59505,1278
1632,57229,1515
1633,85443,2793
1634,79400,1557
1635,75898,1713
1636,83803,1569
1637,62662,1371
1638,82235,1952
1639,68927,1473
1640,51766,1729
1641,2392,1609
1642,29272,1237
1643,14097,2208
1644,14779,1864
1645,32805,2760
1646,46231,1729
1647,89779,1558
1648,74196,1722
1649,63863,1405
1650,81193,1712
1651,43374,2506
1652,10085,2047
1653,86421,3208
1654,72553,1435
1655,28564,1574
1656,98154,1817
1657,36127,1602
1658,85455,2523
1659,26572,1738
1660,22770,1299
1661,47133,2865
1662,37400,1496
1663,92337,2201
1664,6620,1605
1665,22178,3097
1666,95454,2934
1667,97633,1728
1668,24579,4536
1669,31375,3671
1670,2067,2017
1671,6933,1755
1672,84014,2621
1673,68857,1422
1674,49289,1753
1675,51525,1349
1676,12083,2403
1677,78823,1476
1678,67991,3387
1679,81442,1737
1680,3537,4579
1681,17462,1692
1682,88809,2119
1683,9473,2786
1684,35354,2281
1685,84601,2241
1686,39312,2555
1687,77816,1862
1688,8868,2364
1689,53074,2791
1690,63115,3160
1691,160,1261
1692,85115,1246
1693,97157,1963
1694,47261,1357
1695,15540,1645
1696,31125,3296
1697,62769,1227
1698,34111,1733
1699,2418,1430
1700,47066,1427
1701,38394,1943
1702,65323,2007
1703,22859,1675
1704,80969,2027
1705,68913,2536
1706,61998,2233
1707,91384,2078
1708,12836,2465
1709,86869,2133
1710,97918,2401
1711,71711,1932
1712,65460,1598
1713,42189,1765
1714,72740,2869
1715,63218,4760
1716,9979,2552
1717,43678,2112
1718,50946,2349
1719,5997,2420
1720,28588,4448
1721,78483,1556
1722,29098,1365
1723,48064,3584
1724,1485,1200
1725,75145,1508
1726,15199,1314
1727,68614,1557
1728,80707,1680
1729,50788,1507
1730,87527,1350
1731,70716,2182
1732,34794,1246
1733,10151,1587
1734,1533,2384
1735,19728,2777
1736,7590,1359
1737,21696,4028
1738,76616,1657
1739,10912,1946
1740,18049,2180
1741,81269,1280
1742,84402,1936
1743,12287,2358
1744,21216,2321
1745,69870,2481
1746,37050,1763
1747,85357,1777
1748,12381,2211
1749,36641,2635
1750,58917,2141
1751,60100,3070
1752,78461,2945
1753,53408,1266
1754,36974,2927
1755,17117,1262
1756,33942,1342
1757,80523,1211
1758,33664,3105
1759,76156,2233
1760,41720,1237
1761,4978,2345
1762,43447,1764
1763,39305,2066
1764,38729,2449
1765,97601,1634
1766,87251,2127
1767,97648,1535
1768,71967,3080
1769,61715,1344
1770,99235,2015
1771,53777,2565
1772,28757,1751
1773,59939,2603
1774,61954,2404
1775,45880,3968
1776,56279,2069
1777,29844,2193
1778,24350,1206
1779,6119,1687
1780,16867,1269
1781,62158,2196
1782,2540,2020
1783,42791,2903
1784,98045,2298
1785,66068,1675
1786,7513,1912
1787,6500,1902
1788,2153,2183
1789,41384,1918
1790,13356,1608
1791,47197,2054
1792,13332,1505
1793,98897,1927
1794,97897,2529
1795,66066,1816
1796,71672,2491
1797,18346,4358
1798,79268,2676
1799,95005,1717
1800,83485,1606
1801,86109,9194
1802,40754,3787
1803,65396,3583
1804,75519,2957
1805,23755,1329
1806,70407,4265
1807,57811,1522
1808,84213,1900
1809,75631,1312
1810,15644,1549
1811,99741,1778
1812,86645,1525
1813,12995,3872
1814,42959,1404
1815,32393,2027
1816,70781,1867
1817,44353,2202
1818,95143,2947
1819,22930,1356
1820,82068,3858
1821,82612,2369
1822,84907,2829
1823,50310,1212
1824,15208,1799
1825,24025,1787
1826,85633,4125
1827,72855,2338
1828,16552,2816
1829,30815,2012
1830,43330,2468
1831,10704,1576
1832,3006,2505
1833,7381,2760
1834,89134,3309
1835,16182,3556
1836,18019,1439
1837,7430,2201
1838,96969,3752
1839,23355,1472
1840,70040,2610
1841,77366,1483
1842,71874,1319
1843,41468,2226
1844,25849,1530
1845,34978,4158
1846,39239,2697
1847,40189,2543
1848,36162,1404
1849,94055,2289
1850,72141,1243
1851,3935,1730
1852,54601,1750
1853,61080,1234
1854,9711,3024
1855,89237,2840
1856,8429,1421
1857,39263,1472
1858,75279,1296
1859,44797,2273
1860,54633,3116
1861,48814,2580
1862,92460,1397
1863,27044,2479
1864,24580,2104
1865,29020,1784
1866,25993,1705
1867,5494,1304
1868,5036,1937
1869,5400,2555
1870,16555,1283
1871,66907,2593
1872,48040,2883
1873,60865,2624
1874,49482,1745
1875,47428,1233
1876,62634,5846
1877,40099,2310
1878,46947,1763
1879,7831,1946
1880,332,3297
1881,24781,3218
1882,30591,2429
1883,57989,2757
1884,85933,1333
1885,16795,1840
1886,63390,1956
1887,13158,1337
1888,73861,2241
1889,73000,2429
1890,42124,1374
1891,31683,2576
1892,3356,1414
1893,46273,1587
1894,48178,2710
1895,70976,2512
1896,56930,1949
1897,88647,2541
1898,16353,3040
1899,69462,1977
1900,95706,1882
1901,56011,3170
1902,80298,2662
1903,16570,1932
1904,54897,2881
1905,61294,5030
1906,26589,4108
1907,84273,1372
1908,7168,1619
1909,27408,1216
1910,17216,2675
1911,95149,1336
1912,83820,2373
1913,78285,1631
1914,90612,2365
1915,64339,2954
1916,6725,2074
1917,21092,2150
1918,44061,1405
1919,35920,1288
1920,42449,2764
1921,99858,2750
1922,88487,2247
1923,17514,2580
1924,4310,1441
1925,77790,1277
1926,86015,1374
1927,6145,2313
1928,461,3619
1929,52436,1782
1930,73037,1345
1931,40279,2370
1932,62446,2816
1933,28822,1948
1934,78434,2015
1935,69781,1869
1936,31360,3133
1937,38248,1389
1938,90812,2019
1939,84323,1344
1940,16988,2136
1941,20799,2380
1942,40889,1229
1943,77978,2917
1944,16516,2490
1945,89756,1277
1946,93796,2498
1947,77875,2212
1948,47385,1798
1949,26578,1781
1950,27386,2147
1951,63206,1983
1952,78495,1321
1953,89460,13189
1954,81634,3181
1955,15538,3194
1956,96145,2633
1957,47597,1988
1958,69603,1580
1959,58192,3046
1960,35453,1222
1961,79866,2285
1962,5100,3133
1963,34949,1557
1964,65715,6681
1965,18490,2279
1966,33221,3114
1967,40560,1206
1968,58352,2052
1969,74271,2637
1970,46339,1664
1971,64536,2303
1972,92449,2382
1973,27683,5149
1974,12339,2194
1975,58777,1327
1976,75701,1827
1977,33025,1318
1978,99753,2648
1979,15095,2370
1980,80296,2104
1981,8702,1764
1982,13282,1489
1983,5876,1591
1984,21093,2041
1985,58769,2142
1986,1050,9939
1987,26284,2693
1988,86434,1584
1989,30809,1859
1990,20503,2160
1991,72914,2447
1992,5530,5656
1993,55298,1999
1994,32096,1337
1995,45185,2643
1996,18628,1343
1997,5141,4947
1998,75977,1487
1999,36326,3126
2000,2855,2515
2001,11511,2413
2002,23770,1815
2003,10650,1501
2004,26798,1383
2005,38001,2523
2006,66541,1218
2007,98793,3122
2008,66063,3534
2009,81869,2769
2010,12214,2466
2011,28721,1542
2012,43192,1905
2013,22413,1797
2014,26903,2412
2015,28332,3176
2016,90053,1317
2017,17438,1968
2018,8309,1389
2019,60751,1732
2020,67101,1567
2021,22794,2481
2022,92817,3505
2023,1392,2042
2024,52093,3294
2025,28900,1958
2026,82907,3067
2027,18754,1507
2028,57121,2119
2029,39031,2787
2030,48638,3352
2031,67453,1875
2032,55527,1213
2033,45643,2203
2034,87240,1532
2035,25052,1437
2036,88551,9682
2037,12524,2421
2038,45409,2103
2039,6630,3133
2040,85226,2053
2041,68425,2917
2042,79814,1561
2043,8097,2514
2044,40885,5015
2045,8787,1558
2046,27323,1572
2047,81678,1761
2048,37397,2757
2049,14924,1805
2050,14023,1580
2051,24128,1541
2052,37920,2387
2053,80924,1456
2054,88540,1622
2055,4220,1432
2056,66701,1304
2057,68592,1442
2058,99855,1898
2059,72186,2222
2060,89714,2921
2061,11386,2131
2062,47629,3765
2063,47004,1503
2064,50403,1550
2065,4026,2597
2066,73278,1730
2067,14175,1388
2068,58992,6218
2069,23894,1524
2070,39403,2733
2071,17690,2350
2072,79854,2620
2073,990,1366
2074,30439,4241
2075,86888,3614
2076,95412,1566
2077,38098,2376
2078,39581,1684
2079,35048,1862
2080,19784,1827
2081,70210,2075
2082,27021,2224
2083,15484,2530
2084,51986,1904
2085,25423,2363
2086,66390,1300
2087,62395,2012
2088,53942,1582
2089,5438,2138
2090,29688,1751
2091,8287,1409
2092,90231,2319
2093,66582,1237
2094,87796,1519
2095,47252,1250
2096,22088,2729
2097,86668,1285
2098,98014,3718
2099,9102,1365
2100,80478,1954
2101,59195,2629
2102,59921,1683
2103,77043,2077
2104,28238,3830
2105,40933,3298
2106,49037,1724
2107,66969,2010
2108,22329,2244
2109,80193,2863
2110,68299,1686
2111,84208,1832
2112,28924,3549
2113,29436,1418
2114,43373,1822
2115,37523,2811
2116,99734,1447
2117,85625,2238
2118,79133,1633
2119,32041,3167
2120,21420,2717
2121,70485,1467
2122,17763,2509
2123,58792,1550
2124,63011,1827
2125,87876,3863
2126,87036,3660
2127,29127,1231
2128,89812,2337
2129,28103,3028
2130,62386,1972
2131,60372,1284
2132,52354,1793
2133,46663,2189
2134,63598,3266
2135,50837,2506
2136,34259,2016
2137,1943,2655
2138,43811,2025
2139,9068,1227
2140,89262,2847
2141,47603,1492
2142,27138,1305
2143,75385,1284
2144,87245,2508
2145,5184,2805
2146,27161,1479
2147,89281,1524
2148,2052,1544
2149,33557,1482
2150,95923,1798
2151,56272,2122
2152,50607,1419
2153,93040,2893
2154,49460,2072
2155,65042,3725
2156,41142,2406
2157,55863,2665
2158,15909,1428
2159,28482,1893
2160,76514,1454
2161,82653,4141
2162,56465,2018
2163,79275,3764
2164,68789,1580
2165,10926,3801
2166,5620,1446
2167,56535,2347
2168,4451,2936
2169,48059,2220
2170,58312,2191
2171,96263,1435
2172,79265,2344
2173,62445,5165
2174,80731,1868
2175,89036,1682
2176,99690,3015
2177,39119,2544
2178,13218,4221
2179,19777,1971
2180,53391,2117
2181,76289,1512
2182,36241,1891
2183,79568,2327
2184,97049,1422
2185,24787,1579
2186,34785,2473
2187,65169,2974
2188,31583,1387
2189,97425,1752
2190,59294,1368
2191,49055,3243
2192,34442,2072
2193,54329,2373
2194,41125,1270
2195,56665,1487
2196,56061,2709
2197,20320,11764
2198,60918,1454
2199,62707,3498
2200,48046,2109
2201,83612,1860
2202,65611,1581
2203,58473,2434
2204,61499,3947
2205,59642,2440
2206,88073,2904
2207,76122,2952
2208,65222,1372
2209,9393,1582
2210,18784,1363
2211,16630,2984
2212,35502,1437
2213,62814,1916
2214,91229,1382
2215,25413,2708
2216,52118,1306
2217,90704,1481
2218,34158,5214
2219,91487,2537
2220,38011,2202
2221,66764,1348
2222,63542,4908
2223,89151,2943
2224,95489,4091
2225,38719,2594
2226,35363,1422
2227,31623,1856
2228,12998,4725
2229,37201,3943
2230,24500,1538
2231,97175,2948
2232,99807,1444
2233,57808,2080
2234,56154,1294
2235,41958,2032
2236,37443,3596
2237,37500,1684
2238,5944,3248
2239,76351,1937
2240,74569,2142
2241,60459,2328
2242,78104,2741
2243,90490,1378
2244,30982,1337
2245,99881,1892
2246,11831,2824
2247,93767,3565
2248,23175,1998
2249,81603,1248
2250,58197,3234
2251,38923,2788
2252,4932,1704
2253,28137,2175
2254,87841,4215
2255,24449,2367
2256,41750,2416
2257,45743,3686
2258,86662,1749
2259,78842,2131
2260,49895,1415
2261,23980,3392
2262,81713,2480
2263,34424,2386
2264,93296,1269
2265,45594,6940
2266,80066,2781
2267,82275,1559
2268,57940,1586
2269,39210,2812
2270,39514,3123
2271,73711,2998
2272,23380,2399
2273,50332,1662
2274,58987,1530
2275,30002,1248
2276,46613,2857
2277,61018,2705
2278,73367,1758
2279,19355,1229
2280,91285,2447
2281,67381,4595
2282,51916,2024
2283,3174,2444
2284,32584,3198
2285,28780,3174
2286,18106,2816
2287,46392,1621
2288,89158,5973
2289,5991,1259
2290,67878,1227
2291,46770,1483
2292,98418,1438
2293,89905,1641
2294,28975,2058
2295,10444,1638
2296,80534,1224
2297,74063,1551
2298,31985,1390
2299,44725,2196
2300,59163,1447
2301,26478,1734
2302,84419,1682
2303,37632,3055
2304,21795,2841
2305,39723,2144
2306,42244,2424
2307,20072,2757
2308,42524,1301
2309,80397,1671
2310,86840,2030
2311,65281,1748
2312,17604,1380
2313,85381,2305
2314,44289,1966
2315,31396,1235
2316,68276,2358
2317,88386,2544
2318,72932,1930
2319,2611,1819
2320,98974,1468
2321,87639,2180
2322,26584,1691
2323,5022,2063
2324,63057,1722
2325,35638,3751
2326,20277,2871
2327,60987,1684
2328,45919,1499
2329,43064,1574
2330,84843,1641
2331,45976,3570
2332,44612,1526
2333,45008,2630
2334,86217,2294
2335,76838,1260
2336,41138,1326
2337,29017,3737
2338,14285,2430
2339,95266,3671
2340,89571,1585
2341,60576,2975
2342,99320,2698
2343,49805,1905
2344,95281,1441
2345,50976,1443
2346,99582,4513
2347,30505,1436
2348,33071,2154
2349,70638,1305
2350,72681,2313
2351,58322,2099
2352,14137,3078
2353,30156,4865
2354,30208,1244
2355,35236,1348
2356,3873,3815
2357,43109,1376
2358,48572,2727
2359,9658,2290
2360,26792,2565
2361,25983,1591
2362,57256,2436
2363,1356,1933
2364,87255,1529
2365,1079,1506
2366,83436,2553
2367,10458,1209
2368,68085,3696
2369,81460,2391
2370,22934,1968
2371,6443,1566
2372,62579,1562
2373,90897,1256
2374,62516,2172
2375,12636,2603
2376,13261,3530
2377,98656,1215
2378,2745,1987
2379,37492,1389
2380,66883,3076
2381,38778,2610
2382,38209,1882
2383,67954,2540
2384,62773,2783
2385,81568,1352
2386,83968,3970
2387,15834,1488
2388,74001,2071
2389,14443,3331
2390,62655,7669
2391,87439,2437
2392,39228,2454
2393,74605,1536
2394,11724,1632
2395,62164,2598
2396,52387,2843
2397,1118,1430
2398,62212,1529
2399,87662,2516
2400,76966,3066
2401,86732,3045
2402,51825,2535
2403,61060,2268
2404,58270,1336
2405,22740,2914
2406,24161,2028
2407,43198,2636
2408,9320,1503
2409,99005,3643
2410,80830,1984
2411,87752,3960
2412,88054,2132
2413,88119,4537
2414,99744,2755
2415,95045,3008
2416,60510,1909
2417,18920,1691
2418,64397,3015
2419,7945,1663
2420,5955,1242
2421,63626,1264
2422,659,2909
2423,44459,2861
2424,74885,1257
2425,55038,2307
2426,38768,3657
2427,85177,3987
2428,95701,1394
2429,7305,1517
2430,73839,1774
2431,17250,2274
2432,36214,1783
2433,45616,2334
2434,48348,1630
2435,90566,1888
2436,29921,1240
2437,32256,1235
2438,34785,1403
2439,1012,2416
2440,96559,2953
2441,61976,1933
2442,99490,2738
2443,23591,1783
2444,73673,1478
2445,79566,2308
2446,54865,1376
2447,1272,2260
2448,52496,1785
2449,42852,2137
2450,83062,1933
2451,38846,2922
2452,88331,1584
2453,8155,3011
2454,39451,2055
2455,71933,2130
2456,50670,1313
2457,2129,1783
2458,55438,2591
2459,61492,12513
2460,10366,1809
2461,35333,2369
2462,85751,2815
2463,65684,1520
2464,21137,1928
2465,25312,1782
2466,71437,2663
2467,63999,1824
2468,24682,2760
2469,59136,3297
2470,86532,1575
2471,63419,1425
2472,14920,1306
2473,72416,2304
2474,14691,1778
2475,5124,3062
2476,64043,2981
2477,68398,2185
2478,83512,1891
2479,99362,6903
2480,87263,2101
2481,97236,1452
2482,76211,1331
2483,89389,1853
2484,39350,3232
2485,92975,1633
2486,44986,1615
2487,54950,1864
2488,10917,2390
2489,5227,1973
2490,13360,2167
2491,79474,2320
2492,32709,1731
2493,3917,1876
2494,81202,1226
2495,86856,2916
2496,69979,1321
2497,80943,1565
2498,39600,2935
2499,1806,1259
2500,27540,1214
2501,42410,3234
2502,77077,1367
2503,51950,1490
2504,3682,3731
2505,86755,3122
2506,98662,2558
2507,66598,1712
2508,76399,2582
2509,35138,1992
2510,74695,1983
2511,3799,2866
2512,45141,1487
2513,81818,2029
2514,97432,1752
2515,96505,2773
2516,32060,1209
2517,2294,2680
2518,61879,1338
2519,86544,3349
2520,14924,1288
2521,95809,3172
2522,21323,1532
2523,68291,1223
2524,79267,1780
2525,73346,3089
2526,30368,2032
2527,29557,2590
2528,11240,1399
2529,19256,4482
2530,75565,3288
2531,42541,1664
2532,6333,2399
2533,8993,1825
2534,75029,1349
2535,91424,1696
2536,26317,1579
2537,26432,1862
2538,46556,2522
2539,15172,1901
2540,15210,2059
2541,26656,1859
2542,91128,1422
2543,65491,2353
2544,10741,2402
2545,43230,3448
2546,6917,2029
2547,75135,6800
2548,99552,2017
2549,33444,2312
2550,18590,1538
2551,73289,1305
2552,47227,2270
2553,52981,2707
2554,41038,1814
2555,97147,2865
2556,67256,2213
2557,93944,2534
2558,83613,2153
2559,36675,3310
2560,15228,1581
2561,63956,2491
2562,51472,1924
2563,77197,2792
2564,96594,1775
2565,52230,1687
2566,5415,1417
2567,82325,1368
2568,27508,2363
2569,93777,1309
2570,6249,1355
2571,87428,2125
2572,31117,3337
2573,36167,2554
2574,52543,2566
2575,12413,2427
2576,16064,2015
2577,43455,1389
2578,69392,2468
2579,59856,2782
2580,10087,2214
2581,25464,2613
2582,23351,1424
2583,43499,2289
2584,4195,3367
2585,57466,2061
2586,53988,2086
2587,21858,2003
2588,62613,2229
2589,47279,2758
2590,56959,1252
2591,47153,1968
2592,91076,1231
2593,84833,2042
2594,19093,1462
2595,6970,2537
2596,13155,1454
2597,75811,1233
2598,95328,3918
2599,48864,2668
2600,70702,3444
2601,9574,1747
2602,60068,2117
2603,67845,1990
2604,85592,1836
2605,59748,1859
2606,92810,1614
2607,87804,4511
2608,68741,1740
2609,64122,2820
2610,7233,3984
2611,56148,3033
2612,6149,2787
2613,20445,1841
2614,11580,1259
2615,37988,3784
2616,60730,1603
2617,53733,1460
2618,93370,2780
2619,42812,2397
2620,30128,4143
2621,9741,3392
2622,28506,2975
2623,55721,1225
2624,7665,3474
2625,34666,1596
2626,51297,2084
2627,44490,1303
2628,30292,3050
2629,8001,1643
2630,76803,2560
2631,96946,1878
2632,17551,1615
2633,42425,1360
2634,59926,1506
2635,46902,1408
2636,42242,1749
2637,29979,2468
2638,58177,1676
2639,76265,2486
2640,26512,3530
2641,22143,1438
2642,71396,1990
2643,20460,1559
2644,26408,2596
2645,76003,2911
2646,58797,1254
2647,6867,2719
2648,19112,3001
2649,14113,1721
2650,46976,1263
2651,84035,1998
2652,37380,1880
2653,19386,1616
2654,57056,3738
2655,57823,1899
2656,80415,2120
2657,94428,2835
2658,31812,3299
2659,63944,1525
2660,32016,2126
2661,48761,2366
2662,83818,1202
2663,42200,1512
2664,4897,1239
2665,21673,2633
2666,19965,2698
2667,56219,1812
2668,39709,1535
2669,91283,1350
2670,77049,2164
2671,47022,1270
2672,37129,1370
2673,88097,3091
2674,22610,1221
2675,47320,2020
2676,95351,2159
2677,76253,2033
2678,52411,3637
2679,19118,1760
2680,88516,4677
2681,13912,1979
2682,16407,1654
2683,22034,2341
2684,24639,2143
2685,48641,1246
2686,5358,1679
2687,23333,1898
2688,62374,1493
2689,56040,2862
2690,51140,1260
2691,41129,2375
2692,25262,1313
2693,65709,1354
2694,1205,3203
2695,16942,1293
2696,97035,3572
2697,5292,2462
2698,74649,1591
2699,66891,2113
2700,90593,1235
2701,92848,2005
2702,20248,1376
2703,94770,1810
2704,2607,2074
2705,24278,1285
2706,6065,1546
2707,10637,1210
2708,37117,2047
2709,57307,3234
2710,43826,1212
2711,5705,1293
2712,15032,2994
2713,9892,3744
2714,20978,1386
2715,64252,1554
2716,91138,4481
2717,58548,1804
2718,8574,1747
2719,99156,2675
2720,83907,2549
2721,69583,1340
2722,69864,2292
2723,81600,2886
2724,79081,1359
2725,37564,1579
2726,83947,1468
2727,19595,3925
2728,56325,1809
2729,35795,3892
2730,74158,1413
2731,66850,1866
2732,11961,1830
2733,38051,2876
2734,57194,1678
2735,2628,2829
2736,55706,1604
2737,4865,1654
2738,97982,2615
2739,35591,2200
2740,89670,2914
2741,77914,3885
2742,12649,1689
2743,40211,2692
2744,22684,2730
2745,67331,2915
2746,83776,2924
2747,48270,2841
2748,46806,1643
2749,87584,1629
2750,90565,1713
2751,72168,1363
2752,19778,2380
2753,29816,2162
2754,26609,2387
2755,3517,1449
2756,95259,1328
2757,69367,1622
2758,32480,1311
2759,5179,1240
2760,18770,1635
2761,71180,1828
2762,54068,3521
2763,81683,1951
2764,98737,1280
2765,30291,1700
2766,65273,1736
2767,13151,2259
2768,10892,2912
2769,9811,1339
2770,45206,3021
2771,14544,1849
2772,12449,2555
2773,58487,1655
2774,26123,3435
2775,38847,1739
2776,34503,1597
2777,48362,2922
2778,43194,4327
2779,34649,2566
2780,15752,3022
2781,89931,1683
2782,19142,3326
2783,52039,1738
2784,23216,1772
2785,76218,1787
2786,45695,1758
2787,28718,1506
2788,43707,1590
2789,75591,1301
2790,71684,2813
2791,93391,1774
2792,76442,1647
2793,47043,2533
2794,51004,1420
2795,74565,2589
2796,91827,2773
2797,7545,1265
2798,90363,1270
2799,57862,1438
2800,69240,1866
2801,23849,2651
2802,28928,3345
2803,80206,1276
2804,80558,1365
2805,38165,2679
2806,12705,2041
2807,50959,2221
2808,85957,3658
2809,14411,2067
2810,44163,2250
2811,50434,3376
2812,70186,2215
2813,3514,1579
2814,97727,2629
2815,75882,2717
2816,76106,2059
2817,16144,4344
2818,63296,1728
2819,36902,1790
2820,96307,1641
2821,42424,1466
2822,85036,2180
2823,76053,5065
2824,97355,2009
2825,20977,1745
2826,60527,1582
2827,29091,1203
2828,28173,3527
2829,96611,1792
2830,23966,2150
2831,41383,1853
2832,19014,1889
2833,87497,2008
2834,12463,1642
2835,46267,1403
2836,33867,2593
2837,77788,1968
2838,73978,1774
2839,46306,1396
2840,9767,1815
2841,63409,1666
2842,22043,5693
2843,78307,2373
2844,85025,2858
2845,14278,1301
2846,54762,1336
2847,37348,1868
2848,65073,1447
2849,5080,2442
2850,2759,2997
2851,31546,2879
2852,69929,1566
2853,28817,1270
2854,87738,1270
2855,3742,3225
2856,7027,1810
2857,87282,2431
2858,5408,1896
2859,3020,1439
2860,57918,1400
2861,60209,2049
2862,69697,1836
2863,26649,3753
2864,21699,2768
2865,2201,7725
2866,66406,1866
2867,47299,1592
2868,31927,2222
2869,3925,5910
2870,53090,1233
2871,70143,1241
2872,89807,1720
2873,77764,1764
2874,15750,1713
2875,41003,1567
2876,5684,1802
2877,90901,1317
2878,70568,1702
2879,16699,3361
2880,60040,1947
2881,14973,3595
2882,25788,5612
2883,55897,1598
2884,35437,2941
2885,27574,2142
2886,13327,2971
2887,11350,1535
2888,56226,1698
2889,63865,2639
2890,73128,2962
2891,28941,2013
2892,80051,2682
2893,55180,5207
2894,47772,1924
2895,8485,2476
2896,39109,1905
2897,5449,2541
2898,81011,1499
2899,27611,2933
2900,77355,1730
2901,27868,3717
2902,37735,2501
2903,62547,2715
2904,13965,1901
2905,70228,1376
2906,94369,2162
2907,30028,3026
2908,87410,1300
2909,42737,4879
2910,70954,1458
2911,83352,2958
2912,49146,2342
2913,79063,1943
2914,35332,2641
2915,96490,3666
2916,82090,1967
2917,7435,2708
2918,60485,2655
2919,68878,1646
2920,25204,1246
2921,10227,2371
2922,30811,1254
2923,69967,1903
2924,44118,1369
2925,36651,2060
2926,22218,3037
2927,64766,2244
2928,79151,2156
2929,77342,2640
2930,82484,1840
2931,86866,2281
2932,94351,1312
2933,31920,1320
2934,96691,2965
2935,95761,2722
2936,10065,2287
2937,36933,2528
2938,50788,1980
2939,99612,2860
2940,37997,1694
2941,69801,2787
2942,51415,2036
2943,21716,1931
2944,50236,2154
2945,55360,2750
2946,59178,2103
2947,93109,2174
2948,75387,2081
2949,94038,2633
2950,7702,1280
2951,37924,2312
2952,70437,1375
2953,55387,1890
2954,28100,3510
2955,77614,1570
2956,66317,4181
2957,37828,1374
2958,52079,1416
2959,52018,1288
2960,58549,1465
2961,71637,1596
2962,48584,1597
2963,64832,2105
2964,72157,2074
2965,52860,2135
2966,34411,1329
2967,93114,2851
2968,71067,1509
2969,57,2333
2970,34185,2299
2971,54789,2373
2972,24181,3234
2973,93004,2375
2974,53825,3765
2975,14410,1927
2976,5680,1446
2977,94456,1427
2978,16840,2498
2979,81305,2674
2980,94419,1658
2981,25438,2095
2982,59055,2437
2983,85376,1246
2984,88206,2967
2985,23295,2857
2986,45210,2391
2987,12534,2295
2988,93195,2865
2989,56997,2344
2990,71081,1403
2991,13168,1203
2992,54418,2224
2993,94592,1822
2994,80321,1450
2995,16810,3361
2996,13824,1258
2997,4771,2497
2998,38601,2875
2999,67740,3264
3000,3338,2224
3001,39972,2663
3002,85877,1818
3003,45748,1985
3004,89874,1321
3005,15979,1369
3006,30776,1850
3007,18079,3286
3008,45778,1539
3009,6700,1952
3010,69739,1379
3011,74534,1294
3012,77760,2204
3013,67078,1240
3014,48233,4008
3015,56248,1600
3016,75094,2805
3017,20732,2360
3018,95902,3128
3019,4141,1660
3020,59634,2691
3021,42160,2650
3022,9309,2261
3023,37756,1363
3024,24124,1844
3025,50949,2547
3026,30202,1340
3027,68800,1907
3028,50283,2650
3029,24707,2033
3030,76303,1676
3031,98332,3980
3032,66172,2084
3033,12576,1966
3034,51238,2567
3035,51719,1699
3036,57268,1320
3037,14929,2267
3038,15567,2276
3039,72465,2000
3040,4429,1285
3041,75754,1690
3042,54520,1415
3043,20938,2197
3044,96696,1489
3045,13292,2878
3046,4495,2217
3047,4278,1306
3048,46540,1274
3049,1249,3252
3050,30995,1430
3051,67493,1476
3052,67950,3099
3053,67989,2727
3054,60982,1534
3055,96049,1838
3056,67519,2738
3057,38786,1953
3058,88605,1532
3059,60721,4319
3060,58731,2213
3061,68046,2340
3062,68179,1710
3063,69703,1753
3064,79847,2580
3065,41496,2152
3066,99874,2480
3067,30422,3581
3068,53254,2388
3069,5827,3342
3070,74166,3846
3071,40252,1446
3072,16926,2125
3073,68485,1218
3074,65958,1328
3075,68400,2039
3076,41544,1285
3077,36089,1449
3078,31956,1809
3079,56973,2050
3080,93175,2551
3081,48117,1708
3082,95579,2629
3083,99987,1673
3084,67339,2691
3085,40031,2667
3086,1280,1230
3087,61750,1548
3088,30517,1372
3089,42148,1312
3090,61121,2438
3091,19079,4132
3092,32395,3375
3093,33659,1522
3094,65304,1366
3095,21660,2325
3096,728,1237
3097,7769,1226
3098,48469,1535
3099,79445,3933
3100,29402,2166
3101,39327,3068
3102,20447,2397
3103,95137,2351
3104,85761,2429
3105,69673,1697
3106,71734,3198
3107,29054,1698
3108,57762,8012
3109,18830,2060
3110,50151,1345
3111,17886,2420
3112,16854,1357
3113,12355,3321
3114,97593,1259
3115,28195,1840
3116,28931,1227
3117,91043,2131
3118,46468,1360
3119,30400,4844
3120,57103,2179
3121,83030,3201
3122,33370,1674
3123,76317,2286
3124,80197,1958
3125,90363,1575
3126,58049,1339
3127,79736,2122
3128,38351,1712
3129,7832,1613
3130,69456,1209
3131,12014,2494
3132,18048,3262
3133,96043,2074
3134,84334,1630
3135,96114,1577
3136,2187,1502
3137,65138,1964
3138,19213,1746
3139,48204,1486
3140,11586,1801
3141,32963,1741
3142,44425,2344
3143,18599,6825
3144,68157,2358
3145,30088,2614
3146,55459,1218
3147,71965,1911
3148,25814,2882
3149,98282,3206
3150,25591,2665
3151,41137,1323
3152,8183,1531
3153,85974,2042
3154,50485,1476
3155,66036,2056
3156,20419,2566
3157,7176,1574
3158,26372,1866
3159,4042,1398
3160,40145,1650
3161,37148,1491
3162,20474,1869
3163,33254,2120
3164,95337,2032
3165,9687,1963
3166,51568,1826
3167,40917,1464
3168,30878,1699
3169,87924,1292
3170,30739,1641
3171,19913,1322
3172,5017,2949
3173,12146,1217
3174,75184,1254
3175,54032,1592
3176,87788,1336
3177,22692,2529
3178,947,1285
3179,57813,1301
3180,22948,1978
3181,84297,1235
3182,45480,2267
3183,7568,3299
3184,91661,2086
3185,1483,1281
3186,87000,2741
3187,94444,3383
3188,22850,2797
3189,7332,1542
3190,36979,1624
3191,3601,1825
3192,42584,2491
3193,37253,2400
3194,77542,1258
3195,40937,2015
3196,81760,2073
3197,20637,4031
3198,88581,2815
3199,9567,2316
3200,23008,1392
3201,96627,2458
3202,94742,1308
3203,75974,3067
3204,9529,1950
3205,53011,2485
3206,10923,1950
3207,49157,1718
3208,28935,1228
3209,1937,1472
3210,99788,2117
3211,58157,2455
3212,61900,3377
3213,67125,2749
3214,37275,2002
3215,38920,3263
3216,7995,4190
3217,5210,2593
3218,54605,1660
3219,60545,2895
3220,72936,2810
3221,80752,2712
3222,78571,1889
3223,25236,2007
3224,53878,1346
3225,32025,2167
3226,3323,2437
3227,92995,1398
3228,87152,2897
3229,25843,1862
3230,36514,1506
3231,65757,1953
3232,47196,2288
3233,53376,1675
3234,43575,2600
3235,45639,1729
3236,95530,2138
3237,30887,1557
3238,57830,1673
3239,55440,3841
3240,72188,6279
3241,77073,2408
3242,55598,2508
3243,94598,1330
3244,45534,3542
3245,40739,2667
3246,15800,1969
3247,9140,1429
3248,99399,3014
3249,46375,1488
3250,22270,1272
3251,2839,2048
3252,27151,1359
3253,18971,1853
3254,64426,4877
3255,52638,2545
3256,82843,2406
3257,30338,1781
3258,79601,1274
3259,7443,1240
3260,70421,1659
3261,67289,1591
3262,34509,1445
3263,92590,1478
3264,24307,1525
3265,58939,2416
3266,88598,1969
3267,13359,2090
3268,15485,1813
3269,28041,1555
3270,87968,1269
3271,55726,3683
3272,13344,5193
3273,46042,2768
3274,81869,1817
3275,27046,1665
3276,7801,1353
3277,71677,1361
3278,46085,1293
3279,69412,1903
3280,427,1209
3281,77370,2423
3282,51393,3712
3283,56641,2144
3284,48892,1202
3285,9486,1231
3286,82918,1345
3287,12994,1997
3288,38022,1311
3289,42269,1815
3290,95325,1824
3291,3807,2496
3292,26315,2311
3293,14150,2997
3294,78345,4087
3295,27987,3433
3296,46260,1521
3297,36177,2376
3298,31,2046
3299,86816,2991
3300,58981,1659
3301,472,1883
3302,1410,1799
3303,52819,1538
3304,76530,1476
3305,2431,1469
3306,61171,1263
3307,29363,2620
3308,73218,1970
3309,3842,3028
3310,47978,1804
3311,90191,1660
3312,46260,2920
3313,71099,2212
3314,56151,1919
3315,67903,1946
3316,63968,1458
3317,87922,2428
3318,61467,1434
3319,94411,2393
3320,3878,2480
3321,44513,1410
3322,66184,1328
3323,87291,1307
3324,16644,1761
3325,72626,3108
3326,99619,1619
3327,317,1369
3328,6055,2550
3329,4742,1661
3330,44183,1979
3331,81732,1283
3332,39207,2980
3333,36406,2219
3334,52371,1284
3335,95556,1733
3336,48278,3487
3337,88333,2088
3338,45179,2587
3339,92784,2206
3340,76736,2838
3341,54203,2243
3342,48174,1397
3343,41800,1615
3344,58657,2048
3345,55751,7037
3346,97080,1966
3347,61632,1724
3348,2507,1919
3349,95394,1466
3350,430,1994
3351,18929,1356
3352,26314,3213
3353,72792,2348
3354,43089,3387
3355,86223,1609
3356,12228,2110
3357,10733,1279
3358,77419,1414
3359,32480,1980
3360,41028,2615
3361,11286,3264
3362,78173,1864
3363,86560,3131
3364,74379,1607
3365,64606,1288
3366,30325,1651
3367,79002,1321
3368,11127,2813
3369,8089,2257
3370,73366,4362
3371,35263,2310
3372,66018,1356
3373,49240,1320
3374,78287,2377
3375,80069,1724
3376,38053,6349
3377,64868,1938
3378,60862,1313
3379,22370,2286
3380,39897,2154
3381,41856,1617
3382,968,3025
3383,76388,1460
3384,73476,1261
3385,83230,1419
3386,24410,1329
3387,52592,2003
3388,96425,3402
3389,38539,3363
3390,15109,1875
3391,86189,1810
3392,52657,1829
3393,78947,1938
3394,12907,2179
3395,31264,2544
3396,94568,1424
3397,12987,2876
3398,80542,2356
3399,99012,2061
3400,57124,2955
3401,75251,5716
3402,88469,1384
3403,46590,1338
3404,11504,1692
3405,11435,1359
3406,87778,2615
3407,79308,1410
3408,63398,1841
3409,61014,1797
3410,53301,2058
3411,9681,2176
3412,53050,2598
3413,19353,2088
3414,68409,1545
3415,21666,2567
3416,81008,2329
3417,39546,1300
3418,98791,1419
3419,94844,2760
3420,69514,1262
3421,96687,2696
3422,11354,1849
3423,9710,1212
3424,4696,1570
3425,8496,1748
3426,7213,2012
3427,13214,2912
3428,62378,2291
3429,59931,4548
3430,66903,1405
3431,21719,1251
3432,72058,1515
3433,64975,1927
3434,21691,2812
3435,50292,2677
3436,49017,1885
3437,95140,2601
3438,41960,1829
3439,43960,2142
3440,91613,2195
3441,75705,1378
3442,20081,2732
3443,96717,1854
3444,97432,2373
3445,75680,2713
3446,16291,1593
3447,95966,2388
3448,56714,1548
3449,95460,1660
3450,49123,1949
3451,21213,4083
3452,84815,1656
3453,18587,1292
3454,70010,2361
3455,95180,1471
3456,42189,1735
3457,29027,1793
3458,24529,1861
3459,23389,2129
3460,6538,1470
3461,56804,1781
3462,59991,2599
3463,50998,1984
3464,83768,1501
3465,94510,2038
3466,66264,1351
3467,82015,1407
3468,50675,2098
3469,10379,2565
3470,85185,2967
3471,11635,1606
3472,56181,1250
3473,58730,1817
3474,49685,1324
3475,48776,1431
3476,11542,3294
3477,26638,1942
3478,71217,4285
3479,66721,1551
3480,25112,1405
3481,92697,2777
3482,11472,1590
3483,74292,2147
3484,77282,2014
3485,99702,1774
3486,43351,2317
3487,5845,2747
3488,57450,1668
3489,60566,1246
3490,55323,2622
3491,48785,1550
3492,83308,1629
3493,78392,2351
3494,15463,2029
3495,32653,1400
3496,82762,2447
3497,71076,1860
3498,80216,2867
3499,94092,1339
3500,86604,4272
3501,98271,2892
3502,73454,1834
3503,66630,1991
3504,53018,1620
3505,64492,1277
3506,82483,2701
3507,43517,1755
3508,5957,1737
3509,50938,2264
3510,23486,5184
3511,91821,2227
3512,7286,1868
3513,18566,1887
3514,28842,2520
3515,65423,3272
3516,75773,2843
3517,90557,2546
3518,6300,2090
3519,19780,1828
3520,23534,1728
3521,68649,1460
3522,8849,2023
3523,54157,1502
3524,94789,2480
3525,1570,2980
3526,71339,2196
3527,86764,2600
3528,92345,1324
3529,85328,2551
3530,85016,1700
3531,4553,1801
3532,82415,5111
3533,18541,1739
3534,75820,2321
3535,71655,1877
3536,25855,1815
3537,23937,1435
3538,5967,1880
3539,26566,2610
3540,62814,2692
3541,1683,5354
3542,83371,1844
3543,25006,2352
3544,64215,2459
3545,60064,2598
3546,91070,1434
3547,57238,2993
3548,11084,2441
3549,55099,1865
3550,50263,2257
3551,25051,1710
3552,24033,1646
3553,65616,1890
3554,67489,1638
3555,9009,1959
3556,75301,1451
3557,873,3802
3558,17468,1343
3559,60385,1555
3560,65434,2303
3561,13572,2000
3562,57663,3021
3563,20899,1373
3564,3018,2784
3565,51860,1627
3566,89629,1625
3567,37974,1334
3568,42171,1927
3569,28846,1214
3570,37496,3249
3571,31514,1423
3572,77964,1695
3573,2187,2814
3574,86620,2400
3575,14805,1792
3576,418,3439
3577,44394,1645
3578,56039,1459
3579,83947,1426
3580,14071,2018
3581,95784,2233
3582,43878,2200
3583,2389,2445
3584,97065,1487
3585,14172,3359
3586,87489,2204
3587,11202,1403
3588,64096,2031
3589,30266,2013
3590,64798,2206
3591,77797,2257
3592,95654,2656
3593,8693,2909
3594,61157,2804
3595,84974,2865
3596,34398,1542
3597,53509,2253
3598,19369,2521
3599,96030,2324
3600,54457,1351
3601,53880,3159
3602,98174,3198
3603,88491,2848
3604,11670,1525
3605,38538,1550
3606,22043,2569
3607,7490,1483
3608,36606,2804
3609,78823,4445
3610,41983,1576
3611,31183,1820
3612,8741,1843
3613,71667,1465
3614,45722,2050
3615,46760,2119
3616,33156,1410
3617,77133,2277
3618,81164,1263
3619,94940,1393
3620,96524,1202
3621,34926,1557
3622,98099,3200
3623,43309,1361
3624,76427,1406
3625,55107,2122
3626,62554,3042
3627,50345,1933
3628,27834,2138
3629,95400,1788
3630,50389,1947
3631,48320,2937
3632,65682,1784
3633,87343,2412
3634,32545,1309
3635,70483,1552
3636,94551,3001
3637,70097,2020
3638,70416,1444
3639,86559,1606
3640,72991,2264
3641,15649,2063
3642,2814,7405
3643,70513,1268
3644,45755,9871
3645,82487,3208
3646,82045,3481
3647,93505,2015
3648,21605,1427
3649,35680,2369
3650,38767,1202
3651,12425,1266
3652,57287,2556
3653,36645,2862
3654,55019,1693
3655,58946,2864
3656,1141,1720
3657,83371,2570
3658,50213,1297
3659,77343,1251
3660,78267,2977
3661,55862,1679
3662,21212,2169
3663,57793,2519
3664,31076,4239
3665,68252,1272
3666,36471,2212
3667,14432,2564
3668,5793,1867
3669,21337,1551
3670,4818,1277
3671,65533,2634
3672,8079,1303
3673,89537,1203
3674,40658,2714
3675,45724,1943
3676,15227,1606
3677,98179,1789
3678,48507,1710
3679,40540,1292
3680,58302,1713
3681,34032,1863
3682,71651,1408
3683,78654,2717
3684,88676,1359
3685,86618,2836
3686,89893,2877
3687,5768,1647
3688,5348,1995
3689,80433,1434
3690,88101,1561
3691,25689,1689
3692,23246,1746
3693,95339,4245
3694,41530,2471
3695,20757,2761
3696,84608,1508
3697,37709,2105
3698,58339,3003
3699,82249,3149
3700,96152,2391
3701,94418,1924
3702,63278,2965
3703,84010,2463
3704,28050,2430
3705,82151,3215
3706,11536,1728
3707,53742,1605
3708,77818,1491
3709,17497,1636
3710,49626,1363
3711,24653,2413
3712,74052,2633
3713,58984,1631
3714,67250,2022
3715,80795,2488
3716,23728,1453
3717,98961,3020
3718,54113,1336
3719,73916,1975
3720,85969,1300
3721,2095,1290
3722,76143,2508
3723,31633,1487
3724,55116,3761
3725,53849,2125
3726,49965,1288
3727,42131,1944
3728,44065,2352
3729,45885,1580
3730,35368,2513
3731,88164,2818
3732,90650,1712
3733,18755,3692
3734,38226,1541
3735,80797,1853
3736,763,2313
3737,16699,2402
3738,70642,1969
3739,86424,1885
3740,3837,1936
3741,75083,1695
3742,42237,1289
3743,5115,1879
3744,78017,2451
3745,19709,2549
3746,44256,2197
3747,79619,2345
3748,12358,1824
3749,41989,2141
3750,11351,2254
3751,95493,3350
3752,49458,1645
3753,12713,2122
3754,99821,4249
3755,78119,1426
3756,44208,2258
3757,14251,3466
3758,83322,2948
3759,12600,1327
3760,86462,1237
3761,13073,3335
3762,42898,2137
3763,64553,2048
3764,25,2475
3765,11761,2599
3766,5231,1872
3767,10455,3636
3768,78338,1437
3769,61891,1919
3770,78245,2744
3771,49179,1855
3772,93328,1434
3773,40008,2169
3774,22973,2089
3775,59445,3212
3776,18134,1836
3777,21985,1794
3778,36186,1881
3779,25943,3035
3780,31995,1292
3781,81040,3533
3782,20205,2560
3783,76520,2588
3784,59814,1981
3785,41465,1262
3786,58258,2006
3787,40655,2639
3788,66046,1353
3789,27697,2251
3790,1078,1443
3791,52209,1465
3792,16000,2012
3793,67185,2012
3794,21903,1267
3795,29918,2392
3796,29389,1891
3797,28713,2723
3798,75747,1846
3799,71123,2013
3800,35840,2856
3801,87339,1835
3802,17336,4784
3803,44699,1894
3804,92469,2234
3805,20376,2248
3806,82183,1637
3807,21183,1805
3808,93807,1931
3809,13730,2339
3810,77381,1288
3811,29326,1314
3812,21295,2541
3813,31634,2067
3814,54698,2069
3815,17095,1599
3816,5493,1260
3817,95157,1525
3818,15607,1434
3819,28661,1912
3820,55672,3194
3821,50563,1552
3822,50900,1714
3823,63451,4261
3824,81110,2103
3825,99588,1292
3826,64854,1251
3827,39967,2611
3828,14728,1568
3829,37480,2656
3830,6770,2198
3831,59526,1732
3832,57033,2966
3833,27500,1333
3834,2651,1993
3835,89484,2942
3836,80656,1616
3837,76442,1444
3838,36278,1288
3839,7079,2467
3840,56343,3319
3841,2514,1607
3842,48640,1642
3843,43115,3126
3844,45907,1872
3845,50400,3475
3846,91114,2455
3847,83972,1577
3848,10947,2019
3849,36132,2373
3850,78386,2203
3851,93222,1456
3852,46259,2473
3853,44427,2328
3854,28333,2359
3855,18115,1393
3856,44354,1431
3857,46547,2213
3858,34764,3096
3859,34319,3520
3860,81357,1637
3861,58347,1394
3862,52994,2156
3863,3343,2249
3864,291,3096
3865,55380,3164
3866,28729,1241
3867,69276,1390
3868,49083,4169
3869,72503,2114
3870,50291,2037
3871,13844,2561
3872,60473,1549
3873,93767,1585
3874,29877,1737
3875,65318,2632
3876,15015,1719
3877,81745,1464
3878,6078,1524
3879,40133,2491
3880,89023,1453
3881,66245,1632
3882,66544,2652
3883,53271,2581
3884,79706,2502
3885,9416,2839
3886,38124,1201
3887,67103,1788
3888,169,1897
3889,71667,3245
3890,55679,2147
3891,802,1417
3892,7370,1456
3893,94228,2462
3894,52333,2276
3895,81678,2414
3896,90702,2167
3897,20066,1824
3898,70184,1362
3899,81238,1407
3900,46416,1657
3901,29562,3982
3902,94336,1578
3903,43616,1377
3904,83313,1849
3905,22768,3206
3906,32680,2299
3907,59310,2329
3908,25674,2110
3909,33504,2459
3910,21902,1459
3911,18407,1268
3912,79848,1281
3913,29831,3386
3914,4483,1476
3915,53473,1932
3916,71839,2677
3917,44481,1740
3918,36381,1603
3919,48647,2990
3920,43609,2794
3921,72264,2347
3922,85296,1834
3923,37118,1504
3924,55526,1279
3925,17363,1310
3926,48439,1409
3927,58360,2855
3928,19800,2422
3929,2134,2226
3930,6033,1662
3931,27198,3358
3932,53492,2274
3933,92449,1364
3934,23920,1477
3935,11674,1700
3936,31432,1456
3937,67786,1968
3938,34951,2844
3939,7592,1925
3940,14536,1306
3941,82364,1270
3942,24223,2925
3943,89620,2503
3944,24847,1400
3945,91769,1659
3946,35604,2065
3947,48800,1496
3948,96768,2012
3949,40195,1925
3950,5714,1652
3951,60511,2749
3952,81720,3120
3953,76596,2379
3954,6834,3547
3955,10952,1565
3956,28806,2845
3957,41584,2370
3958,58480,3947
3959,61336,2507
3960,69258,3082
3961,79292,1244
3962,23604,1219
3963,33860,1459
3964,40586,1388
3965,41728,1977
3966,22258,1715
3967,11878,1385
3968,9948,1243
3969,32485,2008
3970,35839,2230
3971,11755,2077
3972,71863,1429
3973,54742,1215
3974,79122,1594
3975,58415,2525
3976,24176,1526
3977,34678,1400
3978,60149,1810
3979,79054,4198
3980,65186,1290
3981,20110,3916
3982,27394,1483
3983,58094,1524
3984,59276,1720
3985,38517,1579
3986,92283,1395
3987,60699,2147
3988,68914,2285
3989,51807,1421
3990,70182,2728
3991,21964,3263
3992,11212,1340
3993,23003,1894
3994,98696,1610
3995,66085,2099
3996,33609,1584
3997,97836,1898
3998,94040,2308
3999,65876,2780
4000,93768,1930
4001,38842,2315
4002,87902,2489
4003,22263,1917
4004,45192,3115
4005,52855,2307
4006,38415,2731
4007,80897,1820
4008,24909,2166
4009,66866,2711
4010,8115,2357
4011,32052,2433
4012,68873,2991
4013,62857,2382
4014,95413,2341
4015,61359,2032
4016,30314,1234
4017,90351,1454
4018,62127,1630
4019,76802,4226
4020,91983,2304
4021,5777,1781
4022,30260,1372
4023,7717,1917
4024,6852,1226
4025,57444,2564
4026,96437,1211
4027,7268,2368
4028,64189,1733
4029,7896,1423
4030,36632,1911
4031,64409,1233
4032,19629,1679
4033,23253,1947
4034,18442,2187
4035,61297,1993
4036,77969,1616
4037,31321,2813
4038,79113,1565
4039,79222,1491
4040,88604,5601
4041,31314,1965
4042,77454,2299
4043,30524,1721
4044,15934,2724
4045,73660,1442
4046,39876,1695
4047,83565,2301
4048,644,1213
4049,4775,4900
4050,4384,2922
4051,47144,1453
4052,64338,3384
4053,70787,1371
4054,55192,2395
4055,98111,2884
4056,99023,1649
4057,61353,1500
4058,30306,1651
4059,13315,1204
4060,94989,2104
4061,12709,2739
4062,15739,1679
4063,47328,4043
4064,73844,1736
4065,21134,1815
4066,89207,2251
4067,25078,1228
4068,39621,1378
4069,55615,1954
4070,59107,2874
4071,37724,2458
4072,76136,2314
4073,47584,2467
4074,12932,2744
4075,16310,3632
4076,3942,2348
4077,95011,2833
4078,50208,1585
4079,32047,2683
4080,25965,2017
4081,5478,1294
4082,84738,5330
4083,19167,1851
4084,11673,1283
4085,92827,4188
4086,30774,3883
4087,78796,1523
4088,73797,1316
4089,29730,1910
4090,14757,1360
4091,65138,2067
4092,2395,2551
4093,54852,1243
4094,40021,1780
4095,75660,1326
4096,25504,3268
4097,77153,1298
4098,90317,2432
4099,99246,2347
4100,75961,3188
4101,27627,1438
4102,83804,2802
4103,58572,2674
4104,87324,2382
4105,23205,2143
4106,69451,2373
4107,9542,1382
4108,57743,1409
4109,7300,2351
4110,55501,1457
4111,23944,2971
4112,55984,1907
4113,62490,1816
4114,25588,2022
4115,10354,1562
4116,24653,4549
4117,69158,1684
4118,68974,2363
4119,63092,2189
4120,60131,1214
4121,6231,2847
4122,20200,1836
4123,85458,1594
4124,44506,1484
4125,60462,3480
4126,21355,2091
4127,34507,2178
4128,12248,1893
4129,25763,3559
4130,61927,1831
4131,89452,1730
4132,66988,1246
4133,55673,1949
4134,43723,3477
4135,2607,2250
4136,28794,1600
4137,12816,2521
4138,5499,2228
4139,8212,1205
4140,47971,1904
4141,43704,2411
4142,19068,1390
4143,79747,2094
4144,98647,3400
4145,45762,1490
4146,79757,2128
4147,35731,1730
4148,46323,1696
4149,4947,1595
4150,87322,1782
4151,582,1880
4152,19297,1877
4153,74681,2604
4154,8325,2266
4155,67061,1533
4156,68169,1735
4157,88904,1752
4158,18218,1921
4159,84589,1320
4160,97324,1909
4161,87514,1688
4162,95180,2187
4163,67758,2440
4164,67540,1734
4165,82510,3413
4166,29868,1228
4167,27270,2065
4168,7588,3546
4169,56143,3497
4170,39408,2501
4171,74618,1545
4172,30755,1465
4173,4800,3100
4174,77504,2174
4175,43744,1430
4176,80661,1628
4177,84820,1284
4178,43187,1601
4179,23384,2327
4180,97415,1357
4181,35877,1576
4182,20202,1852
4183,95329,2013
4184,58777,1596
4185,77785,3850
4186,9461,1940
4187,84975,1974
4188,44821,3973
4189,45656,2968
4190,27659,2041
4191,66701,2373
4192,37569,2932
4193,4204,1351
4194,86395,2592
4195,39606,2558
4196,28016,2567
4197,93374,2267
4198,77859,1246
4199,75465,1236
4200,11883,1497
4201,48035,1962
4202,996,1715
4203,38121,1874
4204,78812,1286
4205,10035,1218
4206,61309,2523
4207,99403,2521
4208,31624,2249
4209,71189,1302
4210,43787,3378
4211,50984,1428
4212,34660,2087
4213,5844,2011
4214,88049,2387
4215,67307,2716
4216,94191,1372
4217,67618,1629
4218,42411,2243
4219,36853,1749
4220,33854,3712
4221,84151,2632
4222,84859,1578
4223,53884,1284
4224,76151,1717
4225,87444,5661
4226,38559,1276
4227,30475,1768
4228,27864,1281
4229,38740,1895
4230,6391,2080
4231,96574,1505
4232,18566,2088
4233,91146,3170
4234,90418,1571
4235,18869,2355
4236,11590,2953
4237,161,2195
4238,92881,4691
4239,60800,1646
4240,8565,1708
4241,1022,1264
4242,60242,1931
4243,8945,1817
4244,58571,2306
4245,71056,2977
4246,85919,1770
4247,95643,1486
4248,59262,3068
4249,20778,1625
4250,47861,2085
4251,2388,1513
4252,9171,2027
4253,28074,2229
4254,54795,1815
4255,99654,1233
4256,78398,2456
4257,68262,1600
4258,66525,1636
4259,27314,1742
4260,731,2343
4261,88631,3033
4262,92549,1297
4263,90787,3671
4264,42013,1529
4265,62350,2216
4266,98418,3183
4267,39307,3127
4268,52257,1251
4269,39148,1487
4270,53535,1755
4271,76700,2285
4272,63125,2144
4273,29757,2522
4274,39571,5570
4275,63569,1222
4276,57672,1266
4277,14290,1677
4278,84525,1571
4279,88304,1751
4280,48385,1952
4281,18428,2161
4282,97125,2066
4283,22631,2328
4284,25575,1287
4285,56221,2237
4286,83081,3386
4287,37935,1724
4288,10372,2103
4289,86940,2030
4290,28634,2299
4291,50156,3332
4292,94663,2191
4293,40069,2689
4294,76068,1903
4295,84203,1292
4296,76721,2435
4297,75757,9084
4298,72469,2123
4299,14393,1890
4300,59700,2282
4301,65689,1423
4302,87588,2120
4303,43536,1450
4304,74318,2293
4305,63359,1470
4306,46541,2878
4307,71728,2035
4308,47996,2074
4309,16098,2234
4310,52872,2876
4311,73961,1658
4312,30341,2069
4313,31524,2182
4314,17342,1453
4315,58071,1816
4316,59174,1511
4317,61540,1487
4318,38084,3429
4319,63409,1789
4320,55046,2340
4321,98680,3073
4322,9035,2806
4323,43020,2556
4324,45702,2337
4325,29421,1294
4326,43341,2802
4327,15312,3739
4328,69759,1526
4329,35256,1867
4330,18758,2278
4331,98434,1544
4332,21102,2141
4333,28066,2211
4334,66096,2228
4335,45612,1536
4336,1555,2815
4337,59243,3416
4338,48784,2224
4339,46252,3460
4340,14940,1843
4341,12516,3021
4342,1357,2732
4343,27765,3607
4344,56402,1511
4345,94276,1207
4346,44490,1827
4347,31462,1293
4348,31407,2066
4349,87764,1268
4350,79752,2248
4351,62563,1317
4352,35554,1231
4353,48798,2483
4354,99724,1306
4355,42430,1462
4356,85300,2056
4357,50268,3183
4358,53464,3517
4359,4294,2545
4360,28620,2938
4361,98259,5201
4362,7731,2014
4363,35101,2510
4364,90170,5011
4365,86924,1444
4366,83210,2151
4367,86298,2789
4368,38609,1629
4369,43279,2591
4370,96813,2109
4371,61266,1259
4372,23564,2496
4373,40259,2287
4374,6330,2321
4375,58723,1801
4376,94147,4289
4377,87849,2821
4378,23837,2421
4379,72952,1952
4380,66892,3129
4381,92480,1819
4382,66657,2011
4383,59064,1988
4384,50873,2581
4385,10176,2948
4386,27487,1530
4387,18699,1741
4388,65267,1599
4389,62997,3501
4390,4656,1327
4391,98434,1914
4392,69540,2385
4393,95829,1320
4394,15252,1970
4395,45570,1427
4396,74521,2731
4397,3959,2284
4398,29336,1761
4399,89380,1500
4400,53589,1304
4401,44595,1422
4402,18986,2652
4403,2286,1681
4404,60658,2036
4405,68314,2889
4406,87165,2185
4407,40571,2568
4408,53058,2066
4409,78947,1733
4410,18555,2606
4411,60565,2048
4412,67846,2306
4413,15824,2459
4414,77331,3772
4415,61908,3204
4416,4208,4593
4417,41494,2841
4418,77943,1362
4419,12562,1216
4420,54439,2430
4421,98471,5057
4422,37854,2329
4423,91717,1856
4424,53157,2773
4425,48762,2286
4426,59709,1978
4427,77687,2741
4428,97587,7172
4429,34499,1500
4430,45613,1449
4431,86948,1365
4432,17339,1474
4433,20906,1237
4434,5964,1593
4435,99390,1540
4436,74204,2281
4437,52436,1321
4438,6265,2637
4439,14451,2939
4440,7350,1647
4441,98757,2971
4442,54377,1872
4443,72119,1272
4444,75478,1709
4445,37847,1455
4446,29900,1517
4447,69976,1402
4448,72600,4385
4449,68213,1641
4450,87902,1673
4451,51861,1266
4452,17314,2244
4453,64035,1684
4454,45527,1360
4455,27872,1663
4456,29408,3864
4457,44153,3143
4458,45675,1463
4459,14252,1819
4460,52210,1533
4461,68887,2459
4462,51644,3055
4463,83701,5382
4464,17315,1840
4465,2661,2268
4466,58527,2246
4467,41131,2717
4468,45009,2101
4469,37909,2227
4470,76857,3521
4471,34228,3391
4472,87702,3092
4473,67636,1529
4474,39793,1839
4475,20100,1206
4476,1554,1411
4477,51744,1274
4478,29881,2209
4479,41968,1379
4480,283,7513
4481,59220,2486
4482,23957,2476
4483,33341,1886
4484,75134,1420
4485,10889,3716
4486,15705,2284
4487,25197,1468
4488,4368,1853
4489,81831,2325
4490,93248,3275
4491,78466,1684
4492,78270,6133
4493,47252,1562
4494,533,1607
4495,13756,1358
4496,28357,1241
4497,47951,1200
4498,19905,2423
4499,39481,6682
4500,22001,3937
4501,94262,2211
4502,22417,1359
4503,14921,1263
4504,48322,1875
4505,30672,2529
4506,26770,2472
4507,55364,1392
4508,72,2170
4509,37048,2604
4510,53897,2371
4511,51352,4740
4512,5761,2864
4513,49018,1333
4514,43102,3159
4515,80035,3377
4516,49667,1296
4517,30330,2409
4518,2614,3751
4519,2174,2878
4520,92647,2325
4521,15581,1399
4522,81854,3487
4523,54158,1757
4524,65154,1701
4525,73674,1508
4526,79571,1536
4527,4230,2752
4528,47373,4139
4529,59414,1720
4530,1125,2269
4531,45021,3036
4532,64741,2229
4533,74027,1332
4534,12091,1765
4535,68815,2011
4536,64888,1755
4537,48279,1843
4538,85049,1966
4539,16701,1520
4540,69667,2068
4541,28997,3004
4542,39380,2310
4543,21485,1544
4544,20048,1513
4545,63143,2942
4546,92948,2698
4547,56131,1946
4548,55843,2058
4549,5711,1752
4550,61408,1347
4551,92445,1301
4552,96653,2281
4553,63284,1305
4554,53906,2752
4555,47175,2081
4556,55355,1531
4557,57429,1241
4558,71191,2154
4559,76897,2978
4560,552,2959
4561,99012,2123
4562,3803,2267
4563,99700,1836
4564,35759,2832
4565,63394,1361
4566,5782,1576
4567,16877,2681
4568,87315,6407
4569,96846,2921
4570,43691,1565
4571,41656,2023
4572,99787,2903
4573,80848,1848
4574,88262,1445
4575,23680,1214
4576,98178,1252
4577,91906,1585
4578,68058,1997
4579,42441,1486
4580,17488,3686
4581,9731,2851
4582,8026,1716
4583,26468,2906
4584,39067,2308
4585,88329,2141
4586,12229,1964
4587,7084,2996
4588,60474,2375
4589,35150,1619
4590,25787,1353
4591,37382,1336
4592,51465,1400
4593,96521,2859
4594,65554,1650
4595,98963,2897
4596,7003,3916
4597,35715,2026
4598,87743,2606
4599,56800,3135
4600,66795,1778
4601,86301,3687
4602,47097,2647
4603,67800,1362
4604,3004,2006
4605,8666,3372
4606,64935,1430
4607,84222,1656
4608,28436,1253
4609,13667,1347
4610,98781,1517
4611,96177,1334
4612,33873,2139
4613,76683,2015
4614,42430,1967
4615,54666,5645
4616,82135,3231
4617,69536,2965
4618,48784,2183
4619,23877,1211
4620,73285,4558
4621,59113,2706
4622,62259,2056
4623,89097,2288
4624,12115,1500
4625,66687,2166
4626,5443,1894
4627,86850,2042
4628,91573,2881
4629,29137,1926
4630,30988,2704
4631,92223,2003
4632,28067,1873
4633,27353,2184
4634,43382,1394
4635,98508,1267
4636,29327,1930
4637,38285,1637
4638,42790,1734
4639,97652,1547
4640,95175,2925
4641,87111,2470
4642,39322,1216
4643,16274,1459
4644,34748,1485
4645,6699,2251
4646,26187,2664
4647,86505,2384
4648,91115,2492
4649,22073,1279
4650,38333,1881
4651,24015,2693
4652,67644,2429
4653,58284,1349
4654,57448,1390
4655,35651,1235
4656,67138,3763
4657,38082,2267
4658,61729,1574
4659,38509,2689
4660,3693,2017
4661,52103,1409
4662,45973,1876
4663,83289,1945
4664,51778,1244
4665,45279,1465
4666,52949,5262
4667,58102,3241
4668,78693,2602
4669,1322,2690
4670,18601,1896
4671,7873,1887
4672,35379,2455
4673,12019,8098
4674,14515,3297
4675,68489,2716
4676,39204,3249
4677,18881,1502
4678,88551,1992
4679,99831,2894
4680,54351,1474
4681,98396,2910
4682,94059,2559
4683,78726,1221
4684,84125,3396
4685,80556,2833
4686,7957,2175
4687,91151,2205
4688,96891,1908
4689,56535,1893
4690,77063,1626
4691,22180,1318
4692,679,1492
4693,26051,3583
4694,81475,1343
4695,12932,2439
4696,22365,2157
4697,78197,1429
4698,9054,1679
4699,90759,1337
4700,15181,1705
4701,8939,3525
4702,18711,2435
4703,58298,1489
4704,56466,2655
4705,13401,1245
4706,19318,1214
4707,24059,3245
4708,96593,1410
4709,8936,2526
4710,31229,1378
4711,49823,2444
4712,89987,1411
4713,78553,1478
4714,43465,1686
4715,79823,1381
4716,79194,1806
4717,31198,4306
4718,15205,5163
4719,20943,3775
4720,99213,1297
4721,20972,2135
4722,62313,2427
4723,96905,2414
4724,51469,1512
4725,53481,2065
4726,47367,2182
4727,82383,2526
4728,86874,1560
4729,52528,1258
4730,51390,1617
4731,17514,1250
4732,34662,2968
4733,17925,6356
4734,8724,1265
4735,27059,2945
4736,36570,2787
4737,45879,1963
4738,78642,1397
4739,61171,1318
4740,53409,1998
4741,71717,2562
4742,85948,2076
4743,79192,2117
4744,3275,1715
4745,87591,2364
4746,31754,1581
4747,77034,1423
4748,89743,1688
4749,4653,1712
4750,18636,2664
4751,27548,5472
4752,18684,2657
4753,81459,2225
4754,54539,1419
4755,73410,1546
4756,77532,2539
4757,87240,1712
4758,35952,1449
4759,15647,1298
4760,38823,1357
4761,1387,1391
4762,62815,2828
4763,95827,3578
4764,40904,1516
4765,36524,1563
4766,20755,3584
4767,86087,2381
4768,37716,2224
4769,9945,1830
4770,75003,1501
4771,43107,2033
4772,44482,2674
4773,68946,1211
4774,98926,2042
4775,70742,2385
4776,64258,1580
4777,66659,2787
4778,40072,1450
4779,12346,2705
4780,93911,3500
4781,21908,1667
4782,48736,2534
4783,63439,1216
4784,24027,1341
4785,25407,3611
4786,98134,1659
4787,13785,2030
4788,83465,1766
4789,94852,1977
4790,15335,1343
4791,60759,4007
4792,41733,3248
4793,16544,2158
4794,34777,1518
4795,70008,1226
4796,86610,1622
4797,35456,2650
4798,89915,1797
4799,36466,3728
4800,61922,3698
4801,47145,1843
4802,44398,1714
4803,90590,1572
4804,72014,1891
4805,58815,1321
4806,37137,3320
4807,68462,2192
4808,72517,1957
4809,10513,2598
4810,50585,1702
4811,80523,2018
4812,93648,1525
4813,9232,3023
4814,73981,1697
4815,30763,2276
4816,18599,1427
4817,71385,2253
4818,27065,3717
4819,49626,1340
4820,97505,1617
4821,3698,3621
4822,15025,3006
4823,44638,1498
4824,87341,3226
4825,58291,1204
4826,59178,1586
4827,32263,1236
4828,26677,2534
4829,21872,2362
4830,32067,2300
4831,57610,3058
4832,90866,1615
4833,77387,1323
4834,63428,1792
4835,40949,4094
4836,70614,4459
4837,96127,1229
4838,65340,11038
4839,51200,1335
4840,69355,1213
4841,8288,1803
4842,94866,3491
4843,80641,1799
4844,18712,4710
4845,14675,2436
4846,46823,1273
4847,2037,2026
4848,65766,2411
4849,50029,2725
4850,62932,2319
4851,7756,1482
4852,50782,1329
4853,36659,1870
4854,85743,2626
4855,63171,2401
4856,85217,1267
4857,12586,2185
4858,81503,3141
4859,47287,2481
4860,82452,1957
4861,32219,4487
4862,87485,1250
4863,13678,2803
4864,94357,4058
4865,16405,1953
4866,30631,2613
4867,39177,1643
4868,14807,4491
4869,82000,2366
4870,25355,3167
4871,11649,1797
4872,16184,1591
4873,68273,1472
4874,37602,2010
4875,25167,1273
4876,57325,1803
4877,88180,2343
4878,12851,1924
4879,47399,4340
4880,8712,1588
4881,19883,1670
4882,55020,1846
4883,94349,1913
4884,49515,2635
4885,2300,1488
4886,17740,1323
4887,36401,1755
4888,11427,1215
4889,28271,2643
4890,46631,3257
4891,9217,1912
4892,44710,2683
4893,60294,1622
4894,65622,1280
4895,69387,1671
4896,8017,1463
4897,7760,1267
4898,98615,1736
4899,70152,1856
4900,78998,1802
4901,79049,1756
4902,3019,3230
4903,44161,2720
4904,28633,2478
4905,55539,2071
4906,68140,2515
4907,18669,1721
4908,77148,6392
4909,87443,1632
4910,79605,2663
4911,99365,2651
4912,76603,2966
4913,3355,2491
4914,60543,1292
4915,89055,1493
4916,91831,2507
4917,48807,1626
4918,89313,1256
4919,56825,3389
4920,91736,1575
4921,87481,1397
4922,69725,1625
4923,38208,1368
4924,5967,2503
4925,27361,1306
4926,80856,1328
4927,49236,2524
4928,840,3762
4929,81687,1979
4930,60203,4180
4931,27702,3321
4932,89893,6647
4933,23433,1757
4934,24097,2533
4935,91584,5241
4936,55713,3002
4937,48125,1710
4938,44976,2513
4939,94378,4335
4940,16902,2541
4941,28403,2653
4942,35677,2091
4943,86061,1671
4944,65000,1288
4945,33795,1360
4946,52029,2656
4947,24692,1491
4948,45187,1566
4949,34160,2004
4950,13542,1516
4951,71615,2529
4952,28234,1332
4953,38333,1930
4954,99240,2140
4955,93335,1776
4956,90642,1889
4957,77377,3010
4958,5093,1519
4959,75683,2774
4960,26635,2632
4961,91815,1227
4962,51181,1468
4963,72263,2329
4964,82353,1537
4965,15037,2404
4966,36715,2326
4967,57300,3481
4968,56005,1807
4969,81393,1592
4970,18537,1397
4971,32998,2843
4972,37599,1751
4973,28864,1849
4974,35301,1980
4975,42997,5778
4976,26552,2015
4977,61571,2546
4978,79833,2881
4979,86178,3350
4980,37567,1654
4981,62101,1573
4982,21055,3097
4983,998,3937
4984,90450,1357
4985,90340,1853
4986,8714,4156
4987,71419,2959
4988,65499,1320
4989,57401,1567
4990,17232,2213
4991,94401,1248
4992,13582,2193
4993,83786,2672
4994,90737,1693
4995,18872,1999
4996,14177,3209
4997,85086,1439
4998,90613,1233
4999,21615,1371
5000,48147,2771
5001,7685,2327
5002,37787,1319
5003,56954,1765
5004,76005,1595
5005,86548,1763
5006,13302,1921
5007,28247,1989
5008,11489,1220
5009,31336,2626
5010,56407,2186
5011,44360,1618
5012,84386,1206
5013,61319,1475
5014,21921,1734
5015,49496,1787
5016,83624,1378
5017,1780,2403
5018,74609,1443
5019,76687,1961
5020,65123,1262
5021,43201,2849
5022,87548,1339
5023,76233,1648
5024,46106,2633
5025,57358,4819
5026,40245,5939
5027,15377,1951
5028,66771,1662
5029,78213,1551
5030,37604,1633
5031,38437,1344
5032,83983,2206
5033,37880,1812
5034,38195,3779
5035,67787,1453
5036,76609,3412
5037,23590,1783
5038,95464,2474
5039,39254,1976
5040,20748,1307
5041,46480,2917
5042,49051,2346
5043,10009,3506
5044,93287,1852
5045,31989,1810
5046,56791,1748
5047,3359,2754
5048,16373,2070
5049,3191,1620
5050,55432,1990
5051,12334,4209
5052,53588,2174
5053,1997,1480
5054,11814,3022
5055,54263,1889
5056,76934,2661
5057,69263,1508
5058,10291,1702
5059,52690,3661
5060,10349,1698
5061,27307,2431
5062,95095,1263
5063,83269,1407
5064,53029,2871
5065,75268,1942
5066,13083,3346
5067,2056,2794
5068,73529,2253
5069,50897,1687
5070,14134,2138
5071,19956,2198
5072,6674,1420
5073,94122,2094
5074,44024,9293
5075,67912,1893
5076,31276,2842
5077,32655,3373
5078,76437,2536
5079,49369,2467
5080,34824,4339
5081,69377,1789
5082,72106,1872
5083,40170,2978
5084,72269,1786
5085,64668,1415
5086,77239,1349
5087,51665,2787
5088,7659,2053
5089,72040,2995
5090,62012,1406
5091,1974,1650
5092,17854,1878
5093,22946,1735
5094,59906,2146
5095,3852,1700
5096,34850,2532
5097,93253,1206
5098,10487,1254
5099,92239,1890
5100,27545,1426
5101,80441,1324
5102,25165,1510
5103,16618,2489
5104,33774,1943
5105,41612,2741
5106,22238,1427
5107,30728,2345
5108,80195,1796
5109,8189,1875
5110,41940,1226
5111,93470,2444
5112,96605,1579
5113,96435,1640
5114,95883,2052
5115,45953,1820
5116,86326,2499
5117,25283,2941
5118,48459,3114
5119,20310,1939
5120,78311,1383
5121,5167,1312
5122,5069,2786
5123,44296,1423
5124,42694,1799
5125,95352,2670
5126,16189,1948
5127,67239,2298
5128,7322,2608
5129,97259,3174
5130,41770,1802
5131,65888,1478
5132,35111,1263
5133,28177,1205
5134,63721,1766
5135,65431,2826
5136,23961,1263
5137,23230,1240
5138,84603,2301
5139,47325,3461
5140,96983,3187
5141,93598,3477
5142,60316,2148
5143,14520,1466
5144,15286,2420
5145,58842,2382
5146,69430,1441
5147,588,2198
5148,73829,1486
5149,74729,1512
5150,88305,1222
5151,44443,2445
5152,5846,2628
5153,1271,3114
5154,22885,1827
5155,81163,3018
5156,49335,1757
5157,18496,1976
5158,14661,1728
5159,83712,1679
5160,77771,2258
5161,19397,2517
5162,50624,2629
5163,15295,2503
5164,36301,3446
5165,51014,2774
5166,78653,2558
5167,38945,1506
5168,61625,1568
5169,65914,3033
5170,91738,1303
5171,42600,2354
5172,60589,2998
5173,55032,1469
5174,27092,2692
5175,15554,1831
5176,314,1441
5177,95818,4791
5178,24367,1429
5179,71023,2769
5180,97958,1579
5181,19885,1808
5182,92674,2594
5183,44760,2416
5184,86958,2266
5185,64479,2256
5186,30110,2475
5187,48586,1233
5188,96691,2215
5189,35083,2213
5190,88640,2197
5191,55543,2533
5192,79537,3013
5193,43309,1280
5194,71858,2383
5195,44985,1294
5196,36412,1994
5197,30636,4679
5198,12219,1332
5199,22565,1585
5200,33919,2322
5201,39459,2627
5202,73030,1500
5203,86297,2365
5204,20550,2928
5205,92518,3683
5206,16463,4104
5207,942,2194
5208,54851,1873
5209,21719,1787
5210,26766,1217
5211,65856,2900
5212,68668,2431
5213,83819,1898
5214,55550,1388
5215,21795,2908
5216,24240,1681
5217,51627,2865
5218,33781,1614
5219,3053,2436
5220,67654,1425
5221,59998,1854
5222,29572,4807
5223,96295,2063
5224,92228,2133
5225,12810,1410
5226,67227,2045
5227,87606,2062
5228,42825,2411
5229,48431,1490
5230,5154,1807
5231,5680,2991
5232,55248,1547
5233,84313,2072
5234,23536,2254
5235,5350,1816
5236,31657,3074
5237,17721,1982
5238,15881,2757
5239,48015,1307
5240,93011,3963
5241,98643,2210
5242,69020,2076
5243,33936,2661
5244,51677,2622
5245,66320,3007
5246,3820,2359
5247,31186,3152
5248,42364,2940
5249,10327,1209
5250,22709,2520
5251,8348,2739
5252,23944,1770
5253,94600,2450
5254,39136,2492
5255,19833,2236
5256,37294,2512
5257,4001,1511
5258,42324,1509
5259,87440,2540
5260,56133,2607
5261,90180,1507
5262,43792,3017
5263,8183,2462
5264,61924,2259
5265,71348,4898
5266,60335,1513
5267,28692,3916
5268,31561,2651
5269,83015,2114
5270,82078,1476
5271,12751,1774
5272,36779,2378
5273,3406,2498
5274,5595,2071
5275,18300,2273
5276,31184,1636
5277,33316,1203
5278,59673,2599
5279,55127,3217
5280,6258,2151
5281,38483,1496
5282,72552,2636
5283,12021,1413
5284,29872,1895
5285,96870,1753
5286,68892,2140
5287,87307,3574
5288,94626,1406
5289,76017,1401
5290,3494,1716
5291,83326,1874
5292,51600,3148
5293,96680,3532
5294,27458,1460
5295,18655,4404
5296,61267,2624
5297,80496,2143
5298,67733,1502
5299,25833,2913
5300,63480,1907
5301,40294,2062
5302,74737,2609
5303,97556,1897
5304,51065,1959
5305,21368,2886
5306,88881,2173
5307,72606,1792
5308,8202,1375
5309,32671,2189
5310,65748,1417
5311,79946,2898
5312,34074,2377
5313,35053,1479
5314,97226,1602
5315,81819,1326
5316,15240,1883
5317,76838,1808
5318,18780,1429
5319,1270,1722
5320,41383,2125
5321,17034,1297
5322,1240,2259
5323,9800,1399
5324,16467,5310
5325,99963,3416
5326,76836,1885
5327,76003,3986
5328,51349,1823
5329,1873,1594
5330,70899,2061
5331,93292,1648
5332,72395,1325
5333,54686,1234
5334,34730,6294
5335,99931,2779
5336,22087,1391
5337,238,1542
5338,28720,1212
5339,1868,2270
5340,9268,2040
5341,92169,2156
5342,14692,2017
5343,43437,1491
5344,27351,1509
5345,96998,1804
5346,38752,2844
5347,23227,3529
5348,65789,2481
5349,90442,2002
5350,9039,2894
5351,65997,1476
5352,110,2237
5353,73151,1249
5354,85985,1281
5355,81150,2280
5356,48662,1572
5357,45127,2080
5358,86362,1784
5359,74846,1669
5360,30138,3020
5361,52215,1646
5362,69659,2286
5363,35510,1366
5364,59243,2280
5365,644,2417
5366,12343,1714
5367,80693,2530
5368,65453,1359
5369,59540,2877
5370,32372,3568
5371,20531,2355
5372,34873,1879
5373,49311,2878
5374,63995,2831
5375,31810,3625
5376,63489,1935
5377,69394,2189
5378,84928,1574
5379,57690,2268
5380,28559,1243
5381,94052,2016
5382,77385,2184
5383,24604,1572
5384,37615,1521
5385,1458,2412
5386,44256,1547
5387,82785,2207
5388,66121,3128
5389,69337,2096
5390,68932,1672
5391,12406,1312
5392,14907,2775
5393,27184,4228
5394,51941,1975
5395,63624,3268
5396,1338,1519
5397,14839,1206
5398,25526,1260
5399,79768,2661
5400,49584,1301
5401,13820,1992
5402,51748,1473
5403,99656,2991
5404,33001,2578
5405,85842,3529
5406,18413,3752
5407,75056,4631
5408,83416,7892
5409,79677,4669
5410,66958,2366
5411,35744,2832
5412,50809,1378
5413,28253,2771
5414,32256,1452
5415,18982,2236
5416,18661,2564
5417,91226,2214
5418,76560,1646
5419,95806,2966
5420,77311,1222
5421,63541,2082
5422,31861,3719
5423,10468,2465
5424,66865,1829
5425,97026,1412
5426,7398,2842
5427,69527,2403
5428,46859,2467
5429,30038,1528
5430,11709,5735
5431,28990,1356
5432,16069,1745
5433,44547,1288
5434,4805,1596
5435,56108,2121
5436,41554,1408
5437,83995,1667
5438,86640,3515
5439,58504,3701
5440,21225,1734
5441,11174,4147
5442,71749,2622
5443,19476,1427
5444,4899,1704
5445,38964,5681
5446,92524,1499
5447,79170,2386
5448,75021,3088
5449,56251,3172
5450,88235,2664
5451,11863,1942
5452,86161,1981
5453,20089,1634
5454,42598,1455
5455,73022,2176
5456,74374,1541
5457,85792,2240
5458,85230,2367
5459,35309,1935
5460,33520,3327
5461,5180,2459
5462,74436,1421
5463,16353,2728
5464,99594,2356
5465,65007,4444
5466,20473,1966
5467,97573,1560
5468,42473,1774
5469,31081,1207
5470,39630,1648
5471,29263,5569
5472,82662,2498
5473,11535,1936
5474,78670,2041
5475,83259,2219
5476,7103,1578
5477,38158,1683
5478,76247,3072
5479,1902,2210
5480,42120,2804
5481,37929,1259
5482,4228,1230
5483,45964,2034
5484,41791,1475
5485,11499,1954
5486,18270,3642
5487,33229,2889
5488,62241,2499
5489,70082,1982
5490,31306,2597
5491,19407,1980
5492,15167,1520
5493,39942,2560
5494,59121,2099
5495,97958,2443
5496,91944,1497
5497,14304,1708
5498,97474,1762
5499,50532,1555
5500,8413,1242
5501,81680,7885
5502,31281,1528
5503,74744,1335
5504,31237,1957
5505,79345,1746
5506,77080,2636
5507,46292,1935
5508,44673,1979
5509,28606,1599
5510,63514,2859
5511,57865,1898
5512,40553,1517
5513,98248,1375
5514,43688,1484
5515,94167,3669
5516,50632,1369
5517,90460,2560
5518,56898,4370
5519,31487,1491
5520,5709,1380
5521,28614,2311
5522,6956,2428
5523,93037,2472
5524,55898,2131
5525,976,2311
5526,52754,2297
5527,70433,2756
5528,34554,2180
5529,90199,3604
5530,44906,2933
5531,10930,2858
5532,14742,2204
5533,76973,2203
5534,81172,2145
5535,75394,1828
5536,85153,1436
5537,38584,1375
5538,37110,1596
5539,12547,2090
5540,57180,1740
5541,23988,2674
5542,7044,3241
5543,5466,1392
5544,63821,3234
5545,67086,1351
5546,87376,1434
5547,43519,1550
5548,32064,2328
5549,15428,3200
5550,93034,1904
5551,60451,2008
5552,31776,1684
5553,46472,1915
5554,40363,1218
5555,93613,5680
5556,91933,2756
5557,78982,3020
5558,17818,3421
5559,54520,2219
5560,70375,2751
5561,68387,2182
5562,87194,2605
5563,74523,1921
5564,30596,2564
5565,52090,1374
5566,49709,1268
5567,61276,4858
5568,10767,1553
5569,99560,2647
5570,8053,2001
5571,71611,3109
5572,99511,1385
5573,26663,1491
5574,91388,3405
5575,34776,1990
5576,7477,1998
5577,33937,2628
5578,48042,3148
5579,37685,1991
5580,75727,1632
5581,95822,1928
5582,83753,1577
5583,69657,1349
5584,81360,2668
5585,46983,1758
5586,3487,1279
5587,62503,2140
5588,41141,2426
5589,1516,1383
5590,30912,2220
5591,9970,2812
5592,9382,1348
5593,68691,2807
5594,19152,2525
5595,50269,1654
5596,64159,2414
5597,56167,2759
5598,7683,1459
5599,99348,2130
5600,15624,2783
5601,81554,3711
5602,6975,2569
5603,42489,1324
5604,99683,3008
5605,73664,2657
5606,59066,1684
5607,30495,2643
5608,43402,4724
5609,8258,1994
5610,17775,1503
5611,28138,1638
5612,18918,2340
5613,67797,6569
5614,63873,1729
5615,65236,2508
5616,49423,1277
5617,71983,1244
5618,95661,2823
5619,80470,3095
5620,87297,2373
5621,17009,1663
5622,54719,1550
5623,6756,2360
5624,90792,3087
5625,66804,1204
5626,17304,2107
5627,71468,2028
5628,29507,2464
5629,27371,1706
5630,57838,2204
5631,86835,1366
5632,64352,1446
5633,55840,3286
5634,58841,2049
5635,1610,1580
5636,96648,6958
5637,4483,2088
5638,61638,1520
5639,91619,2526
5640,39114,2127
5641,36327,2204
5642,5561,1506
5643,9189,2025
5644,9852,1278
5645,15683,1265
5646,22151,2082
5647,57743,3662
5648,52125,1717
5649,24895,2316
5650,42013,2580
5651,59137,1417
5652,88556,2384
5653,51100,1773
5654,8055,1420
5655,48931,2841
5656,76561,3534
5657,8326,1994
5658,55865,1679
5659,21040,2832
5660,65247,2674
5661,20911,2610
5662,53929,2231
5663,79461,2810
5664,86554,1791
5665,9849,1628
5666,22315,1892
5667,64335,1955
5668,1873,2526
5669,76858,3924
5670,22115,2885
5671,43693,3527
5672,47268,2051
5673,61733,1498
5674,7270,2471
5675,35909,1881
5676,56110,1618
5677,69162,2687
5678,25305,1675
5679,54464,1254
5680,71707,1488
5681,89157,2768
5682,72836,2009
5683,60119,1885
5684,91854,2769
5685,86821,2367
5686,93746,2008
5687,74684,2495
5688,98394,1555
5689,41348,1610
5690,10030,1536
5691,71614,1980
5692,74827,2131
5693,65509,1993
5694,9508,2080
5695,2027,1200
5696,19784,1919
5697,56867,1614
5698,69706,1851
5699,63236,2872
5700,2996,2095
5701,68016,2146
5702,49891,1323
5703,19331,1858
5704,96247,1653
5705,35426,1380
5706,32953,1839
5707,44678,1621
5708,74555,1256
5709,19635,1837
5710,17802,2723
5711,57727,2234
5712,52268,1381
5713,52249,1218
5714,12561,2350
5715,12510,2010
5716,97765,1601
5717,93031,1426
5718,64871,1460
5719,67489,1526
5720,92035,2209
5721,39574,2335
5722,93611,3109
5723,3428,1479
5724,97076,1281
5725,47249,1523
5726,50691,2532
5727,91216,1266
5728,79355,1227
5729,30231,3348
5730,53643,2269
5731,63310,2911
5732,39012,1649
5733,38994,2650
5734,22584,3053
5735,79829,2722
5736,915,1325
5737,99489,2712
5738,10292,2342
5739,77878,2197
5740,34897,1217
5741,81657,1877
5742,91310,1593
5743,33622,1992
5744,97346,2382
5745,39762,1224
5746,14160,1378
5747,32700,2114
5748,97807,2674
5749,9664,2958
5750,17446,1887
5751,74201,1428
5752,79070,1535
5753,41030,2071
5754,97855,2025
5755,66190,2662
5756,4470,2648
5757,13363,2783
5758,15112,1705
5759,96067,3033
5760,63065,2668
5761,41553,2742
5762,90823,2109
5763,96800,2353
5764,50167,1830
5765,14149,1985
5766,39744,1872
5767,64564,2699
5768,60782,2596
5769,3402,2850
5770,11898,1554
5771,3950,2271
5772,19080,1299
5773,40352,2068
5774,98236,1781
5775,2343,1388
5776,23444,1357
5777,79676,1665
5778,7680,3583
5779,3567,3035
5780,2437,1460
5781,32953,1236
5782,51800,2542
5783,82358,2002
5784,48259,2134
5785,18395,2636
5786,37878,1718
5787,34642,2084
5788,75036,1698
5789,17054,3525
5790,71267,1722
5791,33827,1334
5792,65590,1554
5793,50474,1861
5794,61618,2116
5795,12933,1329
5796,49874,2292
5797,58711,1680
5798,73159,4101
5799,13923,1771
5800,18527,3330
5801,82948,2649
5802,62001,1525
5803,97160,1387
5804,33705,2306
5805,55087,1990
5806,95868,1487
5807,96562,1426
5808,5555,2050
5809,36296,1743
5810,94617,2721
5811,26184,1512
5812,27301,2299
5813,84371,2616
5814,31895,4225
5815,37996,4365
5816,50520,2013
5817,97077,1394
5818,39335,1263
5819,49736,1491
5820,62632,2648
5821,82344,2932
5822,78342,1746
5823,19741,3031
5824,57105,2706
5825,69129,1450
5826,81206,3457
5827,7911,2447
5828,36707,3759
5829,57914,1671
5830,74746,1400
5831,98178,2817
5832,23369,1461
5833,47069,1379
5834,27051,2288
5835,86268,1371
5836,40648,4006
5837,84408,2284
5838,78152,2151
5839,81785,1804
5840,47901,2833
5841,94276,3413
5842,78103,3191
5843,57419,2136
5844,86244,3801
5845,85225,2777
5846,6919,1563
5847,92572,2273
5848,19795,2346
5849,60560,1624
5850,17662,4322
5851,55932,1237
5852,72632,2113
5853,42812,3751
5854,625,1411
5855,50250,3372
5856,10666,2437
5857,89899,1751
5858,86416,1572
5859,55896,1774
5860,64047,1462
5861,99414,1291
5862,34299,1828
5863,63151,3157
5864,3988,1736
5865,58612,3587
5866,82863,2086
5867,50691,1579
5868,47866,1586
5869,12730,1539
5870,48517,1522
5871,34853,2302
5872,31225,1916
5873,33238,4194
5874,57758,1598
5875,90196,1379
5876,42105,1525
5877,79468,2604
5878,17349,3822
5879,45252,1343
5880,76526,1950
5881,69930,1258
5882,98919,3423
5883,24358,1416
5884,52748,1774
5885,89786,2260
5886,35465,1251
5887,97364,2184
5888,47824,3090
5889,32852,1664
5890,22659,1753
5891,85389,1359
5892,69506,4601
5893,34276,2070
5894,84551,1354
5895,1876,2274
5896,2133,1830
5897,46296,1714
5898,53085,9913
5899,48084,1333
5900,46312,1720
5901,11543,1583
5902,82309,2291
5903,73920,1590
5904,57031,2407
5905,62414,2752
5906,23058,1653
5907,18864,2115
5908,1638,3006
5909,10749,1651
5910,95078,3979
5911,55404,1464
5912,48863,2508
5913,98479,1465
5914,30582,1997
5915,20036,1223
5916,30347,1963
5917,61441,5289
5918,29857,3066
5919,98587,2109
5920,79781,1353
5921,21411,2389
5922,89094,1201
5923,4928,1358
5924,34217,2619
5925,79609,2733
5926,56101,3293
5927,65141,3356
5928,40846,2625
5929,96479,2156
5930,73237,2761
5931,38498,3183
5932,56666,1370
5933,78921,2169
5934,68540,1642
5935,1462,1846
5936,77424,1677
5937,85329,2862
5938,61354,1494
5939,57982,2320
5940,72962,1859
5941,6266,2855
5942,56405,2944
5943,97294,1742
5944,228,3071
5945,26048,1261
5946,20931,1377
5947,87689,3229
5948,16220,2729
5949,29445,2246
5950,44160,1988
5951,14897,2560
5952,60444,1533
5953,13586,1369
5954,92278,1481
5955,16778,1730
5956,84685,1277
5957,21304,3383
5958,26662,1823
5959,22988,2610
5960,79760,2206
5961,26204,2596
5962,64199,3977
5963,8261,1819
5964,7720,2976
5965,44644,1848
5966,61047,1227
5967,70282,2058
5968,93209,2945
5969,97447,1734
5970,76487,1856
5971,25698,1991
5972,32883,2988
5973,26782,2179
5974,69266,3270
5975,87680,1683
5976,2461,2130
5977,30166,3230
5978,28769,2315
5979,7702,1656
5980,6664,2758
5981,76990,1531
5982,93176,2647
5983,40553,2160
5984,76250,3312
5985,14957,1579
5986,83793,2446
5987,53093,2362
5988,242,1502
5989,11433,2401
5990,38100,2263
5991,52427,2331
5992,72816,2112
5993,13321,2156
5994,67638,1244
5995,34157,4438
5996,9769,2999
5997,36038,1912
5998,43507,1582
5999,75716,3633
6000,4886,2231
6001,24442,1921
6002,1806,2745
6003,13401,2637
6004,86891,3337
6005,36338,1237
6006,38523,2692
6007,63831,1790
6008,88856,2074
6009,6343,3041
6010,38841,2629
6011,83732,1489
6012,62259,1689
6013,43714,2342
6014,26976,1420
6015,95546,2088
6016,25651,2928
6017,6362,2344
6018,7209,1495
6019,79534,1692
6020,29383,1411
6021,11208,2671
6022,82818,2224
6023,28594,1939
6024,52035,2027
6025,50281,2550
6026,70543,1595
6027,81081,2164
6028,55574,2052
6029,12443,3984
6030,99259,1734
6031,75929,1408
6032,49218,1669
6033,20966,3296
6034,55003,2163
6035,68434,2858
6036,32481,2135
6037,88995,1733
6038,46840,2462
6039,2430,2921
6040,42191,1706
6041,67484,1844
6042,56205,1984
6043,27931,1329
6044,83272,5659
6045,30749,1544
6046,28285,1441
6047,48916,2393
6048,20541,6623
6049,28193,2802
6050,59495,3134
6051,7389,2499
6052,78922,1946
6053,78140,2498
6054,50755,2646
6055,26392,2037
6056,2345,2533
6057,61827,3282
6058,10106,1368
6059,39024,3098
6060,95950,3587
6061,16086,5073
6062,7058,1576
6063,71589,2936
6064,65730,1961
6065,378,1249
6066,68537,2684
6067,39077,1256
6068,10407,1967
6069,76354,2264
6070,25042,1850
6071,97976,1404
6072,4102,1516
6073,21750,4667
6074,91263,1578
6075,36135,1959
6076,9839,2272
6077,22006,2041
6078,30808,1383
6079,66644,4191
6080,66103,3146
6081,40424,3087
6082,91555,1374
6083,70512,2617
6084,58757,1833
6085,51526,1820
6086,36425,1832
6087,36098,2831
6088,78422,1793
6089,89152,2681
6090,7489,1742
6091,37656,1596
6092,20305,2070
6093,84790,1958
6094,34684,1796
6095,234,2059
6096,20141,2158
6097,3382,7823
6098,50856,1859
6099,36063,1437
6100,71525,1500
6101,6169,1540
6102,9538,1497
6103,90077,1556
6104,50945,2163
6105,61510,2763
6106,63118,1205
6107,32287,2483
6108,53197,1885
6109,93164,2495
6110,57808,1752
6111,40463,1503
6112,60570,2827
6113,67849,1629
6114,19348,3824
6115,27456,1325
6116,91544,3394
6117,8825,2517
6118,57511,1304
6119,37193,2094
6120,53627,5265
6121,28573,1650
6122,59375,1730
6123,84041,1815
6124,89228,1477
6125,39569,2274
6126,45747,2583
6127,42371,1539
6128,81678,2624
6129,1049,2645
6130,16972,1514
6131,42884,1866
6132,45819,2347
6133,27299,3098
6134,67880,2790
6135,93251,1257
6136,51133,1294
6137,91869,2124
6138,90299,1434
6139,38209,1794
6140,21790,2320
6141,30599,1879
6142,34216,1607
6143,90546,1658
6144,24304,2576
6145,34725,2129
6146,10532,2681
6147,30737,1757
6148,89298,1493
6149,7164,2635
6150,55336,7759
6151,25641,1425
6152,99201,1980
6153,22509,1781
6154,3110,2803
6155,68455,1716
6156,84208,1579
6157,6744,1403
6158,2080,2388
6159,42931,2413
6160,5440,1613
6161,2129,2171
6162,65704,1848
6163,8845,3309
6164,96304,1741
6165,67526,3065
6166,56544,1983
6167,48478,2692
6168,41291,1233
6169,93471,3648
6170,53447,1662
6171,3950,3197
6172,52634,1845
6173,5064,1648
6174,28225,2216
6175,12316,2151
6176,22345,1541
6177,65762,2258
6178,27297,1983
6179,58353,1804
6180,92098,1600
6181,80182,2159
6182,63300,1891
6183,19832,1365
6184,60974,1336
6185,65981,1351
6186,93752,8052
6187,76546,2441
6188,82904,1643
6189,12014,2761
6190,85245,3597
6191,58502,2718
6192,20679,2062
6193,29999,1558
6194,71391,1330
6195,49697,1486
6196,98161,2635
6197,21354,3375
6198,25522,1227
6199,65093,1375
6200,1408,1495
6201,86656,1898
6202,34549,6858
6203,11591,4540
6204,16716,2998
6205,32685,1272
6206,75724,2488
6207,7417,3590
6208,34039,1546
6209,49085,1602
6210,10867,1821
6211,58249,4320
6212,47491,1910
6213,75068,1377
6214,62069,1426
6215,80800,2719
6216,5817,1643
6217,97515,2099
6218,82774,1320
6219,78864,2895
6220,89511,2899
6221,76327,2664
6222,31379,2122
6223,72972,3745
6224,88389,1336
6225,74162,1705
6226,96911,1262
6227,36507,3066
6228,5057,2140
6229,57419,1548
6230,16233,4274
6231,77785,2129
6232,63325,1527
6233,53101,2538
6234,35520,4218
6235,36083,4671
6236,83719,1774
6237,95250,4481
6238,88139,1315
6239,77389,1480
6240,93774,1560
6241,8867,2826
6242,56369,3013
6243,37075,1698
6244,64108,1895
6245,40557,2910
6246,44630,2429
6247,88927,1879
6248,12499,1791
6249,40950,1777
6250,77655,1582
6251,1934,1562
6252,76512,2176
6253,67752,1935
6254,30879,2421
6255,75324,2324
6256,62155,2346
6257,36674,2147
6258,64201,1750
6259,86792,1987
6260,15640,1417
6261,49969,1222
6262,77248,1403
6263,79736,1456
6264,62576,1853
6265,22236,2139
6266,5814,1527
6267,29642,1568
6268,93434,1333
6269,59781,2252
6270,32078,1347
6271,37376,4524
6272,87247,2578
6273,72204,1920
6274,95195,3118
6275,6972,2301
6276,42406,2516
6277,28520,2306
6278,16783,2154
6279,53194,1271
6280,42915,3007
6281,8810,2320
6282,42699,2248
6283,19115,4500
6284,95323,1271
6285,96442,1492
6286,24487,1386
6287,40818,1386
6288,30826,1368
6289,81462,3273
6290,97816,3289
6291,76095,2600
6292,21915,2156
6293,15708,2009
6294,23411,2078
6295,46694,2454
6296,78812,1301
6297,62881,1229
6298,96989,2891
6299,59075,1608
6300,40897,2593
6301,1326,2599
6302,8124,1580
6303,2964,5665
6304,84220,1773
6305,41852,2598
6306,39106,1803
6307,41022,7140
6308,76800,1557
6309,5328,1397
6310,77621,2619
6311,88460,2168
6312,78172,1915
6313,87447,3289
6314,55203,1902
6315,4444,3235
6316,37445,2691
6317,33900,2174
6318,42327,1413
6319,31489,2817
6320,45246,1347
6321,40538,2021
6322,75625,14492
6323,88135,3262
6324,61563,1832
6325,16520,1448
6326,10747,2491
6327,49604,1385
6328,42217,1779
6329,87783,2352
6330,55533,1386
6331,47999,1234
6332,43692,1695
6333,8717,1213
6334,7857,1933
6335,30258,2542
6336,17964,1298
6337,16786,1234
6338,28467,3497
6339,34080,2015
6340,77595,1208
6341,75275,2967
6342,30508,1411
6343,7965,2478
6344,56555,2699
6345,73087,1212
6346,60845,2361
6347,32978,1215
6348,67239,3316
6349,58489,2317
6350,19992,1742
6351,96226,3165
6352,48144,2799
6353,17155,1214
6354,65127,2044
6355,54174,2698
6356,6709,2261
6357,95435,1470
6358,64379,2193
6359,24472,1368
6360,29013,2085
6361,481,2447
6362,10636,1232
6363,9584,2326
6364,19522,2064
6365,58292,1757
6366,56470,2798
6367,2489,2456
6368,63903,2877
6369,89840,1864
6370,22293,3040
6371,30319,1812
6372,50258,2824
6373,18970,2550
6374,44549,1460
6375,29559,2958
6376,49189,3112
6377,2157,1463
6378,61989,1533
6379,50947,1449
6380,421,1340
6381,98775,2079
6382,27515,3246
6383,59620,1706
6384,98019,2992
6385,25104,2384
6386,56739,3140
6387,27955,1980
6388,22021,1401
6389,64417,1429
6390,65197,3738
6391,79040,2607
6392,47564,2086
6393,27115,2233
6394,23571,1595
6395,84289,1213
6396,41588,2020
6397,82701,1721
6398,11884,2220
6399,23273,2666
6400,87469,1850
6401,41429,1786
6402,20683,1547
6403,32870,1274
6404,7465,5043
6405,63738,2805
6406,8986,1469
6407,9647,2152
6408,76171,2314
6409,60415,2837
6410,21035,1452
6411,48912,1758
6412,57888,1961
6413,19906,3014
6414,98320,3413
6415,67137,2475
6416,7204,2423
6417,56807,2200
6418,65645,2595
6419,72170,3729
6420,87333,2417
6421,64658,1397
6422,39793,1274
6423,28395,1238
6424,68340,1415
6425,23625,2398
6426,58084,3369
6427,35372,2365
6428,27282,1719
6429,496,1416
6430,3542,2608
6431,34621,2437
6432,49474,1302
6433,15826,3267
6434,32431,2472
6435,25096,3411
6436,61243,4313
6437,83821,1310
6438,58031,2846
6439,29426,2061
6440,56671,2652
6441,56957,2171
6442,87344,1824
6443,64565,6876
6444,66713,1201
6445,86112,2474
6446,70538,2670
6447,15866,1882
6448,16647,2085
6449,45867,2276
6450,32160,2598
6451,25232,3195
6452,77864,1733
6453,38369,2607
6454,20522,1906
6455,15925,1475
6456,69329,1394
6457,38069,2075
6458,57352,2642
6459,65613,1557
6460,27751,1949
6461,95154,3332
6462,96868,1583
6463,97274,1414
6464,18775,1283
6465,38398,1777
6466,95629,3260
6467,95796,3306
6468,31714,2563
6469,15527,2219
6470,90864,5572
6471,4895,1954
6472,11141,3503
6473,76147,1410
6474,28931,1893
6475,90234,2979
6476,44868,1362
6477,47659,1555
6478,1604,2177
6479,71763,3193
6480,15648,6327
6481,51301,1913
6482,79781,3417
6483,95827,2342
6484,75705,2676
6485,1203,1292
6486,37880,1321
6487,28979,2906
6488,79428,2459
6489,84925,2376
6490,6499,1472
6491,54727,1362
6492,40811,3147
6493,65194,1659
6494,78955,1318
6495,78222,1709
6496,99409,2718
6497,66551,1234
6498,94831,1719
6499,34897,1619
6500,16381,2212
6501,88688,2624
6502,9050,1773
6503,37022,1395
6504,92192,1517
6505,25179,3114
6506,4600,2376
6507,46483,1354
6508,34378,2189
6509,40484,1474
6510,7626,1982
6511,12132,2915
6512,69326,1943
6513,61907,3400
6514,83577,2497
6515,10992,1537
6516,9730,1578
6517,20173,1569
6518,78991,1406
6519,41057,2177
6520,27991,1793
6521,70626,1226
6522,9159,1374
6523,25358,1797
6524,26033,2051
6525,37813,2720
6526,55490,1237
6527,32545,1614
6528,8936,1761
6529,91817,2934
6530,47478,1673
6531,567,1518
6532,89843,1594
6533,9424,2877
6534,1722,1613
6535,63960,1859
6536,50369,1603
6537,30880,2524
6538,22509,1465
6539,30744,2333
6540,6914,1398
6541,58248,3926
6542,81114,2120
6543,67511,1917
6544,45931,2205
6545,3300,1543
6546,3632,1886
6547,10939,1729
6548,91615,1229
6549,70908,2297
6550,28542,2898
6551,51533,1302
6552,31198,1473
6553,51233,1763
6554,88925,1425
6555,9197,1994
6556,79068,1728
6557,48629,2062
6558,57372,1508
6559,84244,2843
6560,82124,1249
6561,3522,1251
6562,6052,1304
6563,67518,2883
6564,93557,4070
6565,73458,2064
6566,33403,1734
6567,29403,1311
6568,96065,2904
6569,88966,2437
6570,90230,3463
6571,78662,7394
6572,42851,1276
6573,10746,1278
6574,4581,2096
6575,73209,2535
6576,79680,2132
6577,25961,2657
6578,41277,2467
6579,73575,2512
6580,77600,1800
6581,65324,3681
6582,43184,5186
6583,21847,2355
6584,38097,1508
6585,77342,2090
6586,98573,1612
6587,26600,2045
6588,56385,1480
6589,32387,3336
6590,15815,2579
6591,4652,1449
6592,21854,1693
6593,35795,1261
6594,57432,1882
6595,41289,2657
6596,96708,1456
6597,12964,5353
6598,97512,1469
6599,32012,3151
6600,20426,1355
6601,81143,1378
6602,61922,1250
6603,14269,1740
6604,43,1881
6605,7368,2453
6606,82582,1466
6607,50585,1658
6608,63997,1387
6609,90220,2305
6610,85184,1216
6611,51628,2812
6612,71008,1410
6613,65236,1868
6614,84787,1600
6615,29064,3048
6616,66112,2351
6617,19678,2729
6618,75702,1594
6619,55139,2896
6620,56193,3895
6621,24150,1225
6622,6046,2501
6623,40147,2875
6624,90209,2146
6625,48321,1930
6626,51656,2451
6627,13316,1893
6628,5699,2273
6629,20023,1641
6630,79595,3024
6631,77702,1731
6632,52918,1741
6633,91227,2475
6634,80261,2559
6635,12458,1452
6636,91864,2084
6637,80525,1381
6638,77876,1510
6639,3368,1370
6640,890,2163
6641,17375,2973
6642,72049,1823
6643,82883,1567
6644,45285,1460
6645,59749,2917
6646,88194,2615
6647,61141,2803
6648,50414,2298
6649,27120,1679
6650,87251,2553
6651,69137,2716
6652,69185,2963
6653,55824,3405
6654,88196,2661
6655,11706,3498
6656,64344,2068
6657,34144,1592
6658,14635,2169
6659,16627,2467
6660,11500,2672
6661,62431,2478
6662,1396,3263
6663,63531,1244
6664,4901,1391
6665,95788,1503
6666,89009,3411
6667,16865,2374
6668,14482,2013
6669,74397,1992
6670,19057,2118
6671,36933,1800
6672,7063,1717
6673,40116,1266
6674,8100,2288
6675,61601,1762
6676,88593,2616
6677,60153,2153
6678,36596,4636
6679,62205,2288
6680,93643,1963
6681,44160,2666
6682,82871,1828
6683,20351,2295
6684,63226,2201
6685,60066,1783
6686,11486,2806
6687,99751,1702
6688,15147,1215
6689,68514,5207
6690,46849,1959
6691,63000,2303
6692,29346,1454
6693,64852,4183
6694,75203,4135
6695,18779,1302
6696,24948,3542
6697,76553,1374
6698,60351,3592
6699,76288,3656
6700,41018,2290
6701,4515,1812
6702,8329,2442
6703,9822,1275
6704,48973,6778
6705,41764,1452
6706,7919,1221
6707,49053,2019
6708,39859,1878
6709,7335,1283
6710,36577,1275
6711,37829,1624
6712,60071,1514
6713,7361,1587
6714,13789,2918
6715,85191,1927
6716,69812,4911
6717,10623,3253
6718,19728,1244
6719,3823,1274
6720,46821,2394
6721,53765,2678
6722,13815,1373
6723,27497,1333
6724,52051,2968
6725,62889,2452
6726,71853,2977
6727,58388,2785
6728,22524,1531
6729,58365,2492
6730,36619,1542
6731,60161,4889
6732,71771,1606
6733,75814,2345
6734,79064,2792
6735,10960,4377
6736,41896,1300
6737,51729,2855
6738,80981,1461
6739,9153,1310
6740,44393,1905
6741,85954,3008
6742,43809,1230
6743,46814,1845
6744,73592,4019
6745,61391,2745
6746,44115,1353
6747,51043,2007
6748,34174,1575
6749,95630,2951
6750,76315,1839
6751,67271,3653
6752,64496,2656
6753,11419,1890
6754,80513,2161
6755,50921,2455
6756,37883,2363
6757,10392,1319
6758,90383,1412
6759,66716,1361
6760,51085,1507
6761,71144,2448
6762,80064,1228
6763,3535,1603
6764,63774,1902
6765,24805,1559
6766,49095,1465
6767,56763,2288
6768,56461,2785
6769,14458,2335
6770,81560,2209
6771,92524,1209
6772,1236,3269
6773,87394,1319
6774,12358,1288
6775,35450,1682
6776,5625,1959
6777,82374,1211
6778,12643,2335
6779,62542,3097
6780,3220,1245
6781,69294,3219
6782,43788,2540
6783,6942,2206
6784,46249,2259
6785,87532,1270
6786,26545,1238
6787,69074,2361
6788,78268,1812
6789,57112,2364
6790,30797,1205
6791,25442,1626
6792,73507,1792
6793,82316,1526
6794,9175,11223
6795,61366,2209
6796,4839,4035
6797,55960,1793
6798,6182,1589
6799,59986,2553
6800,99632,1393
6801,72211,2727
6802,84943,2275
6803,71728,1963
6804,82534,2670
6805,83554,1584
6806,77030,4157
6807,22358,2454
6808,35478,1643
6809,79392,4930
6810,73634,3492
6811,38021,1298
6812,73725,1982
6813,67232,1409
6814,31953,2401
6815,65835,1416
6816,7572,1742
6817,11466,1809
6818,56310,2359
6819,32604,2334
6820,64770,4285
6821,87013,1900
6822,75352,1840
6823,58196,6169
6824,3218,1688
6825,79215,2783
6826,19396,1305
6827,31506,2075
6828,10479,1765
6829,635,3081
6830,5282,4921
6831,80394,2375
6832,34613,1425
6833,76133,5572
6834,82656,2412
6835,43398,2286
6836,53778,1245
6837,72472,1704
6838,48025,9289
6839,96941,3700
6840,36230,2307
6841,44941,1861
6842,45479,3957
6843,66914,1965
6844,60613,1536
6845,18938,1516
6846,25977,2395
6847,23254,1464
6848,27176,1321
6849,80167,1366
6850,33769,2892
6851,18724,1937
6852,97681,1465
6853,53207,1552
6854,7099,2246
6855,17644,1685
6856,64110,1292
6857,69866,1331
6858,38219,1251
6859,88190,2402
6860,36751,1581
6861,96038,2145
6862,62964,5245
6863,55370,2284
6864,73654,2387
6865,77682,2628
6866,16244,3634
6867,28396,2476
6868,25770,1563
6869,65489,2026
6870,89146,1335
6871,91573,1581
6872,16893,1880
6873,88060,2614
6874,60200,2357
6875,32392,1286
6876,63128,1847
6877,92396,2133
6878,71867,2273
6879,26655,1589
6880,27207,1556
6881,22350,2416
6882,61349,2813
6883,25531,2915
6884,98336,2855
6885,43826,1212
6886,57980,2413
6887,83718,3057
6888,95711,1251
6889,78596,2327
6890,84100,2214
6891,54186,2467
6892,71054,1804
6893,79502,1580
6894,19967,1351
6895,51197,2096
6896,92652,1673
6897,69974,1334
6898,11032,1957
6899,42374,1958
6900,18742,1249
6901,2619,1787
6902,33869,1559
6903,51976,2252
6904,77003,2994
6905,13939,3098
6906,97875,1738
6907,40554,1440
6908,4807,1271
6909,63082,1779
6910,38343,2080
6911,90021,1702
6912,9853,1687
6913,49390,2234
6914,94968,1784
6915,24293,1546
6916,98869,1421
6917,51500,1650
6918,58641,1325
6919,2526,1758
6920,64626,2152
6921,7712,1545
6922,90842,1542
6923,79855,3030
6924,83796,2530
6925,88192,1974
6926,27516,1608
6927,92321,2693
6928,36456,3340
6929,38651,3268
6930,58467,3386
6931,17084,2289
6932,13153,1244
6933,14014,1395
6934,61677,1929
6935,69542,2164
6936,60071,2431
6937,16610,3888
6938,25067,2027
6939,18476,1931
6940,17851,1964
6941,81020,1219
6942,97857,1393
6943,68803,2148
6944,91447,2496
6945,55668,1603
6946,39708,2192
6947,41168,1797
6948,9059,2412
6949,7877,1339
6950,41332,3001
6951,67174,1324
6952,54797,2432
6953,81776,4245
6954,43496,2361
6955,72845,1397
6956,65064,2338
6957,75206,1885
6958,68057,2151
6959,63948,2159
6960,16646,2970
6961,53790,1545
6962,28968,3519
6963,90934,1767
6964,82850,3346
6965,17020,3059
6966,41690,1254
6967,69187,1327
6968,67818,5502
6969,17924,2145
6970,78634,1656
6971,25609,1248
6972,68452,2090
6973,49539,1584
6974,93830,1439
6975,29480,2046
6976,36614,2650
6977,743,2184
6978,70027,1525
6979,49228,1223
6980,13178,1746
6981,82192,3577
6982,32027,2898
6983,55469,3567
6984,31986,2597
6985,43418,1701
6986,38742,2061
6987,35375,2664
6988,99184,2128
6989,40510,1367
6990,49316,1833
6991,85194,2679
6992,61373,2468
6993,48781,1918
6994,36378,1823
6995,7254,2345
6996,88704,1937
6997,55114,1762
6998,21469,2306
6999,86099,1687
7000,83055,1968
7001,2818,1594
7002,65809,1472
7003,34093,1418
7004,81106,1287
7005,89472,2352
7006,68426,4308
7007,96545,1632
7008,85504,2208
7009,55712,2729
7010,5773,1857
7011,53820,2785
7012,7553,1490
7013,24637,2068
7014,50410,3114
7015,26826,1252
7016,50514,4079
7017,54330,1453
7018,61140,1747
7019,29703,2219
7020,33933,2081
7021,81307,3026
7022,21888,2275
7023,70590,2612
7024,74870,2339
7025,75566,4831
7026,30491,1302
7027,74909,2372
7028,17013,2308
7029,71336,1228
7030,45902,1544
7031,49958,1725
7032,61545,2565
7033,8823,2422
7034,23039,2974
7035,41544,2633
7036,12264,3385
7037,10296,2965
7038,5902,2373
7039,76872,1806
7040,68516,1737
7041,1097,3102
7042,25116,2454
7043,67475,2100
7044,38432,1539
7045,32088,1214
7046,31492,1342
7047,7800,3643
7048,23014,1355
7049,43705,2571
7050,38751,1313
7051,77,1980
7052,16165,2079
7053,22195,1616
7054,86308,1269
7055,33190,1814
7056,1666,1614
7057,24427,2372
7058,54324,1862
7059,56946,1861
7060,23756,1795
7061,92236,1810
7062,83540,1394
7063,8567,1984
7064,86508,2380
7065,76221,1331
7066,78564,2364
7067,5854,1437
7068,41422,1886
7069,61968,1818
7070,94795,1392
7071,74666,1422
7072,84296,1640
7073,50615,2279
7074,1271,1667
7075,65817,1598
7076,74250,1564
7077,67259,1308
7078,18095,1784
7079,11038,3587
7080,94884,1841
7081,43334,2332
7082,36037,2422
7083,1719,1782
7084,7280,2035
7085,55496,1672
7086,30842,1542
7087,81162,1216
7088,43751,2957
7089,90804,2020
7090,71874,1682
7091,38793,2412
7092,80886,1764
7093,62460,2783
7094,73446,2245
7095,17290,2442
7096,4558,1962
7097,99003,12273
7098,7345,3736
7099,80266,1399
7100,66035,1472
7101,43710,2722
7102,24907,1337
7103,65529,2215
7104,88982,1705
7105,35814,1366
7106,79112,3021
7107,50759,2321
7108,38292,2669
7109,47157,2601
7110,13107,2336
7111,79606,1581
7112,2775,2159
7113,99442,1839
7114,40484,2709
7115,6859,1577
7116,54840,2348
7117,84812,2519
7118,22370,2703
7119,4624,2040
7120,25877,2326
7121,96464,2258
7122,50984,1905
7123,11107,2022
7124,27128,1549
7125,35829,1358
7126,20105,2996
7127,9158,1645
7128,36379,2503
7129,90643,2548
7130,99178,2001
7131,78907,1366
7132,17658,2174
7133,59175,1357
7134,91657,1460
7135,97227,1424
7136,81210,1832
7137,66811,1333
7138,73607,1950
7139,32923,2535
7140,34023,1653
7141,96234,2897
7142,7528,1294
7143,96950,1660
7144,39880,3293
7145,23858,1266
7146,24246,3156
7147,53164,1715
7148,37562,2330
7149,56697,1315
7150,99892,1691
7151,60017,1550
7152,21546,6200
7153,53151,1943
7154,6946,2283
7155,9247,1603
7156,84555,1596
7157,653,1316
7158,13734,3457
7159,88367,1414
7160,12785,2170
7161,21096,1914
7162,86332,3194
7163,36499,1564
7164,20682,3373
7165,70965,1327
7166,33045,1511
7167,34154,2615
7168,63787,1948
7169,56873,2313
7170,47442,1433
7171,59344,2328
7172,5327,1282
7173,35440,1724
7174,84880,1663
7175,16309,1416
7176,43577,2131
7177,21404,3849
7178,97557,3499
7179,57419,2102
7180,43768,2431
7181,51234,2133
7182,36664,2652
7183,46938,6229
7184,81622,2426
7185,41905,1872
7186,28876,2826
7187,75633,1422
7188,47891,1548
7189,82809,1556
7190,78297,2193
7191,37958,2460
7192,9704,4527
7193,98384,1640
7194,71040,3021
7195,30882,2288
7196,80616,1620
7197,2757,3345
7198,56916,2057
7199,96209,2213
7200,58278,1664
7201,33169,1473
7202,48758,1207
7203,49950,8294
7204,16817,5521
7205,64626,1761
7206,33153,2855
7207,48605,1357
7208,73554,4305
7209,34088,3311
7210,6701,1576
7211,17081,2619
7212,40901,8577
7213,31981,1652
7214,36363,2577
7215,91110,2341
7216,39789,2687
7217,18021,1792
7218,89037,2084
7219,98908,1395
7220,985,3064
7221,93051,1523
7222,21833,2070
7223,87823,1893
7224,22083,1663
7225,86887,2126
7226,1462,1212
7227,44521,1272
7228,45578,1225
7229,4635,1202
7230,20360,2207
7231,98174,1865
7232,75774,1917
7233,23789,2938
7234,80448,2280
7235,17008,1672
7236,67487,2227
7237,70233,2838
7238,29412,2232
7239,26404,1478
7240,10021,2332
7241,55320,3623
7242,68732,2288
7243,14413,1525
7244,80936,1505
7245,5197,3653
7246,21157,1231
7247,11798,1490
7248,18036,2587
7249,11106,1617
7250,13397,2906
7251,16535,2400
7252,33450,2483
7253,8585,1623
7254,70507,2147
7255,15230,1811
7256,42850,1352
7257,7197,2027
7258,96613,1267
7259,41636,2216
7260,15667,1525
7261,97038,1701
7262,21365,1539
7263,31340,1410
7264,6054,1989
7265,77785,1364
7266,84872,1393
7267,62484,1295
7268,56243,2109
7269,58396,2335
7270,30128,1541
7271,2916,2614
7272,90405,1781
7273,54170,1469
7274,75564,1319
7275,37949,2571
7276,92631,1866
7277,87389,2597
7278,78142,2739
7279,82557,5922
7280,90172,1808
7281,68452,1624
7282,68039,1454
7283,10409,1302
7284,82463,2644
7285,82680,1209
7286,97551,2457
7287,50425,2618
7288,75974,1433
7289,27776,2289
7290,40084,1664
7291,52973,1359
7292,47904,1647
7293,43458,2064
7294,69719,2894
7295,15117,2251
7296,27925,1624
7297,77293,2734
7298,97747,1422
7299,99644,2620
7300,3595,1854
7301,25769,3431
7302,44440,1669
7303,93672,4523
7304,68251,1927
7305,97457,2509
7306,56665,1591
7307,68729,2993
7308,5613,3042
7309,37969,1329
7310,92742,1438
7311,74075,2504
7312,33411,1248
7313,37701,1327
7314,42916,2105
7315,53100,1527
7316,9212,2879
7317,96419,2023
7318,51790,1927
7319,13554,2071
7320,41310,1389
7321,87076,2450
7322,25457,7366
7323,76788,1355
7324,80031,1218
7325,53773,1223
7326,39054,2346
7327,22223,1344
7328,54669,2527
7329,39657,4604
7330,67246,2430
7331,69023,1555
7332,75422,1816
7333,16760,1733
7334,84740,1803
7335,25880,3221
7336,57818,1923
7337,82509,2577
7338,76616,1599
7339,45064,4201
7340,79622,2577
7341,96552,2487
7342,15495,1550
7343,27520,2534
7344,91358,1533
7345,95162,1884
7346,59444,2386
7347,325,3650
7348,6904,1224
7349,96939,1387
7350,12040,2738
7351,6539,1498
7352,93322,4650
7353,36066,2008
7354,16445,1785
7355,99826,1970
7356,11024,1670
7357,95265,1590
7358,35863,1886
7359,42554,3434
7360,82414,2900
7361,62934,1489
7362,2645,1956
7363,36976,1224
7364,49386,2396
7365,16024,2075
7366,19436,2421
7367,18881,1411
7368,19273,3316
7369,77694,2579
7370,1409,1388
7371,45472,2574
7372,54592,1747
7373,2937,1896
7374,93311,1922
7375,53142,2551
7376,80395,1344
7377,64323,3131
7378,59287,1708
7379,76497,1780
7380,31111,2531
7381,39943,2045
7382,38115,1584
7383,80482,1471
7384,31412,2580
7385,99310,1886
7386,53415,2513
7387,52752,1418
7388,7083,1487
7389,34643,1220
7390,92700,2471
7391,97633,2141
7392,36737,1223
7393,96314,1908
7394,62010,1271
7395,56433,1312
7396,57899,1362
7397,96210,2439
7398,5418,5313
7399,34484,2639
7400,15110,1673
7401,55377,1697
7402,30472,1217
7403,79416,2153
7404,88780,1527
7405,97867,1510
7406,60399,1769
7407,95402,1341
7408,74577,1347
7409,70108,2026
7410,478,2635
7411,33410,3161
7412,37679,3370
7413,87315,2191
7414,21342,2176
7415,45776,1659
7416,1666,1634
7417,74775,1278
7418,81083,3944
7419,64909,1819
7420,90900,1823
7421,83045,2735
7422,25212,1656
7423,24694,2849
7424,83947,1494
7425,70153,1247
7426,77965,3135
7427,29104,2544
7428,65980,1757
7429,62430,2453
7430,96600,2568
7431,83479,1671
7432,90657,1931
7433,42722,2462
7434,56811,1911
7435,72878,2750
7436,52283,2197
7437,1391,1667
7438,69484,2057
7439,28389,1535
7440,56565,2431
7441,6563,2440
7442,16968,1526
7443,91447,2789
7444,4632,1353
7445,70382,1325
7446,58614,1934
7447,92508,1472
7448,67706,1261
7449,50700,2432
7450,9132,2743
7451,54723,2234
7452,85333,2202
7453,83908,1846
7454,3662,2868
7455,12346,1927
7456,73238,2015
7457,43344,1539
7458,96523,1827
7459,83723,1445
7460,92039,2501
7461,7784,2049
7462,86524,1944
7463,99776,1914
7464,91152,1599
7465,29486,2672
7466,15840,2019
7467,72211,1804
7468,38452,2004
7469,74202,1964
7470,81213,1579
7471,90694,1314
7472,27288,1383
7473,52353,1838
7474,46008,1247
7475,26898,1735
7476,2879,2486
7477,71400,2560
7478,13954,1262
7479,81008,1808
7480,62179,2430
7481,29983,2639
7482,12538,1848
7483,3261,1631
7484,34473,1535
7485,63148,2043
7486,80572,3229
7487,26655,1731
7488,53678,1806
7489,98356,1758
7490,17340,2754
7491,6014,2159
7492,92569,2055
7493,96276,2060
7494,14151,2589
7495,50983,2136
7496,94629,1790
7497,48776,2003
7498,13520,1914
7499,52511,2310
7500,75035,1814
7501,24837,1846
7502,75979,1827
7503,30565,2832
7504,18760,1250
7505,91135,1742
7506,64359,2651
7507,14171,1811
7508,50549,2116
7509,24323,1235
7510,68844,2878
7511,24617,1593
7512,26616,2762
7513,39639,1559
7514,87712,3803
7515,63852,2014
7516,39792,1503
7517,13930,1785
7518,27046,2844
7519,59553,4267
7520,62775,1985
7521,98229,1419
7522,88125,3100
7523,37202,2466
7524,19361,2024
7525,16956,2615
7526,351,1809
7527,11729,1300
7528,16850,1305
7529,81246,1856
7530,98732,1269
7531,87372,2948
7532,96276,2553
7533,86712,2518
7534,74598,1929
7535,15187,1615
7536,39334,2494
7537,73179,3059
7538,76415,2018
7539,31542,1670
7540,51954,2148
7541,38734,2916
7542,48100,2517
7543,37354,3246
7544,25604,2854
7545,14731,2603
7546,82244,1497
7547,354,1571
7548,78868,1789
7549,98737,2333
7550,15544,2428
7551,26239,1489
7552,47048,1609
7553,36447,2553
7554,84242,2498
7555,30430,1419
7556,2249,1203
7557,95485,2951
7558,71144,1321
7559,22354,2876
7560,14220,1506
7561,38446,1520
7562,46487,1872
7563,56786,3651
7564,86020,1644
7565,39555,2062
7566,25355,1623
7567,78939,3106
7568,64073,2660
7569,10861,1473
7570,8953,2187
7571,78897,1270
7572,42976,2370
7573,71671,1569
7574,15747,1650
7575,71111,2159
7576,25161,1438
7577,29969,4386
7578,82564,2970
7579,6030,1815
7580,87742,1262
7581,88934,1876
7582,56760,1308
7583,83141,2518
7584,81941,1367
7585,92329,2115
7586,44568,2492
7587,60280,4797
7588,59706,2077
7589,96875,1786
7590,15661,3109
7591,55289,1751
7592,67422,7350
7593,38374,3884
7594,49981,3306
7595,27235,2329
7596,76125,3271
7597,74993,1599
7598,49910,1572
7599,32799,2645
7600,60564,1436
7601,61220,2416
7602,50052,1236
7603,70265,1214
7604,65986,3154
7605,84980,1991
7606,68950,2295
7607,52218,2481
7608,73601,2940
7609,14150,3506
7610,51532,1598
7611,59234,2388
7612,39765,1484
7613,68452,2544
7614,50971,2381
7615,86659,3346
7616,34119,1523
7617,5234,1814
7618,69021,1272
7619,1924,1375
7620,38820,3303
7621,63267,1323
7622,48249,2113
7623,646,2702
7624,97203,2364
7625,55004,1839
7626,99746,2601
7627,60438,3433
7628,78134,3138
7629,70014,2146
7630,28112,2980
7631,44812,1303
7632,45156,2656
7633,87301,2343
7634,68916,2599
7635,55029,1886
7636,22454,2190
7637,48567,2269
7638,49514,7061
7639,75399,2142
7640,36732,1817
7641,15670,2887
7642,8560,2145
7643,14915,1840
7644,86544,1946
7645,29861,2857
7646,67401,3525
7647,57642,2157
7648,91580,1515
7649,51381,1393
7650,85438,1335
7651,41709,1517
7652,86106,2716
7653,82331,1828
7654,13650,1347
7655,70222,2782
7656,77616,1309
7657,47902,2914
7658,24751,1410
7659,31994,1881
7660,43908,1853
7661,44017,3101
7662,31335,1871
7663,99562,2664
7664,88998,1215
7665,40773,2191
7666,53050,1515
7667,46123,1500
7668,33058,4847
7669,98287,3947
7670,55745,1653
7671,71612,2777
7672,96229,2304
7673,22096,1682
7674,25976,1760
7675,30575,1522
7676,50409,1387
7677,27915,5285
7678,25296,2043
7679,58815,1923
7680,69014,2969
7681,49718,2450
7682,2374,2482
7683,1513,2869
7684,11058,2800
7685,47277,2130
7686,44773,1937
7687,503,2126
7688,11077,2727
7689,3679,2349
7690,66545,1200
7691,31716,1743
7692,91917,3030
7693,56297,2760
7694,8587,1776
7695,44149,1732
7696,10010,1397
7697,57789,1330
7698,83013,3685
7699,15089,1754
7700,49916,3423
7701,73527,2434
7702,33573,3267
7703,82279,1849
7704,82268,2193
7705,31195,1810
7706,71088,1329
7707,81688,2598
7708,51549,1908
7709,76785,1716
7710,16586,1644
7711,57862,2885
7712,47453,2123
7713,3705,1335
7714,62144,1457
7715,53096,2886
7716,66598,1435
7717,2893,2024
7718,50764,2192
7719,24955,1348
7720,65872,2389
7721,84554,2768
7722,40945,1430
7723,85100,1689
7724,15753,6027
7725,70580,2661
7726,42939,1761
7727,82759,1526
7728,89406,1785
7729,87149,1701
7730,84313,1691
7731,5073,1659
7732,68790,1536
7733,58928,5709
7734,11388,1702
7735,48048,2572
7736,14106,4444
7737,42723,1272
7738,36448,3267
7739,12528,1563
7740,48389,2172
7741,19268,1902
7742,42391,3096
7743,94688,1979
7744,22394,2577
7745,54027,2010
7746,12928,3178
7747,1811,1423
7748,68278,2465
7749,62795,3572
7750,48867,2021
7751,2858,1623
7752,34646,1949
7753,53093,2582
7754,22504,2159
7755,45323,2230
7756,25495,2314
7757,61913,1602
7758,76564,2607
7759,12280,1304
7760,69948,1482
7761,94483,1241
7762,12298,1417
7763,25650,2742
7764,706,1525
7765,20077,5874
7766,26865,1973
7767,86766,1639
7768,20007,2263
7769,33948,2353
7770,3911,2180
7771,35184,1283
7772,88499,1555
7773,92590,1340
7774,9811,1302
7775,27830,3369
7776,32612,1963
7777,11878,3391
7778,96860,2571
7779,68081,1595
7780,46308,1554
7781,10208,2738
7782,8298,1234
7783,11060,2720
7784,44346,3485
7785,73690,2188
7786,26161,1504
7787,27088,6585
7788,51617,3136
7789,11796,1446
7790,26534,1788
7791,14526,2291
7792,10795,1205
7793,36089,1831
7794,51651,2822
7795,58572,1403
7796,13901,2396
7797,94068,3314
7798,76699,1381
7799,79888,4928
7800,49352,1605
7801,55197,2132
7802,52615,1239
7803,50036,1701
7804,51889,1940
7805,75686,1998
7806,58012,2009
7807,15632,2637
7808,44521,1673
7809,59093,2156
7810,77253,2079
7811,19848,2771
7812,33420,1934
7813,73969,2728
7814,51264,1463
7815,34670,7006
7816,47950,1642
7817,71698,4215
7818,37091,1282
7819,16017,2252
7820,82195,3830
7821,51551,1497
7822,28900,2195
7823,68220,1377
7824,98725,2153
7825,40799,2870
7826,34084,1630
7827,31919,1692
7828,68578,2642
7829,57594,1352
7830,83587,2845
7831,22946,1319
7832,32182,1526
7833,98876,1345
7834,21679,1927
7835,21124,2648
7836,51872,2983
7837,83465,2676
7838,34148,3299
7839,79200,4062
7840,38279,1590
7841,87154,2232
7842,6267,1735
7843,25216,2085
7844,54784,1776
7845,15621,1717
7846,45492,1213
7847,8991,1910
7848,88174,2207
7849,55529,1711
7850,69006,1803
7851,38682,1866
7852,50713,1493
7853,56762,2090
7854,54378,2968
7855,60066,3252
7856,95749,2783
7857,11521,1489
7858,89375,1566
7859,53723,1640
7860,41941,1880
7861,73084,2213
7862,39660,1486
7863,49575,3027
7864,14111,3374
7865,23107,2091
7866,94268,1372
7867,20814,2264
7868,80089,2261
7869,26591,1426
7870,67348,1835
7871,89788,1371
7872,39100,2698
7873,61708,1357
7874,35213,2679
7875,60968,2835
7876,47718,2186
7877,14505,2079
7878,61916,6322
7879,43602,1359
7880,71029,1666
7881,90733,1931
7882,13003,4293
7883,62744,1363
7884,45873,1373
7885,47398,2152
7886,58303,2632
7887,31701,2064
7888,21000,3496
7889,335,2692
7890,46207,1478
7891,4354,1622
7892,96099,4164
7893,54928,2892
7894,40767,1352
7895,76394,2364
7896,59978,1647
7897,98590,1630
7898,69721,1907
7899,99922,1596
7900,55485,1487
7901,45335,4413
7902,1591,1589
7903,15783,1983
7904,83303,1571
7905,20975,2097
7906,22894,1322
7907,5948,1727
7908,70219,2837
7909,26569,1870
7910,56539,4455
7911,92240,1408
7912,50372,2583
7913,9516,2557
7914,73546,2682
7915,73037,1561
7916,56833,1880
7917,20051,2502
7918,95591,1937
7919,84761,2971
7920,42210,2276
7921,92646,1785
7922,7458,1969
7923,82394,1274
7924,29709,2884
7925,90362,2084
7926,24039,1682
7927,17223,2366
7928,4699,1302
7929,11600,2700
7930,39075,1772
7931,11025,3116
7932,81872,3292
7933,24879,1716
7934,15518,1836
7935,36716,3486
7936,95416,6000
7937,12603,2379
7938,31973,1691
7939,29660,1223
7940,34925,2641
7941,62935,4806
7942,62198,2617
7943,10362,3489
7944,90751,2505
7945,75888,3123
7946,87016,1923
7947,55885,1386
7948,91240,1422
7949,11482,1910
7950,88653,2619
7951,75696,2026
7952,81780,2808
7953,6895,1579
7954,17906,2726
7955,852,1400
7956,89245,2514
7957,84120,2947
7958,3373,2092
7959,98013,1552
7960,42573,1234
7961,59638,1520
7962,76895,1835
7963,66620,1365
7964,25890,2193
7965,19936,2093
7966,1268,1461
7967,24114,9908
7968,13294,2249
7969,31628,1319
7970,48590,1813
7971,23316,1948
7972,52452,2083
7973,22585,2268
7974,62565,1519
7975,38488,2651
7976,94183,1433
7977,17679,2493
7978,19499,2326
7979,49111,1600
7980,78067,2436
7981,57689,1272
7982,51899,2063
7983,85635,2448
7984,72770,1459
7985,27823,1395
7986,44900,2456
7987,64584,2649
7988,79998,1462
7989,12270,1316
7990,2534,1737
7991,46552,1227
7992,50442,1710
7993,71338,2324
7994,1319,3044
7995,31334,2474
7996,7370,3378
7997,84596,2077
7998,16701,2948
7999,57348,1206
8000,45359,1698
8001,45925,1893
8002,72458,1742
8003,57639,1457
8004,52667,2143
8005,28493,4368
8006,13511,5139
8007,14779,1589
8008,98711,1453
8009,83236,2075
8010,78473,1498
8011,65315,2187
8012,17831,3669
8013,8813,2902
8014,69262,2830
8015,68890,1760
8016,32915,1219
8017,13650,1824
8018,7150,2261
8019,56426,4963
8020,56020,2333
8021,62678,3468
8022,171,1827
8023,61840,2384
8024,17787,2159
8025,34100,3286
8026,37050,1393
8027,94506,2756
8028,29788,2514
8029,14930,1474
8030,53924,1600
8031,57541,2461
8032,958,2196
8033,48593,1370
8034,32282,1612
8035,4470,1240
8036,96597,3834
8037,36197,2773
8038,1873,2614
8039,9509,1393
8040,16709,1273
8041,44693,1599
8042,7412,2841
8043,69463,1405
8044,97045,2425
8045,20152,3716
8046,66839,2932
8047,56998,3216
8048,39987,1321
8049,7052,3862
8050,28257,2610
8051,67064,2478
8052,73051,2235
8053,44824,1772
8054,79582,1727
8055,33150,2371
8056,60240,2637
8057,89726,2039
8058,40884,1480
8059,41837,8756
8060,6375,2591
8061,54562,2884
8062,62191,2862
8063,90084,2352
8064,18792,1758
8065,28680,2578
8066,52720,2178
8067,86660,1815
8068,46743,4133
8069,55644,1483
8070,54298,1453
8071,54001,1492
8072,9468,2604
8073,41761,1388
8074,76063,1709
8075,43877,1933
8076,54970,1681
8077,48973,2608
8078,47645,1736
8079,91117,2896
8080,33058,2054
8081,40659,1353
8082,36759,1612
8083,6185,4669
8084,53506,2694
8085,36366,2646
8086,57506,1990
8087,45169,2135
8088,39487,1624
8089,60419,2463
8090,86875,1777
8091,85095,1790
8092,63810,1523
8093,12012,2538
8094,76286,1542
8095,32569,2013
8096,72785,3360
8097,64736,2559
8098,39037,3067
8099,26950,2623
8100,67971,1582
8101,61687,1421
8102,79004,1248
8103,99735,5597
8104,46219,1833
8105,27521,2191
8106,55792,1216
8107,46044,2677
8108,59444,2049
8109,66412,1645
8110,81382,1331
8111,36256,2840
8112,457,3934
8113,75975,1557
8114,69696,4575
8115,17772,2234
8116,20546,1658
8117,98195,1224
8118,76602,2061
8119,76992,1458
8120,99649,1218
8121,51678,1735
8122,70181,2165
8123,84523,5254
8124,73850,1682
8125,93568,1793
8126,31677,1897
8127,4144,2354
8128,94739,2577
8129,60271,1435
8130,29829,1635
8131,2962,5498
8132,23388,2927
8133,5078,1874
8134,95782,1246
8135,70876,1227
8136,67063,2101
8137,84321,1237
8138,60117,2837
8139,55368,1624
8140,1615,1516
8141,11481,3700
8142,63499,3832
8143,13108,1414
8144,6029,1622
8145,31201,2205
8146,11974,2248
8147,42067,2346
8148,61976,3509
8149,42559,1526
8150,61879,2090
8151,20581,1897
8152,55441,2236
8153,34710,1775
8154,61894,3017
8155,75131,1863
8156,73101,3530
8157,48024,3136
8158,84743,1202
8159,12570,1682
8160,56398,2191
8161,27068,2576
8162,63113,3514
8163,96333,1296
8164,15710,3911
8165,98859,1975
8166,24345,2540
8167,30996,1871
8168,73491,1991
8169,7048,1643
8170,63263,2220
8171,92032,2903
8172,40471,1521
8173,78745,1969
8174,63342,1220
8175,83655,2044
8176,96312,2813
8177,33838,1580
8178,16585,2838
8179,7391,1978
8180,24693,1432
8181,41602,2044
8182,1959,1208
8183,47248,3642
8184,84057,1223
8185,90967,1903
8186,27046,3779
8187,5393,1268
8188,41179,1562
8189,56023,1546
8190,49751,1453
8191,55824,1370
8192,56654,3346
8193,81448,1557
8194,78654,1392
8195,94392,2204
8196,53138,2641
8197,98336,2072
8198,17337,5754
8199,93660,1736
8200,85467,3073
8201,52074,2922
8202,28733,2375
8203,66356,1748
8204,23280,1282
8205,65680,1685
8206,59429,1763
8207,61843,1999
8208,20113,2472
8209,97629,1571
8210,91028,3315
8211,56077,1539
8212,2183,2206
8213,96345,1942
8214,51548,2589
8215,16269,1870
8216,72937,2881
8217,78271,2022
8218,83874,1712
8219,14119,3030
8220,66855,2734
8221,6922,2806
8222,65266,1908
8223,64654,1685
8224,44394,3566
8225,3641,1327
8226,53554,2800
8227,11903,2918
8228,29781,5028
8229,70014,2336
8230,67341,3277
8231,75923,4569
8232,9202,1395
8233,73632,1394
8234,1720,1420
8235,8118,1967
8236,43016,2338
8237,8339,1883
8238,92902,1453
8239,38010,1662
8240,30294,1310
8241,58524,1310
8242,16996,1799
8243,44518,1421
8244,33959,2513
8245,68035,1731
8246,90520,1699
8247,1525,1587
8248,14390,1347
8249,49875,2286
8250,54971,3765
8251,92733,4551
8252,98302,2492
8253,56982,2581
8254,5550,3991
8255,72768,2124
8256,72533,1220
8257,95922,2291
8258,1192,2434
8259,78649,2067
8260,89148,2184
8261,30105,1882
8262,68786,1402
8263,80465,2935
8264,56728,1525
8265,35096,2023
8266,60824,2774
8267,45170,1610
8268,70552,1494
8269,65537,1253
8270,20722,1229
8271,10795,1931
8272,71389,2884
8273,63442,2153
8274,37613,2992
8275,63219,1904
8276,16247,1494
8277,88572,1789
8278,11951,1357
8279,79707,2241
8280,85051,2476
8281,52128,3053
8282,10087,1831
8283,50244,1319
8284,77290,2519
8285,50631,3052
8286,38911,2692
8287,81533,1222
8288,59492,1854
8289,52679,1394
8290,68345,1260
8291,23311,2133
8292,76564,3499
8293,34231,1958
8294,32727,1825
8295,15627,1863
8296,47477,1783
8297,20494,1786
8298,59445,1219
8299,52216,2241
8300,63831,2791
8301,49521,2992
8302,45495,2483
8303,49762,1291
8304,23226,2683
8305,26210,2681
8306,5388,2182
8307,51973,3358
8308,68272,1519
8309,51811,1211
8310,7239,1598
8311,47392,3057
8312,67335,2772
8313,40101,5334
8314,10684,2283
8315,17463,1925
8316,31171,1367
8317,54363,1771
8318,18601,7965
8319,34982,1815
8320,90183,1637
8321,5969,1267
8322,64764,1217
8323,63893,2291
8324,21108,2144
8325,95321,3125
8326,54880,2595
8327,46681,2243
8328,84505,1550
8329,91250,1932
8330,81521,1604
8331,43781,2757
8332,53999,9559
8333,69723,2073
8334,28893,2266
8335,21201,1222
8336,53278,1721
8337,40583,2636
8338,403,3281
8339,95784,1478
8340,35901,1306
8341,4034,2315
8342,95235,1991
8343,91732,1643
8344,55371,2241
8345,18880,2643
8346,68624,1534
8347,60993,3459
8348,79139,1742
8349,25853,4287
8350,60089,1993
8351,30037,1439
8352,23696,1886
8353,55154,2315
8354,59095,2960
8355,70445,2535
8356,10962,2487
8357,8318,1535
8358,72846,2906
8359,32097,2241
8360,9519,2020
8361,25069,1482
8362,44374,1402
8363,9904,3098
8364,7440,1503
8365,28104,1621
8366,38706,1883
8367,64989,1672
8368,89188,2003
8369,34028,1325
8370,47362,2196
8371,65766,2084
8372,63357,1803
8373,57933,4054
8374,59960,3239
8375,39948,7997
8376,29273,2118
8377,8535,3943
8378,88583,3141
8379,8246,1823
8380,13331,1671
8381,92886,3596
8382,28706,2709
8383,83079,1698
8384,28334,2863
8385,63352,2497
8386,78402,2124
8387,29580,2354
8388,34842,3660
8389,73677,2920
8390,49861,1719
8391,33235,1424
8392,80811,1457
8393,93356,2306
8394,95624,2215
8395,51280,1327
8396,22913,2629
8397,80178,1989
8398,26590,2424
8399,1956,1253
8400,28571,1225
8401,79464,1858
8402,79429,2537
8403,37844,1922
8404,95374,1676
8405,46824,2677
8406,15652,1299
8407,52673,2202
8408,15069,2204
8409,41454,1845
8410,47416,1866
8411,2057,1320
8412,2788,2053
8413,27894,2049
8414,10824,1847
8415,52192,1339
8416,340,2276
8417,5686,4030
8418,22474,2417
8419,94971,1537
8420,94776,1642
8421,26048,1506
8422,63027,1842
8423,80660,1806
8424,77963,5305
8425,79449,4888
8426,16205,1543
8427,13356,6946
8428,86040,1417
8429,20940,1211
8430,67769,2573
8431,19898,1289
8432,97665,2887
8433,26339,2277
8434,53243,1845
8435,40787,2075
8436,74603,1343
8437,45097,3485
8438,57521,2290
8439,79524,1834
8440,31415,1839
8441,92359,2364
8442,32269,1326
8443,34241,1787
8444,34088,1854
8445,60204,1203
8446,20783,1566
8447,98084,1458
8448,67827,1510
8449,37738,1621
8450,22166,1475
8451,88071,1395
8452,54683,1346
8453,43018,1550
8454,40411,3111
8455,15094,2180
8456,87279,2818
8457,83005,1778
8458,9119,2182
8459,61696,3206
8460,96784,1257
8461,64318,2000
8462,18107,3796
8463,45225,2679
8464,44613,1593
8465,7568,3186
8466,33721,1685
8467,7274,3782
8468,26608,1613
8469,52292,1942
8470,87516,1434
8471,51481,1266
8472,51671,2930
8473,36116,2564
8474,58319,4721
8475,17181,2953
8476,64276,2469
8477,15,1270
8478,71468,1531
8479,52259,2254
8480,36776,1351
8481,76926,3124
8482,33515,2581
8483,10578,1869
8484,50527,2812
8485,49737,2418
8486,54472,1439
8487,59971,1355
8488,61659,1785
8489,5493,4272
8490,76231,1258
8491,27351,1947
8492,57627,1478
8493,14265,2153
8494,98444,3024
8495,42034,1744
8496,10861,2323
8497,66170,2889
8498,59843,1237
8499,39758,1253
8500,14192,1350
8501,48894,1897
8502,42627,2253
8503,68852,1495
8504,43636,1748
8505,99972,1681
8506,7661,1297
8507,79363,1314
8508,86697,2612
8509,56463,2581
8510,55597,2282
8511,85948,1537
8512,18047,2174
8513,80382,6187
8514,18056,2409
8515,2834,3640
8516,16650,1625
8517,3852,1919
8518,22163,3058
8519,91924,2264
8520,37659,1706
8521,24896,1933
8522,42264,2017
8523,48696,2286
8524,47005,2444
8525,68717,1840
8526,4484,2309
8527,37183,2925
8528,80586,2832
8529,99836,1625
8530,84664,1937
8531,52327,1885
8532,54692,1618
8533,43692,1761
8534,24039,2069
8535,76987,1773
8536,24421,1482
8537,12081,1844
8538,65511,1412
8539,94529,1766
8540,13283,1452
8541,77448,1561
8542,29364,2997
8543,81031,2428
8544,68449,1849
8545,26086,1905
8546,90376,2235
8547,97775,1494
8548,44084,2136
8549,84416,3034
8550,26852,2668
8551,54478,4505
8552,56426,2501
8553,46369,1328
8554,30787,1833
8555,36612,2473
8556,8093,5107
8557,89931,1308
8558,57825,2642
8559,63143,2229
8560,20932,1777
8561,11109,2369
8562,6414,1727
8563,46219,1573
8564,52545,1364
8565,75914,3095
8566,86011,1301
8567,77022,1409
8568,21049,1626
8569,85837,1214
8570,41432,1642
8571,28759,3261
8572,78637,2032
8573,21036,1403
8574,97836,1252
8575,64521,1753
8576,26302,2441
8577,40013,3347
8578,54830,2455
8579,14829,1691
8580,19437,1782
8581,88106,1500
8582,58095,1926
8583,61261,1485
8584,6785,1498
8585,43102,1994
8586,54605,1741
8587,73726,1330
8588,72350,2951
8589,79206,1777
8590,14243,2765
8591,23572,2589
8592,74290,2002
8593,93939,1984
8594,22235,2186
8595,85244,2610
8596,17419,1390
8597,7870,3179
8598,67131,1460
8599,94094,1504
8600,33412,1525
8601,93554,4715
8602,39544,1861
8603,73261,1951
8604,16728,1930
8605,82985,2591
8606,39586,3235
8607,60621,1633
8608,77762,1400
8609,74495,1292
8610,70222,1229
8611,97528,3215
8612,3655,3689
8613,17511,1787
8614,17615,1529
8615,59366,1214
8616,45383,2023
8617,82945,1844
8618,79801,1388
8619,8952,2115
8620,64096,1258
8621,3537,2058
8622,74096,2568
8623,88257,2664
8624,99279,1739
8625,55139,2417
8626,71258,2196
8627,24991,1879
8628,50243,1826
8629,9635,1511
8630,3474,2043
8631,82572,2742
8632,13805,1552
8633,26388,1573
8634,20406,1403
8635,57579,1280
8636,34911,1704
8637,97853,1340
8638,69500,2131
8639,74673,2028
8640,77494,1497
8641,48596,1647
8642,48543,2234
8643,29349,1307
8644,25222,2246
8645,34879,1395
8646,75522,1978
8647,88707,2961
8648,47304,2353
8649,65365,2110
8650,75987,1863
8651,27689,2669
8652,77106,1566
8653,59473,2429
8654,63929,2555
8655,93395,2626
8656,98158,2612
8657,85594,1859
8658,63271,1533
8659,12597,4604
8660,99435,1274
8661,26862,3065
8662,88444,1991
8663,65579,2217
8664,14906,1698
8665,31372,1721
8666,8966,1392
8667,52460,3259
8668,11872,3818
8669,30526,1640
8670,84458,1455
8671,75217,1343
8672,38175,1768
8673,30773,1374
8674,4527,1938
8675,15326,2073
8676,51733,2861
8677,61506,2190
8678,95500,1481
8679,24027,1597
8680,30159,2599
8681,67899,1742
8682,41946,1299
8683,27357,1451
8684,53270,1938
8685,30501,2914
8686,22508,2072
8687,98214,2981
8688,58202,2926
8689,98543,5610
8690,2151,1970
8691,65907,1933
8692,98153,2610
8693,62798,2124
8694,45043,3681
8695,1598,1249
8696,14505,2048
8697,55465,1606
8698,65284,1923
8699,45528,1695
8700,39708,2605
8701,99797,1496
8702,25905,2224
8703,33392,2191
8704,8524,1787
8705,50063,1538
8706,99110,2836
8707,13460,1583
8708,79495,1896
8709,99882,1870
8710,86602,1515
8711,62236,2300
8712,15101,1995
8713,90190,1745
8714,87417,2582
8715,58300,2059
8716,97118,1275
8717,87559,1915
8718,47475,3488
8719,130,2542
8720,86551,1562
8721,62596,1224
8722,64609,2959
8723,19161,1859
8724,54769,1475
8725,32652,1515
8726,25144,1991
8727,38319,1586
8728,72484,1216
8729,71924,1397
8730,51136,1357
8731,36904,2927
8732,1260,2024
8733,74242,1245
8734,21922,1592
8735,41496,1384
8736,97291,2740
8737,9468,1456
8738,61411,2098
8739,55337,2013
8740,928,2296
8741,69686,1266
8742,299,3102
8743,82643,1780
8744,4033,1518
8745,4913,1392
8746,58528,3019
8747,1644,1344
8748,21609,2000
8749,88131,2045
8750,87086,1277
8751,53478,1321
8752,42781,2008
8753,11378,2197
8754,69403,2710
8755,83203,1335
8756,50642,1982
8757,91696,2147
8758,60660,2643
8759,1030,1317
8760,15587,1478
8761,73709,1468
8762,31910,3572
8763,38750,1265
8764,78732,1465
8765,2757,1929
8766,11069,2417
8767,62699,1245
8768,79798,1375
8769,87394,2551
8770,10303,2537
8771,88005,1772
8772,91698,7529
8773,60641,1732
8774,99564,1729
8775,37912,2186
8776,64948,2346
8777,99082,1382
8778,88929,1334
8779,49268,2332
8780,71945,1510
8781,57895,1719
8782,91135,1950
8783,28937,2273
8784,24318,1892
8785,77973,2479
8786,32200,1385
8787,32933,2190
8788,80151,3081
8789,49403,2803
8790,65432,1785
8791,76581,1737
8792,40088,1569
8793,79564,4034
8794,33193,1316
8795,52151,2415
8796,35593,1679
8797,12190,1504
8798,31025,1471
8799,45245,1354
8800,35209,2122
8801,69656,1324
8802,39772,1294
8803,23751,2131
8804,47538,3635
8805,35972,1218
8806,15350,1238
8807,55466,1658
8808,96024,1324
8809,38036,3589
8810,83205,2632
8811,29527,1543
8812,96378,2571
8813,10490,1978
8814,88827,1256
8815,12717,1689
8816,47095,1982
8817,67816,1756
8818,50184,1258
8819,97724,1349
8820,14262,2134
8821,42661,2988
8822,43183,1820
8823,56593,5529
8824,52807,1930
8825,46881,2106
8826,10759,2242
8827,83874,1398
8828,17929,3060
8829,83624,2595
8830,85196,2185
8831,11362,1801
8832,34387,1635
8833,888,1856
8834,77815,2747
8835,45681,1581
8836,49051,1990
8837,71070,2661
8838,28147,3410
8839,81818,3151
8840,93754,2120
8841,22166,1473
8842,33164,1590
8843,28100,1774
8844,31020,2138
8845,56601,2354
8846,77971,2444
8847,20219,2577
8848,73700,4483
8849,91906,1907
8850,81759,1880
8851,5108,1834
8852,66684,1598
8853,40151,2828
8854,50155,1967
8855,34311,1555
8856,72199,2537
8857,92493,1798
8858,84901,2527
8859,93653,2305
8860,8197,2149
8861,93505,1229
8862,51111,1366
8863,78018,1262
8864,772,1515
8865,13777,2312
8866,23124,1278
8867,26194,1598
8868,3842,1801
8869,66914,1861
8870,54522,4488
8871,15527,2901
8872,30271,2669
8873,25530,2915
8874,5284,3072
8875,26548,1729
8876,69569,2171
8877,82623,3471
8878,99084,2578
8879,39804,1418
8880,20673,1344
8881,57356,2050
8882,78377,2617
8883,36361,1710
8884,21375,2465
8885,84921,1441
8886,87155,3291
8887,72969,1329
8888,66712,4697
8889,80832,2221
8890,4672,1209
8891,3499,2061
8892,84494,4422
8893,99386,2404
8894,49915,2549
8895,47447,2965
8896,31579,1305
8897,60478,2271
8898,41391,1847
8899,63283,2037
8900,54934,2647
8901,56229,3787
8902,44760,1915
8903,69883,1515
8904,66144,2298
8905,49502,1491
8906,38069,2468
8907,90976,1301
8908,49225,1768
8909,12705,1476
8910,40527,1665
8911,39294,1988
8912,50857,1430
8913,89843,1284
8914,9098,3119
8915,73045,2666
8916,49341,2438
8917,9420,1981
8918,66346,1875
8919,24433,2074
8920,82671,1628
8921,70637,2180
8922,11055,1432
8923,64510,1685
8924,89038,2457
8925,78356,1630
8926,72078,3079
8927,77986,1710
8928,40851,1361
8929,82861,2247
8930,89963,1622
8931,52863,1841
8932,18388,1738
8933,18929,1884
8934,73198,3117
8935,5306,2128
8936,24320,1299
8937,42519,1687
8938,55473,2114
8939,38568,4570
8940,50555,1662
8941,10360,2099
8942,29390,2239
8943,89598,1539
8944,22733,4547
8945,75808,1647
8946,64651,1866
8947,85717,1491
8948,54399,2170
8949,81350,2749
8950,51050,2695
8951,96289,2965
8952,88022,2140
8953,36814,1611
8954,56144,1678
8955,56003,2861
8956,10627,2944
8957,92857,1502
8958,86913,1270
8959,9487,1242
8960,48443,1313
8961,80768,2219
8962,40813,1804
8963,77711,1322
8964,54054,2220
8965,37909,1479
8966,43631,3470
8967,39333,2413
8968,53432,2063
8969,98489,2674
8970,96722,2669
8971,16533,5475
8972,28161,1786
8973,21627,1889
8974,77946,2679
8975,31387,2616
8976,36728,1839
8977,7286,2611
8978,44213,1466
8979,49827,2590
8980,85010,1842
8981,75560,5565
8982,51735,1357
8983,67771,1589
8984,87151,2489
8985,64290,1485
8986,46558,2270
8987,17874,2519
8988,95614,2757
8989,45011,2639
8990,93108,3012
8991,44542,3640
8992,85066,1254
8993,12956,2901
8994,35231,1804
8995,25009,1561
8996,25497,1556
8997,94707,1510
8998,89604,3138
8999,95261,1793
9000,15615,1356
9001,65565,1312
9002,69056,1551
9003,22547,2297
9004,6942,3805
9005,79809,2520
9006,94333,1862
9007,17546,2424
9008,39041,1336
9009,88317,1706
9010,51649,1420
9011,55124,2180
9012,34491,1431
9013,880,2613
9014,79004,2873
9015,78386,1830
9016,56179,2676
9017,97214,3172
9018,84972,2066
9019,66110,2152
9020,67020,2021
9021,43804,1876
9022,1906,3215
9023,61245,1542
9024,91385,2366
9025,83002,2577
9026,29952,2539
9027,97378,4221
9028,37746,1566
9029,37785,2613
9030,98674,3090
9031,17606,1399
9032,15954,2148
9033,39503,2603
9034,44456,2307
9035,39280,1361
9036,12065,1582
9037,51712,1822
9038,16329,3631
9039,27983,1222
9040,94617,3915
9041,28239,1633
9042,19406,1850
9043,81117,2235
9044,67225,2194
9045,26852,3031
9046,8122,2803
9047,32355,1350
9048,81596,3475
9049,3173,3186
9050,58251,2242
9051,28953,2424
9052,84739,2702
9053,72459,1997
9054,17840,1513
9055,47458,1770
9056,79227,2230
9057,71540,1781
9058,50553,1201
9059,82129,2860
9060,60651,1692
9061,21420,1546
9062,61817,1810
9063,91596,1891
9064,5186,1787
9065,45962,1744
9066,59996,1486
9067,84098,2205
9068,24823,2585
9069,23385,1264
9070,94867,3489
9071,85923,2309
9072,80962,1349
9073,5046,1898
9074,37181,2318
9075,94460,1245
9076,40058,2801
9077,18037,1809
9078,43689,2354
9079,74727,1310
9080,26603,2267
9081,18005,2754
9082,91948,2164
9083,67293,1861
9084,95832,1759
9085,68461,1961
9086,46279,2746
9087,14438,2359
9088,4157,3048
9089,29730,1350
9090,69262,6516
9091,82407,1389
9092,11870,2044
9093,52910,1722
9094,87800,1230
9095,68156,2216
9096,92042,5977
9097,91534,1619
9098,51657,1342
9099,19116,2572
9100,30303,1285
9101,78892,2988
9102,5313,1333
9103,62725,2148
9104,9159,3131
9105,15059,2365
9106,28830,1583
9107,59559,2737
9108,25564,1841
9109,8620,1278
9110,84697,2847
9111,29410,2039
9112,81744,2791
9113,84239,1517
9114,94982,1997
9115,70913,1307
9116,83807,3546
9117,26145,1312
9118,72122,1726
9119,55373,2073
9120,45041,1590
9121,57618,2602
9122,40600,3126
9123,27181,2189
9124,57014,1613
9125,77163,2041
9126,19168,1428
9127,55248,1578
9128,9482,2356
9129,98250,2253
9130,99685,1714
9131,43788,2416
9132,70246,2623
9133,13384,2138
9134,79890,1611
9135,96142,1281
9136,89162,1444
9137,16728,2644
9138,624,2736
9139,29154,1241
9140,22581,1855
9141,99660,1255
9142,94265,1219
9143,3081,1404
9144,52272,3033
9145,57650,1910
9146,55097,1898
9147,57168,2854
9148,45473,1310
9149,24858,3234
9150,54014,1359
9151,43758,1464
9152,58705,1578
9153,18683,3912
9154,58634,1679
9155,3009,3890
9156,23201,2616
9157,66347,1664
9158,65306,3259
9159,17714,1619
9160,77537,2709
9161,70829,2013
9162,89681,1428
9163,37010,1573
9164,66299,1670
9165,11478,1797
9166,52592,2611
9167,51363,2344
9168,21377,2630
9169,39785,1969
9170,57260,1661
9171,88220,2458
9172,31583,2553
9173,62117,2189
9174,32674,1529
9175,75801,2138
9176,39488,2037
9177,64884,1462
9178,61530,1356
9179,978,1566
9180,62270,1202
9181,10192,2220
9182,31393,1277
9183,67601,1849
9184,50957,2740
9185,75455,2589
9186,71925,1982
9187,93605,3231
9188,34343,1377
9189,35586,1773
9190,23406,2093
9191,10903,1351
9192,24124,1879
9193,38532,1508
9194,91065,1651
9195,27708,1287
9196,44888,4252
9197,81293,2542
9198,30795,2397
9199,9832,2188
9200,57717,1581
9201,18263,1252
9202,82104,1928
9203,23727,2151
9204,65408,1201
9205,69168,2282
9206,39944,1476
9207,57860,2600
9208,17360,1912
9209,18749,1838
9210,16790,2447
9211,51070,3568
9212,9124,1774
9213,64885,2223
9214,47588,1589
9215,63742,2077
9216,85323,2139
9217,81612,1966
9218,66708,1793
9219,24242,2746
9220,54005,1476
9221,6358,1673
9222,6256,3588
9223,45441,2277
9224,52012,2744
9225,18223,1522
9226,82195,1246
9227,88880,1372
9228,18767,1491
9229,36535,2874
9230,935,1869
9231,22141,1473
9232,75041,1559
9233,18338,1601
9234,64629,1208
9235,44053,2870
9236,91116,2495
9237,81848,2195
9238,15041,3451
9239,42929,3538
9240,63772,2104
9241,29587,1763
9242,96465,2130
9243,13527,2652
9244,32605,1650
9245,61597,2228
9246,63019,1239
9247,93959,1714
9248,4833,1851
9249,39051,1894
9250,11867,2006
9251,88785,1669
9252,831,2155
9253,21604,2365
9254,65450,1268
9255,83945,1276
9256,25773,2158
9257,43687,1467
9258,13260,1404
9259,71302,2136
9260,39152,2266
9261,92481,1752
9262,48582,2004
9263,82943,1614
9264,93375,1598
9265,86296,1412
9266,34454,3323
9267,15567,2031
9268,86508,1220
9269,40667,2326
9270,66497,1726
9271,32932,4187
9272,85624,2008
9273,83267,1677
9274,86971,1970
9275,93530,3853
9276,20928,1241
9277,48477,2233
9278,20294,3441
9279,15543,2156
9280,58067,1268
9281,84319,2094
9282,37513,4692
9283,26485,1378
9284,63088,1202
9285,73743,2424
9286,75643,1951
9287,88586,1577
9288,55446,1981
9289,34782,2324
9290,52463,1430
9291,58649,2536
9292,25754,2576
9293,490,1910
9294,89370,1617
9295,87205,3429
9296,53250,2526
9297,44831,1442
9298,20128,2065
9299,98438,1351
9300,5924,1832
9301,68956,1494
9302,14816,2269
9303,2746,3155
9304,78475,1724
9305,26779,1865
9306,7775,1944
9307,29129,2594
9308,91482,2320
9309,9113,1453
9310,94374,4170
9311,79367,3441
9312,89885,3620
9313,43754,3542
9314,28018,3735
9315,60607,1563
9316,38098,1329
9317,90038,2050
9318,79637,3407
9319,52639,2824
9320,91703,3232
9321,40818,1324
9322,91363,1423
9323,74679,1521
9324,17656,3834
9325,21776,2366
9326,79604,2779
9327,3352,1782
9328,92810,1462
9329,50458,1468
9330,29465,2177
9331,73247,1316
9332,66629,4302
9333,67937,1687
9334,23913,2003
9335,42222,2967
9336,60466,1769
9337,16074,4900
9338,48427,2220
9339,72539,2099
9340,92243,2750
9341,83722,1834
9342,14977,2352
9343,80491,1563
9344,95457,1209
9345,86896,1515
9346,19895,1828
9347,11903,1544
9348,58949,2206
9349,19507,1580
9350,55795,2068
9351,29180,1773
9352,87458,1688
9353,82618,1906
9354,19977,6983
9355,39111,4222
9356,3498,1250
9357,57830,1476
9358,34553,3274
9359,15328,2213
9360,48872,1218
9361,77668,1296
9362,20702,3035
9363,51815,1521
9364,42221,2165
9365,81964,2748
9366,72309,1810
9367,85863,2846
9368,37829,1605
9369,67527,1934
9370,33579,1883
9371,61819,1772
9372,90061,1534
9373,57433,2344
9374,41969,2631
9375,51201,2837
9376,13624,2182
9377,38625,1376
9378,92438,1558
9379,26117,1584
9380,8551,3832
9381,32021,1412
9382,22394,1659
9383,97078,1797
9384,64541,1915
9385,65563,1720
9386,78548,1736
9387,82042,2472
9388,47280,3421
9389,94031,1295
9390,81453,2048
9391,46026,5146
9392,53707,1865
9393,19094,2172
9394,18508,1769
9395,88705,1856
9396,48398,1458
9397,50598,1778
9398,69937,1418
9399,42869,1338
9400,59406,1886
9401,72209,2559
9402,37011,2181
9403,61123,3160
9404,65438,1402
9405,57558,1813
9406,59139,2880
9407,916,4407
9408,92552,1237
9409,2682,2491
9410,54086,5970
9411,46150,2621
9412,99868,3966
9413,97321,4276
9414,87914,3287
9415,73453,1230
9416,10948,1734
9417,20615,1515
9418,33757,2462
9419,89518,1739
9420,20469,1683
9421,70396,1951
9422,62848,1459
9423,45788,3262
9424,7653,1435
9425,50082,1311
9426,66976,1403
9427,30324,2130
9428,88159,1243
9429,85270,1206
9430,54319,4281
9431,39355,1981
9432,34404,1567
9433,66995,5054
9434,24599,1678
9435,40194,2651
9436,26383,1832
9437,53842,3977
9438,99269,2070
9439,7981,2299
9440,96364,1912
9441,17191,2701
9442,44516,2041
9443,94031,1471
9444,93810,2311
9445,34648,2864
9446,90299,2363
9447,45776,2435
9448,77045,2295
9449,4338,3897
9450,29533,1461
9451,51445,2882
9452,23590,2131
9453,82104,1646
9454,53906,2170
9455,31336,1294
9456,39428,1694
9457,61678,5485
9458,90209,3277
9459,30917,1205
9460,27226,2527
9461,15366,1353
9462,9410,3097
9463,30565,1794
9464,37948,1614
9465,90621,2525
9466,20306,4029
9467,25349,1824
9468,33472,2363
9469,76973,3218
9470,11817,2742
9471,2986,2471
9472,17313,1689
9473,35997,2067
9474,35756,1939
9475,20771,2003
9476,63272,2478
9477,75059,3231
9478,53076,1743
9479,31389,2127
9480,49276,1988
9481,76327,3230
9482,98110,1364
9483,85325,1447
9484,26122,2300
9485,32883,2036
9486,67832,1651
9487,26546,2226
9488,42436,1905
9489,35246,1356
9490,41371,1550
9491,88734,1739
9492,37973,2290
9493,6337,1850
9494,8503,2238
9495,67579,3125
9496,18212,3253
9497,197,1539
9498,10091,2483
9499,48983,1814
9500,66688,1273
9501,72435,2215
9502,13604,1528
9503,61288,2264
9504,26666,1297
9505,91750,2548
9506,31087,2333
9507,5975,1615
9508,63499,1996
9509,31812,2274
9510,35335,2311
9511,4348,1206
9512,39845,7320
9513,49903,1871
9514,82547,2343
9515,98544,2805
9516,68377,1904
9517,75508,2346
9518,64816,1718
9519,4384,2090
9520,60353,2520
9521,32426,1773
9522,43390,2550
9523,41121,1576
9524,37292,7225
9525,61980,3194
9526,87349,2505
9527,21082,2752
9528,80300,1257
9529,68559,1548
9530,3816,3461
9531,22753,1419
9532,62951,3107
9533,28009,2414
9534,38368,3308
9535,7226,2704
9536,46320,1348
9537,29534,1608
9538,42894,1753
9539,44742,1938
9540,90653,1256
9541,21793,1421
9542,89701,1472
9543,37662,1290
9544,664,2145
9545,63483,1522
9546,14621,3027
9547,90296,2561
9548,21070,2465
9549,23270,2291
9550,56085,7575
9551,53157,2867
9552,59758,2675
9553,55940,2393
9554,50031,1834
9555,59953,1742
9556,50357,2390
9557,98030,1710
9558,57199,1896
9559,93586,2168
9560,2474,1716
9561,1600,3497
9562,72386,1581
9563,87133,1745
9564,8280,1281
9565,84358,1704
9566,57861,1391
9567,89823,2542
9568,54045,1718
9569,96679,2062
9570,63631,1977
9571,52365,2453
9572,59400,1899
9573,9004,1940
9574,42681,1927
9575,53549,4913
9576,96120,2757
9577,39167,2943
9578,96198,2196
9579,13006,4161
9580,87033,1373
9581,92238,1907
9582,95361,2577
9583,49510,1893
9584,46855,3496
9585,27847,1838
9586,855,1345
9587,10064,1650
9588,1909,2662
9589,27814,3023
9590,13128,1465
9591,79422,1914
9592,87179,2451
9593,91962,1481
9594,72073,1580
9595,48628,1736
9596,90473,3319
9597,34537,2530
9598,9118,4095
9599,82395,1646
9600,50397,2687
9601,70704,3324
9602,14244,1747
9603,4033,1437
9604,63027,1219
9605,30292,4335
9606,18413,5802
9607,97046,2332
9608,65069,1303
9609,96260,1985
9610,84657,1392
9611,16545,2268
9612,70616,8528
9613,33562,1626
9614,455,1681
9615,6,1335
9616,93719,4072
9617,88047,3297
9618,33584,1958
9619,41699,2104
9620,87224,1683
9621,10536,2468
9622,70781,2759
9623,74090,3577
9624,75108,2602
9625,74088,1767
9626,75423,2613
9627,91945,1839
9628,66767,2523
9629,21882,3334
9630,532,2043
9631,90093,1316
9632,33052,2439
9633,31361,2767
9634,50404,1266
9635,77499,1414
9636,8686,1836
9637,89169,2191
9638,60176,2092
9639,12915,1473
9640,24757,1308
9641,26978,1569
9642,80281,1330
9643,65943,2654
9644,23811,1337
9645,76450,1434
9646,99641,3254
9647,63251,1391
9648,47234,2706
9649,62567,1307
9650,93322,2274
9651,23146,1783
9652,13765,2803
9653,82394,1822
9654,23116,1332
9655,66909,1521
9656,77420,1788
9657,39243,3022
9658,18575,1819
9659,71275,2175
9660,21545,2865
9661,72187,1746
9662,4727,1454
9663,83769,1460
9664,57659,1991
9665,76500,1264
9666,58387,3028
9667,34017,2565
9668,6792,2677
9669,83218,2301
9670,91354,1715
9671,41653,2468
9672,25658,1440
9673,20531,1707
9674,552,2911
9675,71590,1679
9676,40099,1745
9677,4466,1554
9678,55907,1583
9679,75765,3611
9680,34464,2390
9681,8315,3656
9682,39623,1346
9683,34926,3491
9684,84906,2353
9685,96194,2520
9686,59822,2995
9687,70493,1313
9688,32472,2696
9689,51680,5248
9690,67447,1470
9691,71585,4166
9692,18736,1305
9693,97771,2632
9694,89015,1325
9695,1377,1599
9696,79365,2077
9697,7140,1336
9698,5909,1599
9699,75379,1219
9700,15609,1448
9701,78598,1990
9702,25146,1332
9703,73759,1551
9704,3143,2574
9705,44407,2778
9706,35995,1797
9707,14071,3083
9708,96543,3074
9709,56992,1202
9710,4168,2274
9711,44606,2631
9712,11959,2612
9713,61756,1646
9714,66938,1328
9715,94380,1788
9716,99386,1483
9717,53644,2675
9718,31326,2725
9719,77332,2644
9720,54989,1546
9721,77069,1715
9722,91189,3766
9723,66193,1968
9724,10429,1273
9725,67937,1753
9726,3038,1443
9727,67206,1673
9728,73359,1560
9729,3437,2266
9730,27179,3276
9731,67899,1218
9732,66079,1846
9733,12320,1497
9734,73979,4452
9735,51387,2390
9736,97304,1736
9737,22679,1243
9738,43524,2575
9739,73362,1740
9740,64954,1298
9741,18334,1822
9742,32613,3459
9743,49278,2315
9744,18757,1919
9745,71312,1213
9746,5386,2939
9747,31001,8823
9748,65235,2144
9749,45346,1439
9750,13350,3372
9751,87705,1585
9752,16270,2334
9753,39803,1502
9754,99834,1538
9755,97373,2103
9756,37502,3903
9757,21482,2065
9758,81631,1328
9759,72811,2229
9760,13833,2103
9761,63437,3151
9762,13201,2773
9763,11906,1288
9764,33621,1651
9765,43455,3820
9766,23140,3613
9767,84732,3150
9768,42909,1228
9769,92961,2042
9770,88484,3739
9771,67502,2065
9772,397,1330
9773,34009,2913
9774,89067,1918
9775,44125,1860
9776,12691,2570
9777,40577,3324
9778,49989,1416
9779,4559,1229
9780,14718,2338
9781,94592,2180
9782,59937,1498
9783,53596,3726
9784,46983,2440
9785,90932,1755
9786,48100,1570
9787,76050,2380
9788,85078,2218
9789,25564,3442
9790,14185,2137
9791,27431,1564
9792,96038,1710
9793,36211,4469
9794,60650,3067
9795,53607,1424
9796,19696,1355
9797,58698,2433
9798,24588,1648
9799,43057,2106
9800,7003,2851
9801,8917,1938
9802,72225,3006
9803,71489,2286
9804,56543,1542
9805,1573,1885
9806,25093,1482
9807,39621,2880
9808,60666,2312
9809,71938,1746
9810,9057,1921
9811,1940,3405
9812,73890,2048
9813,70702,2044
9814,75418,1443
9815,6021,1397
9816,65035,1312
9817,49532,1585
9818,12013,1320
9819,62736,4225
9820,8237,2575
9821,80131,3046
9822,3900,1505
9823,62555,2867
9824,10886,2792
9825,38368,1428
9826,58965,1844
9827,8446,1671
9828,33576,1460
9829,54355,1516
9830,72279,1619
9831,93892,1226
9832,34638,1633
9833,16887,3961
9834,20397,2405
9835,61399,1653
9836,21659,3169
9837,29087,1544
9838,77521,1276
9839,80037,2200
9840,66020,3218
9841,57463,1460
9842,40450,1411
9843,97463,1622
9844,38055,1812
9845,47788,1548
9846,38155,3810
9847,5148,2030
9848,4435,1201
9849,4368,1896
9850,12401,2895
9851,19253,3524
9852,81190,2203
9853,6045,2295
9854,45167,2310
9855,1860,1639
9856,77224,2051
9857,78409,2821
9858,1868,1475
9859,11874,1307
9860,57823,2268
9861,41237,2386
9862,97447,2254
9863,83960,1931
9864,62761,1254
9865,34033,3443
9866,45531,1207
9867,74573,1626
9868,46225,2501
9869,28183,1664
9870,63524,3010
9871,34663,1211
9872,76380,2107
9873,79371,1882
9874,54846,3272
9875,97270,1648
9876,51283,4059
9877,62879,2070
9878,98560,1213
9879,50276,1245
9880,34723,3981
9881,10056,2396
9882,69429,1774
9883,3609,1481
9884,98826,1840
9885,9788,1565
9886,64255,1891
9887,17848,1955
9888,56021,2171
9889,71518,3258
9890,54033,1203
9891,98439,3742
9892,82863,1270
9893,6733,1448
9894,96587,3081
9895,25564,1862
9896,6027,1885
9897,65822,2338
9898,19705,1285
9899,97299,5592
9900,94180,1639
9901,50418,2073
9902,41969,1337
9903,49578,2220
9904,78713,1541
9905,27039,1244
9906,76833,2535
9907,20718,1345
9908,54212,1254
9909,85393,1427
9910,13757,1723
9911,91589,3060
9912,49635,2506
9913,32435,3688
9914,4377,3382
9915,48702,2082
9916,88393,1923
9917,5868,4058
9918,5045,1748
9919,88321,1574
9920,75616,1630
9921,19112,2060
9922,75713,2074
9923,6671,1901
9924,68221,2189
9925,4160,1995
9926,2379,2496
9927,16997,1857
9928,11844,2566
9929,28659,4034
9930,95446,4998
9931,28192,2703
9932,20573,2331
9933,29762,2156
9934,85970,1830
9935,44662,1675
9936,71172,1700
9937,51526,2107
9938,15047,2396
9939,23056,1905
9940,46486,1232
9941,92330,1700
9942,74449,2225
9943,63230,2229
9944,60999,3428
9945,3002,1259
9946,53548,2281
9947,43132,2996
9948,44919,4065
9949,10003,6202
9950,16268,2368
9951,21619,2206
9952,47468,1750
9953,41411,1310
9954,47646,2111
9955,30658,2202
9956,32740,1316
9957,57547,1328
9958,36193,2248
9959,86083,3221
9960,32278,2389
9961,92463,1364
9962,30408,2647
9963,49684,2206
9964,83726,1229
9965,29972,1476
9966,88313,2727
9967,30207,2572
9968,89440,2309
9969,14757,2765
9970,37017,2582
9971,81966,2351
9972,23047,1775
9973,6751,1301
9974,22710,2488
9975,86511,1846
9976,14425,3079
9977,71056,2587
9978,42312,2092
9979,37548,1741
9980,8547,1633
9981,93049,2306
9982,90857,1758
9983,82406,2731
9984,45465,1527
9985,51900,1387
9986,56882,1626
9987,48897,1517
9988,8833,2133
9989,72993,1769
9990,26384,2991
9991,60222,1650
9992,45887,1755
9993,40203,2730
9994,96356,2039
9995,36921,2028
9996,27056,4636
9997,41116,1694
9998,52763,3057
9999,89475,2808
10000,7438,1634
10001,83381,1467
10002,61792,1227
10003,35144,1420
10004,22957,1821
10005,4100,1303
10006,90372,1454
10007,39960,1572
10008,51135,1787
10009,94416,1244
10010,76173,2618
10011,81474,2010
10012,42153,2763
10013,23782,1245
10014,67288,1209
10015,43503,1485
10016,32745,3260
10017,17552,2013
10018,33134,1729
10019,3066,2559
10020,34325,1697
10021,68602,2443
10022,47090,1209
10023,84813,1424
10024,70428,1787
10025,88008,3278
10026,25378,1948
10027,92373,2943
10028,41269,4339
10029,91378,3322
10030,74181,1770
10031,76140,1211
10032,22583,2390
10033,37316,1354
10034,20678,1280
10035,4526,3529
10036,22068,3730
10037,52648,3243
10038,53991,2258
10039,834,2614
10040,17822,1664
10041,49065,1587
10042,75160,1851
10043,31928,1729
10044,22716,5796
10045,31296,1959
10046,87308,2757
10047,52462,1412
10048,73617,1472
10049,65976,1242
10050,27373,2851
10051,79447,1578
10052,58369,1628
10053,87545,2359
10054,27326,1698
10055,282,1684
10056,54769,2121
10057,54030,2675
10058,74934,1262
10059,56149,1245
10060,70142,2024
10061,8739,6308
10062,33505,2659
10063,82778,3310
10064,1975,2581
10065,76022,1934
10066,36376,1403
10067,71718,1395
10068,94110,1478
10069,37109,3227
10070,39542,1757
10071,93708,1974
10072,70927,2326
10073,48557,1939
10074,1167,2456
10075,31038,1481
10076,20016,1503
10077,35337,1742
10078,68366,1613
10079,80671,1245
10080,24175,1302
10081,47524,2262
10082,48151,15396
10083,99061,2669
10084,31766,2973
10085,35958,2601
10086,61109,3078
10087,32944,3688
10088,79812,1243
10089,71048,2595
10090,39496,3041
10091,68116,2197
10092,60866,1313
10093,23452,1967
10094,89995,2332
10095,73834,1615
10096,42694,1774
10097,91724,2875
10098,2857,1844
10099,96739,2323
10100,92068,2492
10101,17234,4812
10102,14193,3119
10103,98897,1435
10104,37130,2910
10105,47774,2676
10106,58534,1228
10107,76318,5673
10108,34523,1568
10109,83637,2388
10110,99943,1609
10111,97240,2908
10112,41093,1539
10113,67728,1566
10114,23859,1373
10115,71385,1277
10116,34670,1602
10117,2367,2966
10118,21923,2261
10119,38101,1368
10120,22327,1983
10121,87754,1523
10122,6560,1372
10123,36914,1202
10124,75141,1939
10125,23752,2540
10126,10502,2267
10127,33936,1545
10128,47722,3549
10129,87490,2070
10130,38881,2288
10131,66937,2455
10132,88586,1540
10133,10918,1407
10134,49018,1549
10135,42059,2071
10136,53752,2642
10137,40439,3299
10138,10969,2468
10139,22381,2277
10140,1961,1926
10141,50145,3263
10142,14556,3974
10143,32162,2587
10144,78305,1619
10145,34481,1374
10146,75128,2041
10147,77300,1622
10148,3874,8021
10149,96570,2113
10150,43792,1216
10151,96659,3105
10152,3870,2606
10153,30409,1733
10154,15098,1303
10155,43025,2150
10156,64259,1655
10157,14120,1663
10158,58209,1212
10159,50969,1313
10160,35031,4109
10161,92545,3350
10162,27580,1575
10163,39844,1322
10164,83629,2407
10165,36978,2636
10166,649,2060
10167,92166,2325
10168,84948,2034
10169,5116,2332
10170,50631,3174
10171,79967,2230
10172,48545,2409
10173,83946,1731
10174,49435,1798
10175,9832,1401
10176,50069,1491
10177,69546,2327
10178,77585,3603
10179,81478,1457
10180,98199,1865
10181,23755,2054
10182,14386,1922
10183,13565,1526
10184,3169,1229
10185,78906,1682
10186,81442,1366
10187,84895,1983
10188,52431,1430
10189,64342,2576
10190,78556,1234
10191,63594,1319
10192,83014,1202
10193,93094,1455
10194,40554,2187
10195,94350,1667
10196,77070,2524
10197,6805,3229
10198,48065,2190
10199,90827,1929
10200,21549,1409
10201,53374,2448
10202,13410,1632
10203,15311,2544
10204,70073,1613
10205,65394,1262
10206,36875,1521
10207,81155,2108
10208,29655,4102
10209,12459,1251
10210,15562,2617
10211,25931,1961
10212,99458,1731
10213,99059,2282
10214,27265,2408
10215,29000,1985
10216,50515,1261
10217,26569,2701
10218,17402,2566
10219,26446,2014
10220,16882,2550
10221,45533,1592
10222,75402,1788
10223,7771,2775
10224,90467,1958
10225,36820,4123
10226,17191,3863
10227,3960,4130
10228,16042,1772
10229,40943,1252
10230,17014,2413
10231,15996,1944
10232,98581,1233
10233,44285,1946
10234,35999,1576
10235,33111,1996
10236,94638,1823
10237,26335,1861
10238,93720,2293
10239,91746,2242
10240,49334,1558
10241,22181,2247
10242,87968,1547
10243,3823,3149
10244,17783,1428
10245,282,1594
10246,99136,1292
10247,73363,1887
10248,6859,1872
10249,8155,2769
10250,41831,3433
10251,43553,2194
10252,91586,1315
10253,18165,3130
10254,27148,2409
10255,82651,2443
10256,59307,2307
10257,57576,1488
10258,64979,1201
10259,70840,3031
10260,68848,1429
10261,67810,2213
10262,23760,2008
10263,91912,2853
10264,11615,1595
10265,53864,2359
10266,27751,1640
10267,13988,1887
10268,49086,2027
10269,95604,1723
10270,88586,1279
10271,78898,1744
10272,63657,1839
10273,47507,1264
10274,13187,1252
10275,32927,1299
10276,47061,1823
10277,20372,1751
10278,60494,1967
10279,32899,1604
10280,73584,4869
10281,85177,1669
10282,13753,1264
10283,85419,1879
10284,96376,1671
10285,27535,2211
10286,91652,2726
10287,19000,1537
10288,98441,1895
10289,86029,2762
10290,58368,2228
10291,2262,3465
10292,54795,1924
10293,1473,1406
10294,67816,1324
10295,82472,2904
10296,78724,1258
10297,76687,1798
10298,72439,2073
10299,95696,1958
10300,54115,1694
10301,88708,1385
10302,37587,1953
10303,45418,1494
10304,74943,1280
10305,9477,3416
10306,89365,1886
10307,20644,2160
10308,67435,2828
10309,19524,1764
10310,34021,1969
10311,57618,3691
10312,82399,1602
10313,95902,1403
10314,5994,2695
10315,63521,1782
10316,39056,4207
10317,60867,2609
10318,62802,1202
10319,26104,3401
10320,43480,2091
10321,4937,1665
10322,21810,2922
10323,40584,4638
10324,41457,1826
10325,27894,1546
10326,24038,2410
10327,13123,4399
10328,3801,2096
10329,51223,2623
10330,59977,1238
10331,52061,1343
10332,41351,1387
10333,91348,2336
10334,83884,2616
10335,26481,2018
10336,82945,2452
10337,49456,1853
10338,54661,2283
10339,73035,1479
10340,35029,2529
10341,69477,1297
10342,67803,1497
10343,78408,1395
10344,96777,2662
10345,5859,2309
10346,1056,1883
10347,90953,1226
10348,74470,2209
10349,21506,2074
10350,85569,2262
10351,95248,2750
10352,93292,1302
10353,37754,1244
10354,44007,1680
10355,73665,1680
10356,50813,1652
10357,98616,2046
10358,48033,1911
10359,28343,1341
10360,81384,1643
10361,5495,1514
10362,5619,1235
10363,41306,2029
10364,58825,2514
10365,18637,1895
10366,41069,1295
10367,84294,2609
10368,77878,5980
10369,26266,1791
10370,85755,3654
10371,49083,1395
10372,28719,1250
10373,95793,1776
10374,29418,4674
10375,14899,1972
10376,27389,1912
10377,86797,2472
10378,18541,2973
10379,37899,1364
10380,80591,3291
10381,60817,2219
10382,86118,2033
10383,35931,1510
10384,43744,3297
10385,2870,1931
10386,80919,3604
10387,35029,1370
10388,73102,1386
10389,52731,2969
10390,91032,1979
10391,54841,1502
10392,20139,2787
10393,7018,2028
10394,82755,2461
10395,4600,1280
10396,78980,1329
10397,22350,1229
10398,17355,1255
10399,6658,2265
10400,55146,2642
10401,90700,1232
10402,42589,6897
10403,89405,2034
10404,25857,1613
10405,95086,1233
10406,47328,4175
10407,75855,3643
10408,73282,1429
10409,83791,2024
10410,96061,2534
10411,42163,2033
10412,47211,1560
10413,20477,1285
10414,55483,1385
10415,33310,1318
10416,64065,3334
10417,15483,1269
10418,13700,2230
10419,42824,1523
10420,66569,1258
10421,73931,1273
10422,7256,2390
10423,89153,1906
10424,73106,3400
10425,85077,1339
10426,86376,1312
10427,64105,3028
10428,60500,2488
10429,18751,1235
10430,12079,2148
10431,60120,3653
10432,45629,2787
10433,49262,1269
10434,36903,2459
10435,35224,1969
10436,52810,2654
10437,56112,2488
10438,13377,3577
10439,82897,1307
10440,86201,1791
10441,62956,1918
10442,23718,7027
10443,75196,1906
10444,66278,3232
10445,6122,2204
10446,92551,1471
10447,71772,2316
10448,93524,2070
10449,19739,2445
10450,17830,4227
10451,64006,1811
10452,95372,1859
10453,50459,3151
10454,37597,1357
10455,23629,1523
10456,39744,1394
10457,86966,3086
10458,8315,2652
10459,36220,2703
10460,76046,3818
10461,93100,1395
10462,23347,2049
10463,72000,4389
10464,71246,1929
10465,95466,1495
10466,92555,2413
10467,16753,1399
10468,5985,2024
10469,77746,2163
10470,27311,1860
10471,32898,1681
10472,60475,1526
10473,46998,1552
10474,64357,2609
10475,79163,1889
10476,75508,1561
10477,5471,2108
10478,37480,3822
10479,68083,2200
10480,10966,1495
10481,54149,2112
10482,38084,1781
10483,73621,3610
10484,36319,2876
10485,39215,1309
10486,93202,1664
10487,22009,2850
10488,61492,2155
10489,66260,2312
10490,69875,1380
10491,83145,1269
10492,76646,2801
10493,53260,2990
10494,47304,2114
10495,6194,1980
10496,38357,2502
10497,35935,1937
10498,16608,1988
10499,57466,3000
10500,25119,2547
10501,16281,1931
10502,7121,1632
10503,79965,1734
10504,4295,3668
10505,2744,1612
10506,97630,1963
10507,31462,1322
10508,29525,1510
10509,50071,1952
10510,21851,1354
10511,20970,2103
10512,22150,1637
10513,77926,3600
10514,41672,1978
10515,86468,1295
10516,65759,1469
10517,98833,1455
10518,73503,3580
10519,50143,2688
10520,10427,2995
10521,52440,2687
10522,88528,3207
10523,44285,1682
10524,5773,1512
10525,32617,2723
10526,68863,2901
10527,74330,1793
10528,29307,2090
10529,97887,1941
10530,5804,2772
10531,16702,3513
10532,16386,1610
10533,89741,1210
10534,57585,3006
10535,66705,1474
10536,42371,1227
10537,11547,1680
10538,25415,1595
10539,46367,1288
10540,71393,1293
10541,64401,4672
10542,24629,2372
10543,18021,2330
10544,65484,1432
10545,14532,1948
10546,22630,1459
10547,59747,1977
10548,10096,2082
10549,98665,2180
10550,78991,1410
10551,12227,2002
10552,62828,2605
10553,37238,2640
10554,67478,1539
10555,84210,2102
10556,5800,2118
10557,11045,1934
10558,5191,2612
10559,16886,2094
10560,36767,1419
10561,60802,2235
10562,98063,1731
10563,73877,2022
10564,38783,1606
10565,84618,2267
10566,64036,3591
10567,33679,2347
10568,86009,1222
10569,15301,1388
10570,60073,2474
10571,90758,1490
10572,91677,1909
10573,11020,2696
10574,24829,1280
10575,12826,2011
10576,21844,1546
10577,22392,2673
10578,93383,2667
10579,82384,3206
10580,74114,2175
10581,57881,1561
10582,14712,1940
10583,48905,1589
10584,85842,1343
10585,55867,1736
10586,86690,3209
10587,84907,2729
10588,42612,1909
10589,70533,3212
10590,64396,2133
10591,84185,1216
10592,71209,1224
10593,31838,1709
10594,29453,1244
10595,62108,3411
10596,26705,5115
10597,55607,1411
10598,85211,2125
10599,62178,2241
10600,1765,1394
10601,21218,1273
10602,13636,1910
10603,87558,1386
10604,87566,2552
10605,74722,2313
10606,79260,2042
10607,62597,1552
10608,91364,1488
10609,32354,1976
10610,52509,2268
10611,79721,3395
10612,26619,1402
10613,88967,2468
10614,91067,2771
10615,76251,2922
10616,17373,1980
10617,1342,2034
10618,67087,2158
10619,49692,1965
10620,61142,4545
10621,25721,2497
10622,46158,1434
10623,28984,3397
10624,94058,1510
10625,79993,1904
10626,68467,2743
10627,59471,2600
10628,2032,4127
10629,31068,2450
10630,16236,2394
10631,58517,1703
10632,67465,2417
10633,9340,2171
10634,68492,2905
10635,95947,1229
10636,86031,2369
10637,70171,2081
10638,42551,1956
10639,78079,1638
10640,5956,3275
10641,31140,2308
10642,7795,3348
10643,51994,3224
10644,96533,2109
10645,361,1977
10646,84790,2774
10647,39539,1553
10648,38269,3289
10649,50356,2728
10650,99884,2415
10651,37921,1796
10652,25836,2412
10653,39883,1875
10654,94624,1621
10655,91390,1233
10656,28212,2321
10657,70006,2190
10658,50046,2566
10659,22393,1322
10660,53081,2160
10661,71495,3277
10662,39196,1452
10663,36732,1821
10664,58761,2370
10665,78798,1457
10666,30857,2717
10667,84790,3275
10668,49143,3782
10669,13061,3223
10670,41773,1454
10671,62442,1916
10672,92715,2749
10673,12545,1981
10674,30482,3015
10675,75837,3952
10676,32694,3260
10677,1315,1771
10678,46666,3044
10679,92798,2513
10680,57938,2064
10681,69819,3360
10682,13540,2430
10683,43282,1660
10684,90090,3833
10685,64615,2430
10686,30183,1341
10687,34230,1716
10688,98270,2608
10689,53086,1448
10690,51495,2700
10691,48809,1818
10692,73740,2029
10693,17639,1693
10694,18971,1954
10695,44494,1953
10696,18109,2028
10697,30187,2871
10698,42565,1468
10699,24221,3210
10700,96462,3004
10701,38202,1239
10702,68613,2553
10703,7489,2232
10704,68304,2179
10705,96498,1839
10706,99951,1937
10707,33213,1254
10708,49760,1370
10709,68597,1204
10710,10899,2947
10711,16276,1943
10712,76708,2274
10713,63170,3107
10714,90606,4899
10715,77348,2778
10716,36262,1733
10717,79399,3676
10718,53442,1824
10719,41509,3837
10720,6179,2694
10721,8899,1741
10722,96611,2124
10723,41858,3214
10724,83535,2748
10725,37528,2722
10726,93505,1410
10727,33872,1367
10728,26534,2744
10729,58068,2486
10730,65835,2428
10731,75542,1233
10732,69324,2827
10733,72424,2005
10734,80240,1682
10735,85301,3787
10736,28034,3643
10737,83935,1337
10738,70257,2134
10739,8935,4280
10740,41086,4299
10741,31806,1855
10742,49701,2730
10743,2303,2103
10744,82856,1583
10745,19110,2653
10746,46404,2615
10747,38616,1712
10748,80208,3401
10749,1482,3024
10750,37714,2591
10751,40920,1793
10752,68816,2269
10753,13606,1279
10754,82949,2366
10755,31837,2172
10756,26782,2561
10757,46498,9343
10758,76522,1601
10759,29362,1277
10760,84016,3292
10761,40855,1370
10762,49542,2217
10763,50368,2092
10764,81816,2901
10765,5230,1314
10766,23090,2858
10767,36244,1840
10768,99769,2794
10769,24185,3130
10770,18226,1517
10771,46046,1250
10772,30744,2339
10773,24671,1425
10774,42054,1257
10775,46975,2210
10776,7853,2184
10777,79317,1376
10778,38836,1204
10779,95396,1246
10780,56401,2519
10781,34657,2475
10782,20757,1235
10783,85288,2612
10784,66627,3014
10785,7686,1877
10786,23774,1286
10787,14682,2057
10788,33645,1871
10789,14204,2595
10790,82970,1660
10791,25565,1643
10792,84490,2633
10793,3129,2937
10794,6989,1784
10795,88034,1764
10796,70910,1460
10797,14207,1232
10798,37282,3460
10799,1569,2396
10800,23077,1201
10801,80199,2142
10802,65689,1305
10803,56875,1644
10804,26186,2606
10805,22165,1517
10806,90841,2791
10807,20843,1649
10808,82967,2404
10809,40550,1707
10810,24792,2251
10811,89246,1415
10812,77811,1561
10813,90743,2385
10814,82508,1456
10815,34038,1646
10816,40028,2878
10817,15380,1612
10818,72404,1897
10819,94848,1633
10820,23241,4292
10821,30958,1570
10822,49976,1477
10823,6663,2840
10824,99060,2487
10825,16987,2045
10826,6800,2026
10827,33636,1349
10828,10504,1748
10829,64375,1817
10830,43069,1323
10831,8132,1419
10832,53696,5174
10833,76729,2074
10834,44871,1816
10835,49088,2503
10836,28151,1692
10837,44257,1693
10838,95994,2679
10839,49295,2283
10840,50704,2718
10841,23046,3363
10842,37492,4197
10843,83529,1817
10844,99561,1665
10845,18924,1503
10846,72837,2834
10847,65648,1523
10848,20047,1837
10849,31687,3295
10850,6398,1768
10851,90540,2170
10852,90279,1593
10853,34661,2841
10854,8985,3193
10855,15743,1208
10856,78579,1347
10857,58911,2607
10858,16820,1298
10859,55702,3044
10860,97697,1809
10861,74346,1427
10862,63893,1443
10863,38147,1338
10864,18224,4150
10865,4581,1645
10866,13641,1589
10867,41609,1575
10868,47831,1689
10869,69587,2317
10870,19691,1764
10871,40997,1913
10872,87892,2863
10873,72625,2252
10874,80199,2280
10875,65261,1600
10876,79692,1252
10877,94353,1514
10878,14086,1844
10879,69727,2152
10880,31897,2412
10881,63234,1534
10882,1753,1714
10883,35479,2752
10884,89873,2844
10885,9432,1296
10886,77349,3506
10887,38597,2224
10888,70512,1827
10889,14024,1720
10890,24690,1713
10891,19273,2437
10892,45119,2372
10893,20789,1500
10894,68370,3005
10895,613,2313
10896,25938,2582
10897,87862,1640
10898,34029,2436
10899,36967,1504
10900,19535,1753
10901,8683,2618
10902,27756,2103
10903,53238,1581
10904,50735,1229
10905,98950,2913
10906,59328,2572
10907,73572,1322
10908,16809,1732
10909,15718,2081
10910,4811,2533
10911,19887,2723
10912,20838,8277
10913,44470,1566
10914,87790,2874
10915,75564,2638
10916,82259,1412
10917,60757,2523
10918,6284,3578
10919,49078,2006
10920,26459,1381
10921,36862,1296
10922,23703,1281
10923,89024,2150
10924,72997,1859
10925,145,1816
10926,67567,2608
10927,13157,1986
10928,35186,1313
10929,38726,2575
10930,97871,2067
10931,14367,3920
10932,40881,2196
10933,34159,2842
10934,5032,2680
10935,183,2955
10936,2610,2367
10937,5840,1297
10938,76378,3003
10939,29425,2090
10940,16783,1643
10941,89731,2157
10942,59258,2913
10943,99095,2707
10944,7275,2641
10945,87080,1483
10946,71908,2129
10947,72375,1274
10948,2616,2300
10949,96295,1555
10950,81955,2306
10951,27512,3577
10952,77109,1825
10953,26122,2701
10954,17097,2327
10955,47113,2702
10956,46141,1277
10957,99119,2053
10958,47448,3677
10959,38908,2475
10960,27320,3848
10961,90570,2028
10962,67850,2046
10963,58333,1599
10964,90720,3567
10965,93714,1577
10966,61979,1743
10967,12372,2423
10968,85438,1466
10969,1732,1655
10970,10708,2641
10971,42830,2292
10972,97260,3185
10973,2914,1475
10974,86822,2979
10975,39529,2195
10976,3890,2131
10977,20438,2399
10978,7911,1543
10979,98786,1202
10980,91654,1265
10981,45748,1587
10982,43937,2442
10983,96876,2550
10984,23691,1817
10985,59412,1721
10986,86392,1339
10987,68434,5061
10988,18951,3371
10989,89408,1325
10990,88778,1543
10991,54016,3547
10992,24174,2346
10993,62106,2601
10994,50256,1233
10995,73923,1905
10996,65969,1542
10997,58996,2342
10998,45552,1364
10999,18612,1546
11000,1596,2677
11001,91734,1344
11002,78870,3476
11003,80226,1382
11004,33534,1986
11005,13228,1238
11006,60802,2688
11007,15603,1885
11008,18601,1414
11009,41160,2732
11010,8916,2110
11011,90807,2025
11012,13277,2285
11013,53710,4731
11014,41920,2925
11015,94845,2119
11016,30089,1353
11017,24504,2350
11018,29580,2257
11019,19843,2285
11020,83479,1947
11021,46294,2481
11022,69317,3762
11023,62673,1409
11024,81974,1204
11025,2626,3013
11026,38707,2229
11027,53801,4884
11028,84202,4141
11029,74795,1225
11030,70313,1206
11031,37344,1600
11032,68178,2448
11033,18367,2952
11034,33163,3025
11035,58219,1745
11036,78523,1277
11037,68030,1289
11038,41454,1488
11039,20073,1620
11040,7419,1592
11041,20272,1409
11042,41513,1381
11043,41945,1360
11044,23752,1839
11045,80387,2702
11046,64137,1700
11047,44027,2070
11048,41740,1415
11049,24990,1511
11050,13634,1922
11051,23453,1444
11052,82156,2996
11053,30264,1544
11054,92279,1320
11055,13437,2651
11056,48977,1818
11057,62884,1973
11058,90248,2596
11059,20815,1307
11060,64536,2887
11061,87771,2118
11062,1154,1767
11063,91146,1709
11064,99007,2282
11065,30754,1651
11066,56225,2629
11067,19900,2162
11068,71648,1856
11069,65154,5149
11070,42086,1318
11071,10403,1485
11072,68982,1419
11073,12264,1710
11074,41901,1401
11075,88194,1958
11076,50864,1788
11077,78003,3189
11078,68250,3133
11079,37096,2037
11080,73992,1807
11081,80528,2497
11082,9307,1469
11083,89576,1534
11084,91891,1961
11085,83692,3810
11086,16098,2673
11087,18343,1940
11088,60653,1337
11089,67192,2685
11090,3426,1721
11091,61805,1918
11092,95458,2376
11093,17335,3919
11094,98003,3889
11095,17569,1231
11096,50230,1215
11097,52448,2387
11098,5629,1903
11099,75804,4459
11100,34587,2587
11101,13494,2373
11102,10141,1601
11103,24760,2048
11104,1529,2769
11105,20163,2848
11106,75514,2410
11107,50414,1619
11108,57470,1570
11109,41194,2084
11110,44626,1970
11111,53431,1914
11112,65089,7202
11113,64972,2961
11114,72224,2374
11115,16071,2862
11116,59769,1423
11117,9072,1471
11118,8470,1812
11119,15780,1475
11120,98557,2094
11121,65701,2321
11122,97039,2336
11123,42108,5817
11124,44461,1435
11125,60835,2103
11126,93308,2084
11127,93850,1496
11128,72986,1855
11129,85232,3080
11130,17555,6611
11131,8436,1726
11132,58386,2210
11133,73235,2655
11134,75598,2718
11135,68910,2281
11136,36602,1514
11137,59304,4223
11138,48518,1590
11139,26431,1892
11140,86623,1257
11141,29369,3646
11142,47144,1738
11143,45992,3303
11144,62175,1404
11145,1211,2137
11146,63309,2884
11147,59164,1641
11148,67125,2001
11149,87818,1480
11150,99552,4072
11151,5930,1398
11152,67726,7142
11153,46312,3139
11154,26473,1889
11155,68595,1602
11156,29839,1266
11157,66820,2288
11158,37265,1811
11159,57679,2756
11160,20714,1881
11161,86833,2918
11162,90171,4257
11163,9884,2113
11164,39525,2839
11165,68071,3369
11166,35549,1785
11167,44428,1479
11168,23422,1810
11169,95220,2095
11170,24975,2927
11171,4812,1666
11172,86860,2182
11173,26585,1223
11174,65126,1460
11175,63549,3780
11176,1118,1657
11177,60050,1276
11178,69773,3055
11179,96874,1270
11180,53660,1263
11181,39668,1473
11182,91758,1408
11183,67663,2526
11184,17369,2097
11185,59044,1554
11186,25976,5030
11187,91378,1721
11188,51101,1635
11189,87622,1368
11190,66128,1377
11191,21139,2251
11192,56611,1980
11193,67612,3626
11194,84132,1331
11195,73068,1784
11196,59252,2833
11197,91340,1660
11198,75910,1545
11199,37538,1320
11200,31320,1537
11201,91753,1696
11202,55771,1445
11203,72849,1443
11204,69021,2890
11205,38858,2866
11206,8701,1787
11207,79572,3050
11208,57150,1723
11209,48458,5335
11210,14836,3362
11211,99739,1641
11212,35392,1498
11213,6967,1759
11214,86981,5044
11215,48622,1233
11216,73555,1524
11217,49718,1605
11218,29070,2137
11219,96276,1248
11220,62410,2103
11221,96068,2092
11222,81063,1672
11223,54553,1975
11224,10966,3068
11225,21096,1960
11226,14773,1990
11227,64048,1464
11228,55628,1791
11229,79476,2233
11230,94498,1447
11231,63094,2632
11232,9565,2334
11233,46295,1670
11234,48719,1405
11235,10194,1647
11236,32851,4587
11237,28769,2568
11238,81766,1488
11239,37653,3318
11240,19384,5561
11241,58141,2455
11242,7157,2404
11243,67839,2941
11244,62038,1603
11245,9223,2191
11246,87344,1409
11247,13512,2720
11248,65034,3729
11249,94999,2869
11250,37667,1858
11251,34066,1437
11252,61799,1709
11253,31250,1775
11254,18997,3314
11255,94386,2640
11256,20220,1756
11257,59029,2645
11258,39838,2449
11259,74454,2750
11260,60840,2345
11261,3846,2827
11262,97385,2160
11263,60208,1423
11264,49987,1311
11265,24627,2669
11266,9080,2522
11267,20219,2927
11268,85334,1905
11269,42694,2874
11270,82013,1823
11271,99425,9279
11272,22315,1349
11273,90019,1857
11274,96698,2201
11275,40355,2357
11276,67646,3442
11277,71974,1903
11278,40281,3836
11279,83062,1735
11280,28688,1303
11281,55030,2798
11282,10919,2065
11283,46719,2076
11284,88832,1808
11285,52324,2009
11286,96910,1501
11287,99475,2688
11288,72231,2049
11289,53537,2542
11290,64811,2146
11291,82694,1352
11292,66577,2068
11293,76514,2105
11294,63209,1420
11295,69186,1437
11296,86049,1202
11297,2829,2457
11298,36326,1201
11299,67923,2499
11300,24582,2180
11301,67659,1414
11302,6752,3758
11303,50965,1600
11304,2862,1668
11305,27729,2851
11306,75660,2777
11307,55511,1754
11308,27577,1423
11309,22818,3477
11310,81035,1788
11311,1587,1420
11312,26839,2456
11313,15114,1626
11314,41421,1512
11315,60634,2033
11316,37889,8767
11317,40025,2407
11318,64069,1242
11319,71765,6979
11320,91609,2562
11321,90929,2167
11322,57394,1368
11323,48434,1577
11324,69512,2532
11325,92637,2011
11326,38024,1660
11327,40648,1402
11328,29297,1829
11329,19104,2943
11330,4371,3896
11331,96480,1211
11332,31520,2588
11333,19323,1933
11334,11987,1537
11335,37730,2619
11336,90053,3774
11337,83099,1399
11338,41719,2132
11339,67024,1462
11340,37154,2600
11341,72883,2292
11342,19342,3201
11343,54652,2193
11344,35018,3239
11345,68270,2212
11346,88489,2787
11347,27306,2258
11348,87392,1402
11349,23831,3737
11350,29226,1251
11351,72904,1398
11352,6087,1337
11353,47390,1314
11354,21437,1725
11355,80269,3047
11356,53061,2937
11357,88272,4685
11358,9861,2612
11359,30049,1286
11360,27628,1468
11361,2964,1567
11362,88291,1265
11363,29804,2148
11364,55760,1922
11365,23266,1206
11366,87115,2198
11367,67026,2099
11368,52163,1790
11369,21505,1311
11370,81869,1803
11371,10129,9340
11372,40861,2578
11373,87255,2593
11374,5908,1821
11375,7355,1495
11376,40915,2106
11377,90183,1393
11378,9996,1900
11379,13217,1292
11380,62300,2250
11381,51001,1426
11382,41069,1478
11383,62812,1387
11384,77000,1672
11385,26484,1903
11386,24610,1326
11387,78407,1223
11388,16771,2465
11389,90820,1706
11390,18246,2650
11391,61649,1967
11392,38220,1685
11393,60350,2436
11394,15541,1502
11395,36913,1876
11396,31706,1383
11397,41905,2954
11398,51559,3582
11399,97016,1557
11400,18421,1352
11401,90955,2506
11402,73340,6041
11403,95758,1288
11404,27251,2274
11405,93924,1303
11406,80316,2119
11407,47884,2500
11408,82893,2234
11409,80335,2466
11410,50391,2411
11411,43282,2090
11412,79394,2359
11413,47747,1522
11414,28098,2470
11415,82137,1494
11416,50689,2164
11417,37082,2909
11418,22108,2428
11419,15657,3628
11420,41822,2285
11421,29619,1755
11422,13127,3030
11423,65686,1841
11424,88805,1202
11425,21192,5319
11426,31946,1457
11427,98220,1756
11428,96071,4278
11429,14780,2883
11430,22187,2817
11431,91844,2718
11432,58164,2639
11433,34402,2156
11434,50342,3762
11435,52152,2734
11436,9469,1560
11437,15907,2976
11438,83463,1576
11439,20939,1680
11440,51746,1660
11441,66069,1652
11442,77947,1471
11443,13593,1776
11444,28398,2315
11445,54109,1314
11446,37088,1503
11447,27110,1661
11448,34811,2375
11449,70329,3224
11450,25373,1803
11451,60207,2478
11452,62333,1693
11453,48421,2635
11454,47727,1502
11455,60675,1475
11456,77652,1439
11457,64134,2621
11458,77294,1452
11459,43503,4335
11460,28573,1666
11461,41585,2936
11462,21641,2178
11463,91958,5509
11464,2368,1751
11465,49809,3217
11466,46547,3395
11467,6569,1615
11468,36687,1661
11469,13295,1804
11470,94072,2586
11471,56516,1718
11472,22233,2565
11473,44926,2064
11474,67106,2297
11475,56515,1572
11476,93257,2587
11477,48171,2515
11478,64670,2115
11479,74257,3951
11480,54963,1931
11481,14629,2918
11482,57656,2080
11483,43486,2532
11484,71622,1329
11485,73050,2107
11486,92159,2144
11487,84830,1491
11488,82944,2220
11489,41042,1749
11490,30395,1641
11491,85577,3484
11492,27131,2059
11493,67025,1855
11494,6180,1988
11495,61075,2113
11496,38762,1232
11497,10414,1899
11498,74850,1322
11499,52049,3296
11500,21067,3967
11501,72539,2206
11502,65707,1407
11503,11935,2135
11504,62540,1259
11505,72911,1359
11506,7275,2253
11507,72458,2030
11508,833,1696
11509,63625,2570
11510,42630,2396
11511,47409,1817
11512,89225,2555
11513,10768,1723
11514,12492,2100
11515,11076,1446
11516,34148,3307
11517,23366,2283
11518,78848,1388
11519,941,1457
11520,88269,1476
11521,74748,1602
11522,61046,1626
11523,18732,2206
11524,72466,3057
11525,39252,3764
11526,79301,1837
11527,27705,1387
11528,76885,1414
11529,61128,1956
11530,97683,3327
11531,43049,1242
11532,93171,2595
11533,19009,1305
11534,47851,1355
11535,95843,1253
11536,12746,1436
11537,7280,1937
11538,47606,1538
11539,66462,1286
11540,54618,1213
11541,54718,3062
11542,53376,2286
11543,2504,1589
11544,47756,1460
11545,29385,3641
11546,53555,2558
11547,89473,1584
11548,36626,2367
11549,54195,1984
11550,68895,1276
11551,7542,1295
11552,51334,3426
11553,33140,1847
11554,72901,2507
11555,33768,3911
11556,57217,1400
11557,51594,3078
11558,82454,2038
11559,15165,1220
11560,84596,2196
11561,85762,1653
11562,47281,1304
11563,80386,1319
11564,82762,2438
11565,22004,1914
11566,69448,2350
11567,47223,2363
11568,99350,2247
11569,84272,2316
11570,15512,2649
11571,11572,1600
11572,80803,1596
11573,70053,1306
11574,37254,2964
11575,69261,2577
11576,63834,2842
11577,26632,3149
11578,60636,1206
11579,69802,1226
11580,23289,3913
11581,38378,2309
11582,60440,3754
11583,74903,1334
11584,64843,1434
11585,78361,1650
11586,99796,2273
11587,2098,1244
11588,39758,2442
11589,17289,1715
11590,6721,1419
11591,81774,1338
11592,4908,2764
11593,47243,1969
11594,58770,1666
11595,17771,3419
11596,70334,1318
11597,74271,3286
11598,94720,1832
11599,25340,1246
11600,509,7006
11601,97566,1394
11602,80945,4151
11603,52941,2693
11604,60434,2778
11605,33409,1613
11606,92421,1597
11607,92711,1343
11608,68580,2700
11609,75283,1646
11610,89005,1433
11611,92838,2717
11612,86040,1926
11613,7430,1601
11614,73402,1471
11615,69172,2079
11616,65842,1376
11617,64872,1551
11618,90412,2153
11619,91556,1901
11620,44618,2266
11621,16610,1375
11622,35957,1263
11623,16744,2603
11624,41651,1768
11625,66869,1288
11626,88978,2439
11627,61009,2089
11628,80047,3976
11629,25163,2613
11630,11376,2471
11631,50662,3021
11632,32914,3093
11633,62262,1914
11634,459,1906
11635,41753,1971
11636,40028,1635
11637,38126,1811
11638,56128,1969
11639,51693,2348
11640,66387,3127
11641,51794,3189
11642,83777,3235
11643,62250,2312
11644,11432,2436
11645,7271,1504
11646,95810,1648
11647,1840,6056
11648,66647,2180
11649,42797,2548
11650,39113,1358
11651,91715,2674
11652,21302,1775
11653,7943,1970
11654,4210,3776
11655,3312,1230
11656,72219,2034
11657,84149,1850
11658,90777,1853
11659,17922,3586
11660,80233,2095
11661,86936,2600
11662,66331,2845
11663,32801,1383
11664,44007,1694
11665,23856,2218
11666,50280,2336
11667,8259,1244
11668,84427,2350
11669,36961,2919
11670,88464,1606
11671,27753,1577
11672,17501,2319
11673,13183,2074
11674,81128,2716
11675,74747,3031
11676,98169,1894
11677,67600,1657
11678,36088,2085
11679,83541,1444
11680,72720,2272
11681,87068,2338
11682,38118,2386
11683,10951,1582
11684,29191,1420
11685,20963,2820
11686,65163,2102
11687,57742,2008
11688,94865,2054
11689,77856,1310
11690,11665,1662
11691,42939,1224
11692,19192,2188
11693,80268,1369
11694,76705,1935
11695,8756,1270
11696,89375,1330
11697,57929,2000
11698,70832,4859
11699,84227,2860
11700,28068,2290
11701,69150,1478
11702,85335,2031
11703,32672,2160
11704,35325,3878
11705,48006,1799
11706,48498,2880
11707,98852,1842
11708,49052,1439
11709,33967,1429
11710,83583,1837
11711,22804,2463
11712,79056,3041
11713,15592,2519
11714,77873,1454
11715,85088,2110
11716,43050,2193
11717,21598,2622
11718,29955,1452
11719,63895,3793
11720,87784,1464
11721,35579,1834
11722,99750,2740
11723,3971,1238
11724,99234,4320
11725,96956,1558
11726,2215,2656
11727,52283,3140
11728,8607,2085
11729,51651,3085
11730,14688,1389
11731,56667,1560
11732,76994,1879
11733,58380,1684
11734,99140,1627
11735,56494,2139
11736,79296,2104
11737,36797,3763
11738,67608,1254
11739,82929,1294
11740,84774,3264
11741,99239,1538
11742,1496,1540
11743,22927,1442
11744,61064,2291
11745,36289,1283
11746,49308,2307
11747,60752,1568
11748,27690,1774
11749,28057,1294
11750,39224,2270
11751,55482,2753
11752,84723,1915
11753,29283,1593
11754,29431,3376
11755,2262,1434
11756,53373,1597
11757,8912,1352
11758,95403,1867
11759,37811,3687
11760,50461,1259
11761,76815,1609
11762,78871,2107
11763,80617,1495
11764,52409,2628
11765,50332,1252
11766,44613,2308
11767,54286,1408
11768,39344,2675
11769,6221,2316
11770,85238,2774
11771,9992,1662
11772,57639,1309
11773,87116,2001
11774,8589,1307
11775,79039,2307
11776,70184,1551
11777,99884,1908
11778,5004,1827
11779,90183,2544
11780,28871,1222
11781,69907,1789
11782,58101,3790
11783,40005,1700
11784,64517,1677
11785,56753,1298
11786,96177,1524
11787,36286,1688
11788,1775,1271
11789,93204,2654
11790,32228,1756
11791,68759,2226
11792,60236,1403
11793,67263,1435
11794,93365,1201
11795,7027,3252
11796,55508,1842
11797,40297,2753
11798,25986,2156
11799,48271,2660
11800,85559,2161
11801,50656,2043
11802,32770,1232
11803,10964,2476
11804,55561,1968
11805,22898,3063
11806,6067,3866
11807,67227,1918
11808,18942,2223
11809,83339,1655
11810,57923,1864
11811,24584,2454
11812,44315,1713
11813,80772,1835
11814,15653,2261
11815,47781,1308
11816,29658,1590
11817,88319,2526
11818,372,1510
11819,69974,2422
11820,82845,2391
11821,7280,2934
11822,56294,1774
11823,83580,2990
11824,64963,1911
11825,82400,2062
11826,78490,2048
11827,60017,1679
11828,41195,4071
11829,70640,3690
11830,47951,2537
11831,70119,1342
11832,23252,1338
11833,39696,2181
11834,11740,1348
11835,93903,1445
11836,41403,4419
11837,51620,1461
11838,93281,1929
11839,89882,1654
11840,14432,1831
11841,94085,1920
11842,21048,1729
11843,43518,2148
11844,23350,1221
11845,64174,1608
11846,46431,1275
11847,4179,1541
11848,90453,2071
11849,36821,1682
11850,70232,2852
11851,23947,1590
11852,35715,2834
11853,23894,1437
11854,30968,1940
11855,63430,1297
11856,14452,3164
11857,36695,2232
11858,85971,1997
11859,46226,1880
11860,76358,2336
11861,82027,1581
11862,78992,3428
11863,43114,1835
11864,24595,2671
11865,21979,1736
11866,23870,1387
11867,20912,2234
11868,99504,1408
11869,78688,2326
11870,81453,2494
11871,96541,1391
11872,22733,1205
11873,80310,1781
11874,54100,2917
11875,10559,1638
11876,8913,1433
11877,47023,1304
11878,26052,2284
11879,8824,1361
11880,37257,1638
11881,62692,1644
11882,61331,3643
11883,54758,1216
11884,84897,1312
11885,85560,1909
11886,28261,1671
11887,39842,1340
11888,19571,3106
11889,23321,3669
11890,86613,1829
11891,15292,1669
11892,35101,5139
11893,85602,3064
11894,59715,1375
11895,55211,1743
11896,54038,2253
11897,82473,1721
11898,44845,1412
11899,2890,3097
11900,55934,1266
11901,3064,2348
11902,83859,1279
11903,71615,3002
11904,93758,2739
11905,5812,2027
11906,81087,1488
11907,49930,2262
11908,52315,1826
11909,84661,2476
11910,22995,3027
11911,6882,2394
11912,64641,1681
11913,94827,1691
11914,27682,2061
11915,31116,1832
11916,50289,2172
11917,96425,1694
11918,35513,1268
11919,18031,2207
11920,92100,2484
11921,24372,1228
11922,47965,1711
11923,37150,1372
11924,70025,1490
11925,5716,3032
11926,23463,1828
11927,88449,1367
11928,81948,1755
11929,64374,2214
11930,63159,3315
11931,51513,1963
11932,91598,1737
11933,20865,2498
11934,1813,2113
11935,65199,2282
11936,71467,2861
11937,40726,1604
11938,2115,2661
11939,61954,1324
11940,31364,1399
11941,88202,1997
11942,72080,1335
11943,75512,2696
11944,66221,1227
11945,22983,1706
11946,3562,2685
11947,176,1344
11948,28387,2706
11949,22639,2125
11950,90744,2249
11951,14943,3701
11952,96193,1548
11953,29840,3720
11954,3332,4879
11955,71236,2673
11956,22397,2620
11957,9982,1482
11958,44176,1246
11959,77642,3287
11960,30535,2871
11961,60882,1938
11962,70319,2066
11963,45653,1359
11964,48647,2613
11965,10134,1698
11966,91079,1493
11967,55196,2465
11968,9429,1966
11969,98767,2223
11970,68630,1510
11971,29194,1500
11972,33557,2333
11973,40044,2616
11974,70329,3470
11975,69659,4127
11976,4079,1753
11977,61540,2586
11978,73949,2607
11979,6473,3639
11980,10765,1473
11981,59858,2219
11982,44847,1492
11983,38941,2593
11984,95719,1434
11985,34253,3614
11986,24255,2663
11987,25811,1425
11988,51641,2076
11989,6339,2652
11990,12130,1352
11991,78055,1229
11992,75390,1890
11993,42099,1371
11994,83842,2470
11995,20538,1389
11996,77074,2531
11997,34313,2951
11998,44310,1763
11999,6515,1533
12000,72374,1982
12001,71043,4150
12002,34407,2675
12003,89281,2146
12004,9341,2061
12005,29994,1275
12006,56063,2590
12007,31139,2219
12008,12712,2113
12009,13678,2022
12010,53560,9030
12011,91408,1467
12012,20772,2188
12013,80059,1648
12014,30503,1336
12015,14989,2622
12016,42481,1288
12017,37353,2925
12018,92082,2378
12019,38224,1379
12020,39929,1604
12021,68357,2597
12022,7355,2845
12023,1126,1906
12024,65527,2314
12025,93325,2245
12026,12811,1294
12027,43038,2182
12028,10954,2020
12029,48359,1318
12030,45281,1272
12031,54168,2752
12032,58005,3109
12033,71166,2098
12034,17910,2287
12035,64437,2453
12036,24605,1322
12037,21117,1229
12038,2647,1805
12039,68868,5150
12040,14307,1499
12041,74907,1972
12042,84153,2574
12043,58486,5480
12044,97777,2985
12045,70256,2064
12046,3529,3552
12047,76032,2019
12048,98364,1780
12049,28469,2224
12050,41964,2307
12051,64113,2501
12052,21532,2346
12053,94117,1616
12054,69536,1994
12055,23463,1778
12056,17656,1523
12057,46176,1965
12058,60608,1863
12059,6511,1897
12060,98869,1358
12061,45380,3398
12062,57079,1624
12063,68263,2907
12064,25262,2750
12065,67465,2182
12066,16733,2000
12067,16050,1566
12068,8910,1449
12069,46755,2048
12070,1465,1240
12071,48661,1876
12072,77066,1664
12073,70851,1305
12074,58381,1462
12075,46926,1748
12076,14764,2267
12077,94818,1251
12078,88941,3307
12079,41101,2829
12080,12852,2658
12081,45201,1560
12082,37121,1550
12083,75122,2310
12084,52579,1652
12085,10333,1484
12086,78869,1275
12087,46509,2398
12088,25751,1782
12089,93909,2928
12090,51247,1443
12091,84071,4648
12092,87337,3344
12093,4742,1322
12094,20682,1743
12095,1506,1996
12096,3315,1419
12097,31926,2883
12098,45880,1279
12099,19416,2800
12100,31057,1560
12101,18727,2229
12102,69995,2301
12103,9159,1652
12104,39968,2519
12105,28865,2342
12106,14043,1201
12107,25288,1473
12108,14086,1927
12109,77060,1546
12110,53797,1588
12111,84373,3386
12112,610,4694
12113,37410,1359
12114,99583,1295
12115,46528,1443
12116,31276,2193
12117,47440,1320
12118,4590,1433
12119,130,2415
12120,81386,4299
12121,75236,3968
12122,46682,2299
12123,9012,1221
12124,75949,3404
12125,34,1864
12126,2417,2303
12127,78659,1511
12128,3832,3563
12129,72993,1343
12130,82826,1662
12131,88662,2478
12132,95786,1308
12133,61543,3216
12134,13465,1261
12135,66636,1331
12136,2012,2862
12137,66958,1340
12138,76460,2058
12139,76547,1260
12140,56723,3372
12141,75955,1504
12142,84418,1432
12143,82923,10291
12144,86730,1544
12145,34001,1933
12146,96060,1916
12147,1166,2016
12148,1039,1866
12149,15589,2198
12150,14343,1583
12151,29123,5011
12152,28316,2603
12153,93851,3227
12154,4832,1509
12155,29572,1544
12156,29356,2300
12157,5036,2771
12158,30045,1290
12159,75583,1340
12160,20217,1329
12161,9752,1419
12162,27269,1596
12163,9653,2750
12164,86861,2127
12165,3295,2852
12166,12011,1728
12167,19134,1204
12168,1760,1758
12169,74478,2867
12170,93771,2314
12171,91450,1672
12172,46230,1315
12173,79979,3283
12174,25814,1660
12175,38017,6031
12176,68554,2956
12177,73507,1208
12178,79724,3098
12179,66153,1457
12180,67698,2350
12181,26832,1864
12182,97183,1779
12183,8673,1495
12184,31281,1967
12185,42382,2181
12186,4264,2077
12187,90014,2907
12188,63014,1825
12189,89734,1274
12190,77153,2726
12191,26968,1312
12192,25601,2799
12193,67037,2225
12194,67925,2658
12195,70729,2115
12196,80239,3632
12197,14094,1472
12198,84316,2685
12199,19932,1288
12200,80894,2365
12201,96793,3098
12202,36745,1823
12203,27527,1813
12204,75650,3291
12205,28794,2285
12206,32491,4136
12207,23549,1660
12208,10091,1984
12209,67756,1567
12210,27754,2765
12211,43712,1532
12212,60078,1367
12213,21675,7391
12214,68820,3610
12215,35311,2877
12216,52504,1885
12217,64893,3012
12218,90441,1260
12219,82541,1297
12220,170,1669
12221,46071,1430
12222,33495,2196
12223,46404,2844
12224,52982,2386
12225,62419,4853
12226,42649,2716
12227,56771,2005
12228,80429,1774
12229,65493,3539
12230,52450,1421
12231,29888,4874
12232,71153,2288
12233,28579,1685
12234,80481,2167
12235,49467,2537
12236,65258,3276
12237,24318,1932
12238,97031,1688
12239,19715,1459
12240,84517,1305
12241,57367,2424
12242,94708,2276
12243,77352,1404
12244,40350,2083
12245,34679,2384
12246,60863,1601
12247,96028,1741
12248,37495,2855
12249,1185,1593
12250,78303,1860
12251,11435,1447
12252,29037,2488
12253,89010,1247
12254,68403,1886
12255,42751,2328
12256,35654,1865
12257,17657,3054
12258,22068,2474
12259,25825,2547
12260,30099,1522
12261,11776,2268
12262,68752,2199
12263,7312,1725
12264,39562,2196
12265,1433,1809
12266,91981,1413
12267,69997,2648
12268,57650,2102
12269,41030,1201
12270,54932,2556
12271,52841,3065
12272,71705,2071
12273,30156,1477
12274,57518,2731
12275,36826,1258
12276,53042,2666
12277,96926,2233
12278,21147,1940
12279,64788,1325
12280,11582,1366
12281,66139,2965
12282,81402,2131
12283,18964,1503
12284,81240,1244
12285,33623,1217
12286,17763,1295
12287,95219,3092
12288,54457,2098
12289,39922,1519
12290,79731,2148
12291,95739,2181
12292,11126,2373
12293,95898,2303
12294,25981,1807
12295,27668,1794
12296,89819,1776
12297,63629,2283
12298,86323,2112
12299,66796,2428
12300,54639,1236
12301,74804,1806
12302,72750,2655
12303,10528,1546
12304,88042,1569
12305,35508,1258
12306,13911,2570
12307,31960,1652
12308,21364,1456
12309,45757,1216
12310,66364,1723
12311,3803,1628
12312,10447,2005
12313,29458,2713
12314,54254,1928
12315,64541,2080
12316,9122,3204
12317,61709,1282
12318,68602,2057
12319,62100,1385
12320,1431,1525
12321,34468,1663
12322,34930,2883
12323,95854,2545
12324,31748,2278
12325,15502,1260
12326,66493,1468
12327,61800,1771
12328,73844,2719
12329,65456,1791
12330,77785,1656
12331,95929,1234
12332,64820,2183
12333,15811,4299
12334,96203,3186
12335,28912,1489
12336,14477,1549
12337,16917,1694
12338,83355,1778
12339,95500,2054
12340,25198,2448
12341,79536,1728
12342,52903,1559
12343,22405,1541
12344,39053,1297
12345,33796,2738
12346,90275,1707
12347,331,3132
12348,47365,2808
12349,21991,1472
12350,65035,1253
12351,52491,2322
12352,10911,3254
12353,62284,3818
12354,61854,5038
12355,46481,3763
12356,63682,1230
12357,7101,2298
12358,95797,1679
12359,15376,1385
12360,95661,1592
12361,46763,2346
12362,41961,1752
12363,26951,2830
12364,30689,1584
12365,26614,1802
12366,7694,1451
12367,64528,2103
12368,94955,1696
12369,42782,3144
12370,97197,2103
12371,43250,2566
12372,56294,4335
12373,46533,1624
12374,4027,1337
12375,5502,3088
12376,69209,1490
12377,53140,2367
12378,98902,2587
12379,68468,3150
12380,25348,2416
12381,37800,2027
12382,2214,1930
12383,72602,1422
12384,11760,1235
12385,1516,3170
12386,6714,1471
12387,75493,1229
12388,86511,5245
12389,84714,1911
12390,95175,2620
12391,2303,1627
12392,60452,4136
12393,38073,1525
12394,72071,1784
12395,36733,1371
12396,66579,2021
12397,14958,1594
12398,82638,1780
12399,594,1365
12400,60856,1571
12401,66626,1442
12402,61121,1911
12403,9195,3874
12404,71947,1415
12405,50936,2955
12406,50908,1494
12407,19228,2732
12408,46500,2673
12409,87334,1693
12410,52713,1965
12411,23258,1928
12412,14783,1785
12413,74189,3589
12414,52875,1372
12415,30964,1950
12416,81181,1575
12417,27630,1888
12418,17938,1771
12419,6998,2698
12420,24098,2838
12421,55362,1909
12422,74039,2961
12423,54209,1306
12424,92315,1242
12425,42634,4142
12426,39586,2360
12427,76442,1749
12428,1206,2330
12429,34335,1587
12430,25376,1737
12431,94828,1899
12432,70441,1657
12433,5512,8586
12434,79525,2319
12435,2680,1335
12436,69173,1362
12437,46239,6664
12438,77107,2734
12439,28362,2118
12440,50780,2686
12441,7892,1297
12442,99598,1536
12443,19699,1289
12444,92666,2637
12445,95136,1800
12446,16611,1265
12447,55215,2660
12448,44711,3724
12449,87240,1919
12450,61348,3819
12451,64893,2234
12452,54128,1868
12453,13611,3552
12454,75758,1756
12455,81125,3432
12456,62694,2771
12457,28721,2293
12458,52872,4107
12459,1065,1652
12460,72037,2026
12461,11339,1821
12462,21095,2518
12463,28635,2285
12464,78852,1461
12465,95490,1747
12466,95558,1232
12467,82139,1389
12468,79736,1314
12469,97716,1429
12470,27749,2066
12471,33327,5198
12472,56257,2113
12473,71746,1703
12474,82454,1809
12475,51509,1810
12476,39511,1255
12477,23979,1502
12478,19805,1524
12479,63430,3554
12480,70364,1988
12481,37003,1725
12482,30008,1917
12483,77832,2087
12484,55180,2826
12485,3771,2811
12486,82170,2567
12487,3259,2081
12488,41708,1823
12489,49040,1513
12490,95762,1491
12491,1693,2058
12492,33554,2750
12493,77592,2145
12494,35800,2953
12495,97738,1654
12496,87197,3088
12497,36576,3549
12498,28056,1921
12499,99922,1822
12500,31204,2995
12501,73481,1263
12502,76292,1462
12503,26622,2804
12504,8945,2617
12505,98475,2701
12506,12254,4039
12507,36317,2420
12508,69284,2783
12509,66810,1591
12510,98090,3521
12511,34320,2027
12512,36944,1683
12513,71585,1439
12514,12195,2573
12515,71477,1208
12516,60155,2359
12517,13392,2763
12518,84948,2247
12519,16262,5801
12520,17612,1357
12521,70208,2121
12522,54349,1589
12523,30674,1776
12524,6421,1408
12525,86646,1583
12526,68365,1978
12527,66402,1891
12528,50231,3049
12529,16641,2197
12530,70346,1761
12531,28718,2280
12532,71671,2830
12533,90536,2040
12534,13612,1762
12535,50397,3132
12536,328,2010
12537,27522,1984
12538,56111,2210
12539,85984,1267
12540,35475,1641
12541,42930,1879
12542,67617,2718
12543,29982,2357
12544,31268,2618
12545,96191,2242
12546,20501,1446
12547,5448,1861
12548,37268,2230
12549,12968,1859
12550,75816,4926
12551,85087,1357
12552,30890,1582
12553,72605,1259
12554,9378,1375
12555,51398,1881
12556,92454,1627
12557,70437,3544
12558,85703,2206
12559,27042,2160
12560,96542,1217
12561,3067,1813
12562,45167,1206
12563,24286,1380
12564,41330,1751
12565,79485,2674
12566,45840,2350
12567,3998,2313
12568,67619,1351
12569,2666,2636
12570,86358,1448
12571,4944,2578
12572,28559,2241
12573,71397,1821
12574,25578,1532
12575,28445,1923
12576,50328,2489
12577,86972,4100
12578,26831,1208
12579,79079,1695
12580,56240,2915
12581,51591,1828
12582,93141,1359
12583,44872,2836
12584,31683,3023
12585,90592,2963
12586,77353,2629
12587,52815,1802
12588,8546,1667
12589,13551,2133
12590,39505,1680
12591,3178,2578
12592,68301,1663
12593,96891,2766
12594,64316,1870
12595,24294,3411
12596,11679,1223
12597,79791,1732
12598,4132,6571
12599,64398,1311
12600,7696,4019
12601,67561,2167
12602,55940,1704
12603,32706,3080
12604,2149,1344
12605,6696,2587
12606,9867,1495
12607,60306,1420
12608,78923,2510
12609,30328,1676
12610,93548,1573
12611,77074,1944
12612,82405,1441
12613,64472,2208
12614,28460,2281
12615,81911,2110
12616,84878,2696
12617,57425,1723
12618,81757,2580
12619,36840,1637
12620,57632,3782
12621,46926,2918
12622,78260,1651
12623,43381,2513
12624,26679,1327
12625,20236,1301
12626,74001,1919
12627,20024,4664
12628,78432,1399
12629,21097,1778
12630,12180,2401
12631,51536,1968
12632,28063,1466
12633,97907,2514
12634,89293,2450
12635,57894,1226
12636,29293,2440
12637,53836,1645
12638,86806,2190
12639,37909,2439
12640,12593,1789
12641,84887,2849
12642,62947,1693
12643,62122,2820
12644,65565,1339
12645,76122,1919
12646,78164,1664
12647,49640,1755
12648,4567,1850
12649,63913,1771
12650,75730,1363
12651,81706,1491
12652,91670,1773
12653,56208,1317
12654,33816,7024
12655,96772,3498
12656,69572,1367
12657,14273,1350
12658,58243,1790
12659,30620,3216
12660,78075,1234
12661,79460,1324
12662,46599,2123
12663,42426,2016
12664,83682,2123
12665,56352,2595
12666,35607,1328
12667,98618,1353
12668,98803,2670
12669,62276,2054
12670,76469,2240
12671,25352,1280
12672,45417,1969
12673,5047,1428
12674,17190,1304
12675,19052,1964
12676,17776,1475
12677,63087,1461
12678,11865,1768
12679,84985,1356
12680,34566,1854
12681,7495,2429
12682,11983,1867
12683,39611,2120
12684,51197,2079
12685,18496,1607
12686,98739,2670
12687,4817,2038
12688,2544,2014
12689,96733,6327
12690,81826,2800
12691,60264,2113
12692,76122,1439
12693,5961,3990
12694,71570,2206
12695,71897,1942
12696,96473,2178
12697,50831,1323
12698,78715,1594
12699,61396,2652
12700,93837,1400
12701,703,1951
12702,51088,2820
12703,80342,1598
12704,39156,6925
12705,93400,1802
12706,78950,2391
12707,55165,1834
12708,32707,2130
12709,51512,2441
12710,67891,2925
12711,35681,3193
12712,15529,1310
12713,48163,2026
12714,12951,1552
12715,50548,1886
12716,37194,1662
12717,97562,1913
12718,70123,2856
12719,90107,1723
12720,88498,1494
12721,39856,1770
12722,97605,2833
12723,52956,1482
12724,31156,1717
12725,19841,3224
12726,38131,2754
12727,23462,2950
12728,31008,3121
12729,25294,2530
12730,91221,1720
12731,19698,2629
12732,85224,2895
12733,85586,1724
12734,53496,2510
12735,70432,3440
12736,55504,3808
12737,32395,2056
12738,13454,2132
12739,1214,2165
12740,5848,3067
12741,86498,2774
12742,17841,3085
12743,77318,2278
12744,41680,2816
12745,7846,3386
12746,88221,2234
12747,54975,2580
12748,28500,2880
12749,63126,1694
12750,48430,1635
12751,65554,2295
12752,56133,5880
12753,41764,2646
12754,65603,1519
12755,61773,1396
12756,74446,1853
12757,34502,3452
12758,79009,1535
12759,90095,1360
12760,81394,3557
12761,20432,2018
12762,69983,3074
12763,73394,1539
12764,5092,2772
12765,75958,2763
12766,89317,2811
12767,1061,2783
12768,73516,2409
12769,412,2718
12770,31046,1280
12771,33880,1963
12772,87486,1553
12773,91117,1385
12774,10569,1732
12775,5101,1555
12776,28079,1775
12777,17354,2156
12778,10728,2406
12779,35377,1744
12780,69635,1417
12781,56056,4447
12782,12786,2780
12783,26413,3096
12784,72559,2621
12785,26144,2033
12786,69062,1917
12787,99734,1258
12788,77442,2820
12789,37951,1626
12790,78012,1270
12791,90832,1896
12792,67793,2146
12793,96705,2401
12794,49340,2341
12795,54079,1282
12796,93990,2456
12797,17681,2250
12798,72287,1229
12799,49848,4321
12800,51994,1647
12801,47912,2447
12802,65410,1925
12803,8719,1820
12804,36740,1736
12805,3500,1761
12806,31354,1238
12807,16543,2140
12808,78007,2583
12809,99891,2966
12810,2501,5822
12811,67198,2942
12812,98368,2584
12813,49936,1780
12814,29197,3394
12815,77987,1592
12816,37330,2006
12817,20539,1539
12818,33705,2842
12819,92837,1561
12820,41709,1553
12821,73036,1530
12822,78541,1264
12823,67275,2150
12824,76460,1331
12825,30596,2405
12826,6580,2060
12827,3005,1554
12828,23608,1232
12829,99623,3137
12830,86763,2107
12831,32517,4294
12832,86020,2769
12833,209,2367
12834,58735,2074
12835,55998,2120
12836,17818,2203
12837,37847,1453
12838,15520,2876
12839,98687,1381
12840,10304,1265
12841,44317,2432
12842,99611,3422
12843,48580,1950
12844,9028,1804
12845,56059,1339
12846,5004,1954
12847,90121,1675
12848,33506,3040
12849,4058,3216
12850,14786,2650
12851,75316,2052
12852,22468,2753
12853,13053,1435
12854,73165,1531
12855,72386,1461
12856,38309,2686
12857,38415,1309
12858,46840,1889
12859,67169,2422
12860,48671,3534
12861,65388,1700
12862,19205,2052
12863,3587,2244
12864,65579,3728
12865,59370,1902
12866,50139,3908
12867,47605,1994
12868,26578,1372
12869,44805,5486
12870,90440,1938
12871,16258,3350
12872,82889,3375
12873,20529,1429
12874,57594,2147
12875,65655,1629
12876,57653,1686
12877,36262,1946
12878,15550,2789
12879,27406,5161
12880,92250,1430
12881,58305,2212
12882,97397,2404
12883,74956,1895
12884,36986,7433
12885,14846,1314
12886,98608,2239
12887,27830,1329
12888,7448,1472
12889,12802,2400
12890,1219,3016
12891,84970,2949
12892,91759,2240
12893,61628,1424
12894,24396,1504
12895,8060,1539
12896,95738,2062
12897,9251,1447
12898,86375,3044
12899,13129,1336
12900,77208,1721
12901,23647,1404
12902,2564,1887
12903,32966,1890
12904,42502,4702
12905,82346,2413
12906,49191,2017
12907,79103,1798
12908,62970,2398
12909,23526,2564
12910,65752,1469
12911,22541,1803
12912,5256,2677
12913,53309,1340
12914,33388,1852
12915,26063,2148
12916,95647,1734
12917,96546,2130
12918,90328,2392
12919,34000,4119
12920,84046,1757
12921,54533,1298
12922,57917,3126
12923,43904,1911
12924,40380,2497
12925,12586,3514
12926,80403,2085
12927,29062,1473
12928,14462,2739
12929,68712,1832
12930,59293,1371
12931,21747,2451
12932,13731,2420
12933,1262,1257
12934,43861,1370
12935,3432,1623
12936,96419,2256
12937,48501,2337
12938,58776,1324
12939,57875,1500
12940,32553,1566
12941,38343,3287
12942,16611,2978
12943,83415,1817
12944,88640,2915
12945,79136,1830
12946,61892,5345
12947,19066,2196
12948,35725,2819
12949,81294,2161
12950,24294,1418
12951,88195,2146
12952,18274,2075
12953,82049,1425
12954,85017,3048
12955,84430,3742
12956,31511,3317
12957,59622,1333
12958,65700,1574
12959,7421,1917
12960,3373,1349
12961,94336,2023
12962,8768,1510
12963,59284,2197
12964,81217,1859
12965,6248,2313
12966,45668,2597
12967,2946,1721
12968,26236,1901
12969,28982,3082
12970,36527,1829
12971,18391,3524
12972,18590,1871
12973,2344,1722
12974,85515,2158
12975,99190,1405
12976,58818,1330
12977,8837,2542
12978,90383,3463
12979,87061,1495
12980,21210,2776
12981,13050,1433
12982,48975,3060
12983,62675,2042
12984,10888,1290
12985,19568,1985
12986,79512,2322
12987,63476,1861
12988,31262,1929
12989,89810,2560
12990,71989,1570
12991,26679,2524
12992,31153,2935
12993,25286,1373
12994,46263,1775
12995,25649,1610
12996,8365,2043
12997,31657,4429
12998,82704,2492
12999,15674,2187
13000,80278,2704
13001,38837,3770
13002,24767,2714
13003,39884,3515
13004,43771,2711
13005,29336,2715
13006,54354,2147
13007,7291,2037
13008,386,1866
13009,8623,1695
13010,21684,1652
13011,71548,1904
13012,12152,1541
13013,95181,1947
13014,79784,1747
13015,78783,1781
13016,55834,3519
13017,82164,1411
13018,68080,2924
13019,53847,2301
13020,28864,3387
13021,80927,2675
13022,71292,2839
13023,86447,2530
13024,77223,1748
13025,89163,1977
13026,41098,4116
13027,35666,3430
13028,21736,1300
13029,33241,1337
13030,42035,2918
13031,79414,2089
13032,81712,1258
13033,33151,2227
13034,37907,3432
13035,45055,2266
13036,23484,1612
13037,11864,1475
13038,48263,2631
13039,74920,1555
13040,78631,1446
13041,31569,1241
13042,15046,1760
13043,19432,1483
13044,82265,1499
13045,25051,1755
13046,82399,3150
13047,76720,1265
13048,46665,2644
13049,53463,1568
13050,92464,1209
13051,84263,8907
13052,55808,2163
13053,81133,2551
13054,32400,2753
13055,98379,1310
13056,75974,1406
13057,73810,1566
13058,24022,1837
13059,56648,1236
13060,55598,1508
13061,98498,2042
13062,72784,2130
13063,62549,5465
13064,10908,1466
13065,13048,2081
13066,24266,2381
13067,9241,1609
13068,1313,6461
13069,77851,2622
13070,44970,1818
13071,20922,2309
13072,82456,1919
13073,29776,1441
13074,49350,1616
13075,70868,2620
13076,93570,1296
13077,13154,2256
13078,44506,1825
13079,12915,2611
13080,16332,4352
13081,47502,4012
13082,82919,1910
13083,52952,4156
13084,67262,2299
13085,59003,2010
13086,79206,1386
13087,30359,2347
13088,57555,1478
13089,46346,2073
13090,60763,1624
13091,98914,2036
13092,65233,1827
13093,41432,2216
13094,88158,2393
13095,44690,2422
13096,66367,1968
13097,28690,1371
13098,65384,4420
13099,93229,2030
13100,82326,1502
13101,58089,2211
13102,15286,2069
13103,66479,4820
13104,47025,1792
13105,46312,1922
13106,1750,2501
13107,12672,1376
13108,37745,2911
13109,26704,1711
13110,28186,2154
13111,36240,1782
13112,12499,2110
13113,79840,2058
13114,16980,2635
13115,92851,1704
13116,66788,2317
13117,19517,1204
13118,8513,2104
13119,28893,1307
13120,95078,2913
13121,1855,1947
13122,54879,2490
13123,75099,3171
13124,91068,3948
13125,58983,1877
13126,66007,2957
13127,2270,2178
13128,77362,1583
13129,70994,2337
13130,46391,1213
13131,14050,2098
13132,5981,2691
13133,33752,1413
13134,27491,3349
13135,2518,2103
13136,40455,1282
13137,24113,1864
13138,411,2141
13139,85203,4912
13140,48628,1431
13141,3000,1748
13142,11039,1414
13143,11440,2950
13144,2131,1738
13145,63251,3437
13146,16473,2028
13147,45530,2609
13148,57103,1746
13149,73394,1260
13150,4513,2387
13151,42275,2941
13152,87732,2149
13153,94532,3007
13154,60082,1226
13155,21208,1430
13156,72226,1529
13157,7278,1225
13158,68737,2568
13159,38536,2144
13160,93958,1366
13161,24098,3167
13162,46908,3189
13163,1145,2866
13164,45984,2267
13165,80879,2389
13166,27480,1320
13167,80853,1613
13168,27948,2069
13169,48510,1689
13170,1888,2488
13171,55965,1317
13172,27342,2874
13173,93691,2135
13174,93470,1262
13175,44263,2680
13176,55593,1837
13177,78740,1445
13178,3689,1299
13179,60964,2888
13180,99998,1733
13181,78931,1375
13182,8806,2530
13183,37422,2418
13184,77001,2220
13185,45351,2726
13186,92918,2184
13187,64999,1243
13188,86281,2750
13189,59816,2053
13190,38278,1820
13191,97351,1784
13192,65121,1223
13193,41702,1572
13194,69852,1329
13195,84952,3365
13196,98461,2730
13197,94437,3851
13198,53285,2608
13199,32718,2088
13200,23000,2062
13201,94238,1846
13202,74204,1801
13203,22010,2864
13204,97365,1356
13205,83819,4182
13206,35572,2370
13207,44665,1550
13208,71566,1467
13209,33295,3659
13210,32831,1322
13211,34949,2619
13212,57306,2053
13213,26179,1460
13214,86984,1206
13215,62476,1942
13216,11449,1477
13217,28545,2093
13218,89929,2267
13219,59400,1626
13220,36866,2051
13221,25968,3507
13222,57617,1366
13223,70177,2058
13224,5045,2465
13225,86782,1612
13226,65473,3464
13227,76981,2018
13228,69383,4067
13229,88280,1977
13230,53681,1614
13231,86883,1442
13232,67644,2420
13233,36599,2728
13234,35124,2495
13235,43173,3284
13236,83049,1995
13237,20017,1987
13238,66017,2112
13239,56188,2386
13240,537,1839
13241,69345,1334
13242,37194,2267
13243,47178,1889
13244,4305,1538
13245,61850,3578
13246,69673,1409
13247,64362,2136
13248,42656,1436
13249,9402,2619
13250,98218,1850
13251,84469,1983
13252,38497,2582
13253,63788,14559
13254,45373,2273
13255,90772,3068
13256,83628,3144
13257,41227,2090
13258,43088,3370
13259,79376,1867
13260,5662,2074
13261,34007,1896
13262,2207,1355
13263,56442,3258
13264,60177,1788
13265,48515,2346
13266,10468,1809
13267,57625,1428
13268,1685,1293
13269,30674,1202
13270,97042,1933
13271,55067,4617
13272,50614,1433
13273,23540,2364
13274,17393,2150
13275,97873,3143
13276,25628,1844
13277,36413,1294
13278,10323,1730
13279,35942,1969
13280,52293,1346
13281,56868,2058
13282,97334,2407
13283,93978,3405
13284,27611,1428
13285,4018,1412
13286,15792,2187
13287,25328,3980
13288,32666,1580
13289,1812,1727
13290,40580,1693
13291,18830,2118
13292,31727,2205
13293,64531,1349
13294,54222,1258
13295,78375,2326
13296,88300,1597
13297,94532,2606
13298,74549,2344
13299,7176,2206
13300,17865,2064
13301,20469,2447
13302,19522,1352
13303,59285,1399
13304,49826,5083
13305,74088,1505
13306,44336,1327
13307,52312,2622
13308,91957,3165
13309,70391,1373
13310,93881,2308
13311,84530,2007
13312,80220,1697
13313,57000,1397
13314,74262,3043
13315,21134,2029
13316,62418,1347
13317,74418,1875
13318,78717,1744
13319,52438,1535
13320,72464,1708
13321,86736,2134
13322,9526,1619
13323,10249,2559
13324,39798,2138
13325,3157,1728
13326,26505,1406
13327,6475,3768
13328,46936,4033
13329,77177,2041
13330,40914,2279
13331,55038,2088
13332,49177,1426
13333,94506,2798
13334,4617,4717
13335,77042,1284
13336,99465,2563
13337,94015,1290
13338,57310,1558
13339,66808,2794
13340,22762,3131
13341,29027,1855
13342,55183,1765
13343,4789,4767
13344,91469,2773
13345,33139,2076
13346,47240,1300
13347,99518,1340
13348,78213,3088
13349,75032,1770
13350,99660,2927
13351,82558,2202
13352,10529,1427
13353,12562,1508
13354,92485,4404
13355,36909,2317
13356,99184,1642
13357,83552,2424
13358,9106,1742
13359,59372,1505
13360,610,2272
13361,47385,2487
13362,89957,4209
13363,66564,2080
13364,43894,1700
13365,29017,1504
13366,40641,1780
13367,80742,1778
13368,58830,2967
13369,94750,1514
13370,25632,1782
13371,58328,1893
13372,98243,1828
13373,48904,2018
13374,27194,1686
13375,90367,2961
13376,2279,1421
13377,43308,1553
13378,76912,1572
13379,88471,2902
13380,97779,2032
13381,2179,1234
13382,28393,1870
13383,88157,1317
13384,95356,1923
13385,20950,1257
13386,74420,3131
13387,99612,1408
13388,21124,1455
13389,7796,1818
13390,39893,2195
13391,40216,2744
13392,42353,1748
13393,32284,1788
13394,44878,2272
13395,74036,2093
13396,30767,2214
13397,18945,1872
13398,93209,3412
13399,78313,1342
13400,58825,2403
13401,4784,1204
13402,82016,1266
13403,59879,1702
13404,64330,1211
13405,69848,1944
13406,12269,1474
13407,37673,1728
13408,2332,1476
13409,65149,1756
13410,5892,2582
13411,91758,1611
13412,98693,2212
13413,31572,4692
13414,74186,3273
13415,36496,1243
13416,75153,1908
13417,51139,3791
13418,5219,2718
13419,71822,3521
13420,98816,2757
13421,91969,1301
13422,73147,1576
13423,14382,1567
13424,38717,2924
13425,25578,2911
13426,54333,1217
13427,99560,1468
13428,42513,2425
13429,42058,2621
13430,80265,1957
13431,65132,2211
13432,65701,1759
13433,30129,1296
13434,10728,1292
13435,34129,2708
13436,83205,1906
13437,69443,3274
13438,40,1943
13439,53521,1389
13440,93800,1797
13441,80403,10095
13442,10919,1595
13443,70706,1467
13444,63844,1245
13445,15788,1324
13446,12271,1464
13447,78632,2517
13448,10581,1716
13449,7088,1972
13450,95783,7347
13451,46051,1470
13452,51688,2266
13453,78096,1727
13454,11055,1632
13455,8379,5371
13456,72412,1855
13457,50860,2196
13458,4561,1448
13459,36260,1643
13460,67509,1656
13461,81599,1233
13462,38806,2125
13463,39521,2058
13464,57885,2422
13465,84907,3110
13466,50358,1446
13467,25102,2161
13468,14569,3615
13469,71236,1396
13470,83100,1520
13471,48390,1549
13472,76134,2825
13473,18035,4030
13474,74777,2285
13475,29912,3520
13476,45285,1892
13477,33700,1246
13478,78865,3055
13479,83112,2352
13480,94831,1832
13481,20706,1929
13482,75822,1730
13483,29450,1295
13484,35915,1834
13485,54193,3128
13486,6860,1500
13487,46985,1767
13488,18009,1248
13489,7140,2317
13490,76173,2101
13491,55012,1461
13492,21529,1647
13493,3657,1642
13494,6792,1470
13495,76966,1409
13496,22821,1626
13497,9596,2430
13498,85623,2430
13499,85490,1204
13500,74703,1373
13501,95650,1759
13502,85992,1460
13503,63819,1686
13504,48698,1216
13505,28247,1449
13506,75187,1921
13507,46437,1674
13508,46822,1618
13509,3187,2646
13510,54322,2472
13511,48713,2444
13512,16040,1749
13513,68408,2921
13514,35069,1684
13515,3440,2823
13516,72451,2512
13517,68825,2320
13518,85393,2355
13519,2851,5050
13520,40104,2993
13521,75842,3715
13522,24777,1468
13523,89269,1528
13524,28379,1252
13525,95505,2789
13526,74141,2425
13527,59362,1282
13528,77754,2600
13529,41501,3400
13530,99424,2275
13531,8620,3866
13532,34524,1647
13533,78908,1907
13534,14676,1520
13535,81294,1594
13536,64621,2941
13537,86068,1784
13538,53685,1452
13539,98848,1896
13540,94255,1484
13541,43148,2200
13542,99395,1306
13543,30138,2521
13544,87586,1309
13545,4570,1475
13546,58391,3113
13547,12685,1751
13548,4381,1422
13549,60779,2397
13550,87963,1931
13551,64199,2746
13552,28369,1704
13553,51264,1684
13554,86443,1505
13555,11881,2713
13556,55182,2588
13557,64407,1278
13558,79163,2194
13559,77462,2101
13560,60706,2472
13561,67579,2696
13562,78728,1887
13563,60742,1398
13564,2656,4636
13565,45457,2179
13566,1809,1309
13567,72489,2579
13568,32959,1538
13569,84553,4476
13570,9240,2092
13571,17614,2647
13572,79498,1209
13573,46168,2786
13574,21643,2753
13575,9242,1896
13576,17267,1719
13577,74405,1251
13578,14543,2867
13579,70833,2925
13580,73491,1682
13581,57935,1236
13582,82950,2906
13583,47954,3278
13584,50597,2024
13585,26452,2745
13586,79959,1274
13587,31175,2900
13588,6412,2759
13589,40667,2474
13590,60808,2867
13591,86973,2884
13592,61423,2364
13593,44538,3240
13594,57900,2524
13595,51469,3666
13596,52970,1364
13597,28429,2871
13598,20013,2300
13599,34567,2753
13600,97929,3473
13601,5182,2867
13602,6326,1323
13603,49181,2749
13604,71664,2789
13605,84103,1228
13606,9893,1613
13607,8261,1811
13608,61184,1861
13609,7431,2641
13610,38199,1399
13611,46475,1497
13612,48831,2551
13613,61695,2091
13614,68192,1669
13615,81139,2416
13616,24178,2008
13617,26237,2656
13618,53137,1304
13619,87437,1927
13620,13435,1344
13621,81730,2772
13622,38043,2464
13623,23855,1288
13624,3580,1978
13625,17324,1349
13626,4204,1748
13627,69609,3996
13628,34422,2158
13629,26811,1733
13630,51014,1504
13631,53952,1813
13632,55933,1269
13633,52619,1671
13634,35945,2740
13635,64350,2014
13636,83113,2114
13637,94045,1838
13638,28643,1685
13639,91346,3945
13640,56541,1436
13641,83353,5398
13642,48749,4968
13643,92747,2367
13644,18618,1698
13645,96364,1491
13646,26030,2652
13647,48727,1298
13648,76586,2399
13649,79280,1852
13650,53370,3413
13651,91639,1903
13652,81742,1883
13653,78394,2032
13654,12257,4690
13655,90485,1269
13656,40381,3587
13657,69891,1681
13658,56370,1421
13659,28336,2498
13660,38383,2238
13661,34862,2277
13662,81514,2113
13663,73880,1700
13664,50653,3802
13665,96547,1869
13666,25518,1673
13667,26759,2339
13668,79610,2407
13669,93143,1625
13670,14929,1872
13671,47392,3585
13672,23159,2666
13673,67489,2500
13674,1049,2783
13675,98057,1710
13676,54980,1290
13677,42852,2879
13678,27583,2145
13679,6422,2899
13680,81311,2326
13681,40043,1717
13682,93781,1242
13683,7299,3646
13684,85324,2540
13685,61796,1704
13686,73503,1401
13687,18255,1817
13688,18159,1436
13689,95370,2324
13690,58738,2676
13691,23639,2123
13692,72367,2307
13693,27997,2230
13694,91963,1261
13695,97134,1450
13696,51069,3115
13697,17411,3591
13698,32177,2994
13699,1921,1248
13700,45315,2700
13701,98694,1466
13702,76695,1878
13703,82347,3290
13704,48251,3082
13705,71723,6853
13706,49020,5106
13707,20905,1502
13708,45792,1728
13709,89884,1506
13710,78946,2119
13711,39563,2397
13712,97171,1862
13713,55244,1960
13714,61087,1877
13715,28639,2079
13716,85571,1531
13717,4388,6522
13718,77260,2632
13719,35345,1510
13720,99984,3234
13721,22244,1415
13722,56482,1968
13723,45142,1730
13724,83719,1747
13725,39888,2267
13726,91683,1323
13727,74381,2073
13728,42306,1817
13729,61647,2978
13730,58960,1960
13731,66515,4344
13732,46443,3721
13733,30353,2807
13734,42259,2277
13735,86686,1558
13736,92055,1954
13737,71412,2549
13738,18214,3487
13739,57593,1784
13740,16013,1259
13741,91964,2313
13742,44769,3151
13743,85619,1591
13744,40642,3178
13745,63905,2383
13746,41582,2490
13747,35591,3256
13748,62540,1871
13749,72388,1230
13750,15600,5311
13751,45363,2201
13752,45959,2576
13753,96739,2742
13754,86032,3032
13755,85138,1559
13756,76795,1365
13757,40854,2715
13758,99222,1641
13759,20329,1696
13760,25890,2007
13761,47223,2066
13762,12315,2758
13763,72365,1490
13764,55279,4864
13765,45772,2272
13766,80669,2706
13767,55639,8663
13768,5165,2586
13769,40816,2523
13770,93810,1889
13771,50813,1527
13772,80531,2714
13773,44299,2555
13774,55461,1840
13775,31265,3286
13776,54875,2131
13777,83105,2590
13778,15494,2523
13779,69060,2094
13780,5981,1319
13781,98545,3095
13782,49240,1483
13783,4887,2609
13784,49433,1694
13785,67250,1723
13786,88156,1862
13787,79836,1684
13788,96825,3155
13789,64827,2730
13790,39643,1500
13791,96790,1427
13792,84788,1404
13793,67188,6324
13794,94707,3178
13795,2467,3425
13796,33432,2181
13797,61541,2195
13798,59096,1222
13799,95124,1938
13800,24671,2439
13801,30501,1742
13802,93829,2768
13803,59236,3377
13804,22490,1777
13805,33094,2649
13806,60610,2249
13807,12411,1244
13808,41755,1513
13809,47974,1953
13810,24917,2292
13811,40510,2589
13812,43820,2091
13813,92278,2691
13814,27402,1822
13815,31069,1372
13816,82417,2332
13817,80106,1633
13818,71370,1584
13819,72188,2240
13820,74051,4934
13821,18520,2663
13822,11604,1489
13823,87717,2207
13824,12338,3705
13825,18687,1538
13826,24581,1744
13827,9995,1320
13828,63936,1836
13829,77960,1585
13830,16604,1741
13831,1394,2733
13832,42778,1896
13833,9647,1481
13834,44015,1629
13835,18250,2650
13836,55023,1223
13837,79175,2055
13838,70260,2829
13839,45159,1470
13840,6860,1847
13841,18433,1369
13842,89484,2516
13843,44832,3271
13844,54733,1263
13845,16479,2787
13846,16992,7743
13847,54769,2433
13848,22917,1226
13849,25598,1268
13850,35025,3618
13851,44873,1623
13852,39139,4976
13853,67484,1785
13854,40720,2652
13855,48716,1891
13856,47750,3188
13857,99542,1454
13858,33703,1580
13859,51265,3435
13860,26264,1220
13861,31918,2046
13862,33217,2057
13863,35938,2447
13864,94417,1349
13865,22674,3016
13866,29549,2865
13867,33624,1475
13868,99250,1652
13869,60172,3688
13870,44118,2350
13871,70000,1585
13872,19885,1455
13873,10875,1723
13874,29051,1838
13875,20457,1325
13876,76929,2315
13877,20925,2726
13878,51060,2540
13879,52419,2902
13880,95540,2366
13881,29654,1902
13882,88484,3766
13883,29104,1987
13884,20441,3308
